osm_id,code,fclass,name,geometry
150943454,2501,supermarket,California Oranges,POINT (-118.8280675 36.1012355)
212435197,2501,supermarket,Trader Joe's,POINT (-122.252612 37.8455422)
262936489,2501,supermarket,Lunardi's,POINT (-122.3849757 37.5945434)
266625620,2505,department_store,dd's Discounts,POINT (-122.0262864 37.3612614)
266630158,2501,supermarket,India Cash & Carry,POINT (-122.0056924 37.3513957)
266630161,2501,supermarket,Kumud Groceries,POINT (-122.0041823 37.3529854)
267618168,2511,convenience,,POINT (-122.3492848 37.5811296)
276558029,2511,convenience,Walgreens,POINT (-122.364388 37.5868207)
276563232,2501,supermarket,Lucky,POINT (-122.387455 37.5966691)
281870076,2511,convenience,Tresidder Marketplace,POINT (-122.171109 37.4244304)
286081303,2511,convenience,Shattuck Market,POINT (-122.267112 37.8650305)
290364717,2501,supermarket,Redwood Valley Market,POINT (-123.2043748 39.2648392)
293632937,2501,supermarket,Safeway,POINT (-122.3940709 37.7767776)
297818479,2511,convenience,7-Eleven,POINT (-122.303105 37.5547005)
297818716,2505,department_store,Ross,POINT (-122.3046329 37.5535845)
305597766,2501,supermarket,Nijiya Market,POINT (-122.3111453 37.5483584)
309331540,2501,supermarket,FoodMaxx,POINT (-121.998114 37.3539748)
310973094,2511,convenience,7-Eleven,POINT (-122.242103 37.7673947)
310973114,2501,supermarket,Alameda Natural Grocery,POINT (-122.2396875 37.7676863)
314151916,2501,supermarket,Andronico’s,POINT (-122.0968991 37.3607935)
314507874,2501,supermarket,Lucky,POINT (-123.2015312 39.1523364)
315635600,2501,supermarket,Windmill Market,POINT (-121.5351038 36.8411133)
316509283,2505,department_store,Big Lots,POINT (-121.560848 37.000353)
318539518,2511,convenience,Neil's Super Market,POINT (-121.5397885 36.8451236)
318886219,2511,convenience,7Palms,POINT (-122.2601951 37.8759462)
322989276,2511,convenience,Quest Mart,POINT (-123.2083563 39.1595488)
331090668,2511,convenience,Sun Valley Market,POINT (-121.648145 37.1214767)
331093436,2511,convenience,ampm,POINT (-121.6649491 37.1443375)
332111900,2501,supermarket,Cardenas,POINT (-121.5830607 37.0144001)
332112939,2501,supermarket,Nob Hill Foods,POINT (-121.5850776 37.0144)
332115052,2505,department_store,Sears Hometown,POINT (-121.5880736 37.0144226)
332492334,2511,convenience,Frinds Food N Liquor,POINT (-121.5622614 37.0023836)
332787306,2501,supermarket,Calmart,POINT (-122.4528047 37.786265)
340151571,2501,supermarket,Lucky,POINT (-122.0231979 37.5675185)
340311739,2511,convenience,Quik Stop,POINT (-121.576822 37.0197636)
343317788,2501,supermarket,Trader Joe's,POINT (-122.2995747 37.8988539)
343600298,2501,supermarket,Sprouts Farmers Market,POINT (-122.0302442 37.3675387)
345476776,2505,department_store,Ross,POINT (-122.096088 37.4194476)
346427267,2501,supermarket,99 Ranch Market,POINT (-122.076577 37.377664)
356578447,2501,supermarket,Tahoma Market and Deli,POINT (-120.130964 39.0685632)
357522348,2501,supermarket,Trader Joe's,POINT (-121.9324361 37.2882737)
357524353,2501,supermarket,Whole Foods Market,POINT (-121.9306159 37.2929549)
357600882,2501,supermarket,Nijiya Market,POINT (-122.0714464 37.3786706)
358763951,2501,supermarket,Kearney Palms Shopping Mall,POINT (-119.801533 36.7313378)
360462977,2511,convenience,Angel's Deli & Market,POINT (-122.4336596 37.7482363)
360463705,2511,convenience,Modern Market,POINT (-122.4269955 37.7484143)
363915431,2501,supermarket,Trader Joe's,POINT (-122.2443754 37.8099099)
365763046,2501,supermarket,Raley's,POINT (-120.0057267 38.9120046)
366352409,2511,convenience,The Den,POINT (-122.2563906 37.8669533)
373374203,2501,supermarket,Trader Joe's,POINT (-121.909507 37.3410206)
375960001,2511,convenience,Stinson Beach Market,POINT (-122.6399319 37.8987196)
384359194,2511,convenience,Star Market,POINT (-122.4146585 37.7864444)
385009952,2501,supermarket,Trader Joe's,POINT (-122.395901 37.6038042)
386843084,2501,supermarket,Pass Farmers Market,POINT (-121.4195769 36.9709942)
386909017,2505,department_store,Burlington,POINT (-121.559197 37.0004496)
387227570,2511,convenience,North Point Market,POINT (-122.4235144 37.8052324)
389391020,2505,department_store,Ross,POINT (-122.4055238 37.7857172)
389404007,2501,supermarket,Whole Foods Market,POINT (-122.3997789 37.7811499)
392774069,2511,convenience,Los Lomas Market,POINT (-121.7344735 36.8651453)
395031702,2505,department_store,Ross,POINT (-122.0284718 36.9838459)
400699340,2501,supermarket,Staff of Life,POINT (-122.0082911 36.9805889)
401461437,2511,convenience,Om's Market,POINT (-122.032207 36.9760263)
401461449,2511,convenience,7-Eleven,POINT (-122.049095 36.9602021)
401960167,2511,convenience,,POINT (-120.2662661 37.0831175)
405661849,2511,convenience,Metropolitan Market,POINT (-122.0249664 36.9708418)
409452170,2511,convenience,DJ's Mini Mart,POINT (-122.0141975 36.9818496)
411009092,2501,supermarket,CC Market,POINT (-124.1123834 40.5069211)
412212696,2528,greengrocer,Yasai Market,POINT (-122.2525355 37.8504283)
414150589,2501,supermarket,Hernandez Market,POINT (-122.0287856 36.9685655)
416779714,2501,supermarket,Marina Supermarket,POINT (-122.4416127 37.8000223)
416784221,2511,convenience,Marina Deli & Liquor,POINT (-122.4410436 37.8001107)
417709342,2511,convenience,Cedar Market,POINT (-122.2803493 37.876869)
421256658,2501,supermarket,Beach Market,POINT (-122.0178469 36.9653543)
421256660,2511,convenience,Circle Market,POINT (-122.0388429 36.9591062)
428114273,2511,convenience,7 Up Town Market,POINT (-122.274255 37.8062477)
429187144,2501,supermarket,Trader Joe's,POINT (-121.9942009 37.2930603)
431407465,2511,convenience,Deke's Market,POINT (-121.998181 36.9656703)
431420732,2511,convenience,7-Eleven,POINT (-121.979801 36.9892227)
431699198,2501,supermarket,Live Oak Super,POINT (-121.983443 36.975642)
431891127,2501,supermarket,Lucky,POINT (-121.829265 37.2501724)
435049430,2511,convenience,Smart Market,POINT (-122.2739556 37.8817119)
435104547,2501,supermarket,Tokyo Central,POINT (-122.0185478 37.3218846)
440393776,2501,supermarket,Grocery Outlet,POINT (-121.665448 36.8021003)
441286094,2511,convenience,7-Eleven,POINT (-122.4909621 37.6296201)
442197491,2501,supermarket,El Patio,POINT (-121.8627937 36.9371467)
442977041,2511,convenience,J's,POINT (-122.4880161 40.5965614)
444644977,2511,convenience,7-Eleven,POINT (-122.253055 37.858767)
445291449,2501,supermarket,Lion Market,POINT (-121.8538537 37.3315271)
447936226,2511,convenience,7-Eleven,POINT (-121.99433 37.3921779)
453738678,2501,supermarket,Safeway,POINT (-121.9086088 36.9785814)
453822227,2511,convenience,Rio Market,POINT (-121.9051841 36.9693866)
459504817,2501,supermarket,Mollie Stone's,POINT (-122.436559 37.7606657)
461671351,2501,supermarket,Lunardi's,POINT (-121.8975834 37.2564583)
461674848,2511,convenience,Arco,POINT (-121.8907937 37.2595709)
461674885,2511,convenience,,POINT (-121.8856417 37.2601474)
470780580,2501,supermarket,Safeway,POINT (-122.2507884 37.7574333)
470780581,2501,supermarket,Trader Joe's,POINT (-122.2514016 37.7577613)
473371054,2501,supermarket,Save Mart,POINT (-121.864132 39.7566905)
477131697,2501,supermarket,99 Ranch Market,POINT (-122.3071439 37.8986536)
479160301,2501,supermarket,Nob Hill,POINT (-122.0271583 37.0472454)
487005148,2511,convenience,7-Eleven,POINT (-122.0324575 37.0478303)
487082163,2501,supermarket,Lucky,POINT (-122.0294043 37.388455)
487639344,2501,supermarket,New India Bazaar,POINT (-121.9629999 37.3528899)
488725308,2505,department_store,Ross,POINT (-122.0292593 37.3673385)
490229776,2505,department_store,Macy's,POINT (-121.9688942 36.9767851)
490229780,2505,department_store,Kohl's,POINT (-121.9669202 36.9770194)
490229783,2505,department_store,Sears,POINT (-121.9667457 36.9748149)
493853276,2501,supermarket,Scotts Valley Market,POINT (-122.0065764 37.0607155)
495558229,2511,convenience,Slug Stop,POINT (-122.0556083 36.9977384)
497304181,2511,convenience,E & M Market,POINT (-122.4219156 37.76668)
497304203,2511,convenience,Foodhall,POINT (-122.4220701 37.7650583)
497392843,2511,convenience,Banana Joe's,POINT (-122.0544204 36.9999717)
502635393,2501,supermarket,Trader Joe's,POINT (-121.3226915 38.0091681)
502635397,2501,supermarket,Podesto's,POINT (-121.3216023 38.0114821)
503802975,2511,convenience,Graham Hill Mini Market,POINT (-122.0338042 37.0144319)
519482217,2528,greengrocer,Foothill Produce,POINT (-122.067631 37.3367787)
525851709,2511,convenience,City Lee's Market,POINT (-122.2718457 37.8596252)
527505796,2511,convenience,Fred's Liquor,POINT (-122.422503 37.76976)
529117813,2511,convenience,K&D Market,POINT (-122.4235801 37.7646987)
529122561,2501,supermarket,Star Market,POINT (-121.6589113 36.655854)
529123311,2501,supermarket,Nob Hill Foods,POINT (-121.661813 36.6554358)
529126578,2501,supermarket,Lucky,POINT (-121.6606848 36.6591354)
529145110,2511,convenience,7-Eleven,POINT (-122.0771488 37.415979)
533868356,2505,department_store,Kohl's,POINT (-122.252605 37.7583943)
539155036,2511,convenience,Annaher Grocery & Liquor,POINT (-122.2893463 37.861241)
541343525,2501,supermarket,S & B Market,POINT (-123.6872112 38.9702317)
547548502,2511,convenience,Vin Fin Wines,POINT (-122.2391914 37.7638302)
558566895,2511,convenience,Sunbeam Market,POINT (-122.2858454 37.809737)
559822366,2511,convenience,Golden West Market,POINT (-122.2843108 37.8123138)
560469131,2511,convenience,Corner Store,POINT (-122.1787788 37.4388858)
563312834,2511,convenience,7-Eleven,POINT (-121.9095179 37.362043)
567010256,2501,supermarket,Nob Hill Foods,POINT (-122.2518725 37.5232544)
571457963,2511,convenience,Good Life Grocery,POINT (-122.3968164 37.7600939)
571853447,2501,supermarket,India Metro Hypermarket,POINT (-121.9970652 37.5335039)
574012863,2501,supermarket,Lucky,POINT (-122.0690938 37.5983937)
584344388,2501,supermarket,Nugget Markets,POINT (-121.279782 38.7897526)
597045822,2501,supermarket,Nugget Markets,POINT (-121.6960082 38.5501266)
598055156,2501,supermarket,Raley's,POINT (-122.167967 38.0665187)
599326234,2511,convenience,,POINT (-121.99428 37.3459552)
599880223,2505,department_store,Target,POINT (-122.309059 37.987691)
600301920,2511,convenience,7-Eleven,POINT (-121.6277861 39.1123637)
601384077,2511,convenience,,POINT (-121.6303455 39.1310076)
601384160,2511,convenience,7-Eleven,POINT (-121.6147398 39.1351682)
605018557,2511,convenience,,POINT (-122.1616872 39.1600778)
611542090,2501,supermarket,Smart & Final,POINT (-121.9611027 37.3530306)
612767884,2501,supermarket,JW & L Market,POINT (-122.4090015 37.7986741)
614359380,2511,convenience,Columbia Mercantile,POINT (-120.4004094 38.0357375)
615143634,2511,convenience,7-Eleven,POINT (-122.4645819 37.7265162)
621818319,2511,convenience,Mason Liquor & Deli,POINT (-122.4100569 37.7886224)
621851566,2511,convenience,MMC Wine & Spirit,POINT (-122.4105878 37.7888877)
622352576,2505,department_store,Big Lots,POINT (-121.998654 37.3536299)
632815535,2528,greengrocer,West Portal Produce Market,POINT (-122.4684835 37.7387041)
647656834,2511,convenience,Haight Fillmore Whole Foods Co.,POINT (-122.4305641 37.7719921)
660946004,2501,supermarket,S-MART Foods,POINT (-121.2811715 38.1140855)
660946005,2501,supermarket,Food 4 Less,POINT (-121.305743 38.1140053)
661753960,2501,supermarket,Star Grocery,POINT (-122.2482299 37.8547256)
661906871,2511,convenience,7-Eleven,POINT (-122.2124927 37.8346561)
663952819,2511,convenience,7-Eleven,POINT (-122.050103 37.3152206)
677608041,2505,department_store,JCPenney,POINT (-120.48345 37.3214655)
687177727,2511,convenience,Quik Mart,POINT (-121.6319922 36.7041256)
698082170,2501,supermarket,Safeway,POINT (-122.15572 38.0547702)
702357125,2501,supermarket,Foodmaxx,POINT (-121.326109 38.649725)
709777197,2501,supermarket,Whole Foods Market,POINT (-121.963582 36.9742625)
711012114,2501,supermarket,Westlake IGA Market,POINT (-121.7870207 38.5545359)
718375843,2511,convenience,Sea Bee Liquors,POINT (-122.4983446 37.742187)
721776350,2501,supermarket,Region Market,POINT (-121.6597076 37.1288726)
723329415,2505,department_store,Ross,POINT (-124.1888652 40.7805969)
723329423,2505,department_store,Kohl's,POINT (-124.1916083 40.777633)
724824664,2511,convenience,Amity Market,POINT (-122.5023245 37.7420078)
728301693,2511,convenience,Nick's Liquors,POINT (-122.283537 37.8173328)
734841519,2511,convenience,Eureka Market,POINT (-122.4385594 37.7621857)
737551611,2501,supermarket,Twain Harte Market,POINT (-120.2248706 38.0399728)
760778504,2511,convenience,Danny's Market,POINT (-121.987069 37.3518382)
761305299,2511,convenience,Snug Harbor Bait & Groceries,POINT (-121.6134957 38.1993289)
761762694,2501,supermarket,Trader Joe's,POINT (-122.4762074 37.7265935)
761843487,2501,supermarket,Bel Air Supermarket,POINT (-121.5351981 38.4866182)
761845564,2501,supermarket,Nugget Markets,POINT (-121.5211208 38.4946211)
761870395,2501,supermarket,Trader Joe's,POINT (-122.0256327 37.9377015)
765351096,2511,convenience,7-Eleven,POINT (-120.2299722 38.0382736)
770891726,2501,supermarket,Lunardi's,POINT (-122.4399002 37.6188783)
775881481,2501,supermarket,Trader Joe's,POINT (-122.2732154 37.8717025)
796667253,2501,supermarket,Hollister Super Market,POINT (-121.401266 36.8531594)
823705021,2501,supermarket,Hollister Super Mercado,POINT (-121.4205793 36.8535456)
824605394,2528,greengrocer,Sigona's Farmers Market,POINT (-122.1727706 37.4426077)
825273804,2511,convenience,Lush Meadows Market,POINT (-119.825106 37.5067517)
828422179,2511,convenience,7-Eleven,POINT (-119.946944 38.9526981)
828425301,2016,market_place,Berkeley Flea Market,POINT (-122.2703459 37.8538557)
830588349,2511,convenience,Deena's Market,POINT (-122.4147799 37.7856885)
842907691,2511,convenience,Shelter Cove General Store,POINT (-124.0524519 40.0364395)
851514999,2511,convenience,Montara Gas Station,POINT (-122.5158093 37.5416744)
853378607,2511,convenience,Spangler's Market,POINT (-122.4770323 37.5044596)
853390294,2511,convenience,Coastside Market,POINT (-122.5127271 37.5274864)
863676731,2501,supermarket,Cactus Corner Grocery,POINT (-121.8196011 36.9712258)
877478422,2501,supermarket,Gualala Supermarket,POINT (-123.5282011 38.7675963)
880230901,2511,convenience,7-Eleven,POINT (-122.437068 37.6310056)
910883477,2501,supermarket,Milan Indian Grocery,POINT (-122.29451 37.8683448)
910883497,2501,supermarket,Mi Tierra,POINT (-122.2919929 37.8679107)
922296124,2501,supermarket,Lucky,POINT (-121.8537896 37.2759836)
926022751,2511,convenience,Sunol Corners Little Market,POINT (-121.8820348 37.5930709)
955382076,2501,supermarket,Bel Air,POINT (-121.533552 38.6418424)
976349358,2511,convenience,Shell,POINT (-122.182019 37.7184056)
981839188,2511,convenience,Arlington Market,POINT (-122.3106539 37.9402357)
984077415,2501,supermarket,Lucky,POINT (-121.9976697 37.5347405)
990550930,2501,supermarket,Food Mart,POINT (-120.5658153 38.0860538)
992089177,2016,market_place,California Avenue Farmer's Market,POINT (-122.145151 37.425915)
992416904,2501,supermarket,Colusa Market,POINT (-122.286681 37.8992663)
994081143,2511,convenience,Butte College Bookstore,POINT (-121.6449454 39.6497347)
994186688,2511,convenience,McDonald's/ Chevron,POINT (-121.3146935 38.7961166)
1000755891,2511,convenience,Circle K,POINT (-121.308297 38.7443787)
1002186270,2501,supermarket,Whole Foods Market,POINT (-122.4234142 37.7900899)
1014167614,2501,supermarket,Whole Foods Market,POINT (-121.2670545 38.7673647)
1019495681,2511,convenience,Niles Liquors & Mini-mart,POINT (-122.0229974 37.5871836)
1019495684,2501,supermarket,Bharat Bazar,POINT (-122.0231341 37.5872349)
1037993306,2511,convenience,Bevbox Market & Liquor,POINT (-122.262678 37.8040509)
1040620887,2501,supermarket,Smart and Final Express,POINT (-122.068044 37.601648)
1052335476,2501,supermarket,Trader Joe's,POINT (-121.7614973 38.5467537)
1053535666,2501,supermarket,Nugget Markets,POINT (-122.5075218 37.919027)
1053609171,2505,department_store,Kohl's,POINT (-122.5458012 38.0038554)
1053612077,2505,department_store,Macy's,POINT (-122.5435471 38.0047204)
1060956195,2511,convenience,1001 Castro Street,POINT (-122.4341333 37.7535913)
1068441480,2511,convenience,Gourmet Market,POINT (-122.2639785 37.8043229)
1072352759,2511,convenience,El Charitto Market,POINT (-121.570032 37.0103962)
1073821273,2511,convenience,J & W Market,POINT (-122.407672 37.7911541)
1078357957,2501,supermarket,Trader Joe's,POINT (-121.9576836 37.2445799)
1092405735,2528,greengrocer,Farmers Market,POINT (-121.974673 37.305149)
1095300030,2511,convenience,,POINT (-121.1902117 38.6424552)
1097204393,2511,convenience,EM Deli & Catering,POINT (-122.210125 37.8266034)
1110068308,2528,greengrocer,J.E. Perry Farms,POINT (-122.0546405 37.5533645)
1113795573,2501,supermarket,Kachy Produce,POINT (-121.5769649 37.022562)
1116384573,2501,supermarket,Piazza's Fine Foods,POINT (-122.3260741 37.5338709)
1126598126,2501,supermarket,FoodMaxx,POINT (-122.0964258 37.6322694)
1126947956,2511,convenience,Sunrise Market,POINT (-122.4335053 37.7718315)
1126948195,2511,convenience,S & W market,POINT (-122.4286694 37.7722466)
1126948245,2511,convenience,Himalaya Playa / O'Looney's,POINT (-122.4318431 37.7720318)
1129268823,2511,convenience,TowerMart,POINT (-121.3819194 38.6689914)
1140673872,2501,supermarket,Lucky,POINT (-122.302537 37.9904404)
1140673927,2501,supermarket,Grocery Outlet,POINT (-122.308104 37.9902136)
1141003149,2505,department_store,Target,POINT (-121.8436714 36.6209786)
1141656456,2511,convenience,Valero,POINT (-122.287783 37.530541)
1156874591,2511,convenience,La Flor de Jalisco,POINT (-121.5681115 37.0099485)
1161981912,2501,supermarket,FoodMaxx,POINT (-121.7982197 37.2554708)
1169430434,2501,supermarket,India Supermarket,POINT (-121.310677 38.7507539)
1172744459,2511,convenience,7-Eleven,POINT (-122.4578886 37.7098206)
1183476246,2511,convenience,Shell,POINT (-120.9385527 37.7382497)
1186333561,2528,greengrocer,Mandela Grocery Cooperative,POINT (-122.2941997 37.8053283)
1194968192,2511,convenience,7-Eleven,POINT (-121.904177 37.2326337)
1195038546,2511,convenience,,POINT (-122.3689719 37.9359504)
1195042430,2511,convenience,j&s market,POINT (-122.369097 37.9339472)
1199004366,2501,supermarket,Trader Joe's,POINT (-122.298437 37.5354941)
1199539316,2501,supermarket,El Rancho Foods,POINT (-121.575073 37.0142606)
1205120785,2501,supermarket,Super Save,POINT (-122.3897193 37.7367631)
1213823254,2501,supermarket,Trader Joe's,POINT (-122.4077368 37.7709988)
1214134931,2511,convenience,Valero,POINT (-122.023453 36.9834866)
1218560204,2511,convenience,7-Eleven,POINT (-122.1378871 37.6820448)
1221102760,2528,greengrocer,Aguila de Oro,POINT (-122.3920322 37.7306288)
1229704788,2511,convenience,,POINT (-122.3914266 37.7213718)
1229779251,2511,convenience,7-Eleven,POINT (-122.4032164 37.7123845)
1229920627,2511,convenience,,POINT (-122.4551252 37.707757)
1230343414,2511,convenience,Tierra Santa Market,POINT (-122.4028091 37.7253138)
1230343494,2511,convenience,Food Mart,POINT (-122.4059665 37.7320804)
1234939402,2501,supermarket,Lucky,POINT (-121.774455 37.2327524)
1234939406,2505,department_store,Ross,POINT (-121.7755926 37.2315949)
1241673415,2511,convenience,Hillcrest Market,POINT (-122.4196089 37.7289174)
1241690521,2511,convenience,,POINT (-122.3912081 37.733976)
1242653426,2511,convenience,7-Eleven,POINT (-122.0143808 37.3702894)
1244729027,2511,convenience,Tazah Market,POINT (-122.2159367 37.8001844)
1247598192,2501,supermarket,Foodnet,POINT (-122.154365 37.6793441)
1251606827,2501,supermarket,Mercadito Latino,POINT (-122.2251858 37.478652)
1251635656,2501,supermarket,Bianchini's,POINT (-122.2577495 37.5033115)
1251643248,2505,department_store,Ross,POINT (-122.2466021 37.5035895)
1256830735,2511,convenience,,POINT (-122.1574318 37.4640553)
1269562221,2501,supermarket,Oceana Market,POINT (-122.4879485 37.6328853)
1277999546,2511,convenience,25th and Clement Produce and Market,POINT (-122.4847278 37.7821273)
1296642200,2528,greengrocer,Cupertino Market,POINT (-122.0181611 37.3238036)
1305397495,2501,supermarket,Gateway Grocery,POINT (-122.283254 37.8423296)
1306475850,2511,convenience,The Country Store,POINT (-120.979727 39.3837915)
1306483044,2511,convenience,Mother Truckers,POINT (-121.0642916 39.3543678)
1312453891,2501,supermarket,Namaste Plaza Supermarket,POINT (-122.27704 37.520286)
1312578373,2511,convenience,7-Eleven,POINT (-122.287182 37.530961)
1315928617,2505,department_store,TJ Maxx,POINT (-122.25339 37.7571824)
1319206689,2511,convenience,KD's Grog and Groceries,POINT (-122.4356465 37.7627241)
1321091248,2511,convenience,ExtraMile,POINT (-122.2852402 37.9958498)
1328779418,2501,supermarket,Shop Smart,POINT (-123.8238685 40.1202179)
1332464781,2501,supermarket,Farm Fresh Produce,POINT (-121.7443663 36.9360488)
1339271255,2501,supermarket,Smart & Final,POINT (-121.8554319 36.6090638)
1347161637,2016,market_place,The Mall at Old City Hall,POINT (-121.5687089 37.0071937)
1347464430,2501,supermarket,Whole Foods Market,POINT (-122.3063419 38.3232512)
1347464433,2501,supermarket,Trader Joe's,POINT (-122.3059235 38.3227883)
1349552622,2511,convenience,7-Eleven,POINT (-122.258423 37.8630178)
1350484814,2501,supermarket,Le Beau Market,POINT (-122.416234 37.7928844)
1361601871,2511,convenience,7-Eleven,POINT (-122.16814 37.722078)
1364682119,2511,convenience,Arrowhead food & liquor,POINT (-122.060232 37.586092)
1368522728,2505,department_store,Ross,POINT (-121.877997 37.2523413)
1371723190,2501,supermarket,Old Fire House Market,POINT (-121.6433615 36.888773)
1374388947,2511,convenience,Sunshine Mart,POINT (-121.9807097 37.5457287)
1375234287,2511,convenience,7-Eleven,POINT (-122.299513 37.9102342)
1377034082,2511,convenience,Oasis Food Market,POINT (-122.26717 37.8198916)
1378041461,2501,supermarket,Lakeshore Natural Foods,POINT (-122.2439078 37.8109894)
1378715963,2528,greengrocer,Main Street Grocery,POINT (-121.2952493 38.7517591)
1379090633,2511,convenience,ampm,POINT (-121.3136663 38.7718558)
1381283849,2511,convenience,,POINT (-120.374097 38.8145908)
1386707683,2511,convenience,Mother Lode Market,POINT (-120.8498372 38.699976)
1387206075,2511,convenience,7-Eleven,POINT (-122.089619 37.4140197)
1387567040,2511,convenience,Sunny Market,POINT (-119.664071 36.7502686)
1387999110,2511,convenience,Northgate Food & Liquor,POINT (-121.4749763 38.6201238)
1388233468,2511,convenience,Happy Times Discount Shop,POINT (-122.267258 37.8180313)
1388881308,2511,convenience,Ord Market,POINT (-121.7757899 36.6641099)
1388946952,2501,supermarket,Save Mart,POINT (-121.79642 36.6841596)
1406268248,2501,supermarket,Marina Grocery,POINT (-121.8330073 37.2787609)
1406279924,2511,convenience,7-Eleven,POINT (-121.823185 37.2805187)
1417375929,2511,convenience,Indian Bazaar,POINT (-121.0322475 37.6693399)
1419496725,2501,supermarket,Star Market,POINT (-120.9487271 37.7324364)
1419609101,2501,supermarket,Save Mart,POINT (-121.142362 37.4653026)
1423187286,2511,convenience,Kennedy Meadows Store,POINT (-119.7461002 38.3113373)
1425314672,2501,supermarket,Nob Hill Foods,POINT (-121.9515436 37.7627649)
1431426728,2511,convenience,7-Eleven,POINT (-122.4226138 37.7421503)
1445159899,2511,convenience,General Store,POINT (-121.1463531 36.4936941)
1445875679,2511,convenience,Tuolumne Meadows Store,POINT (-119.3568343 37.8743563)
1455515190,2501,supermarket,Oliver's Market,POINT (-122.6983501 38.3279016)
1458396305,2505,department_store,Ross,POINT (-122.7063009 38.3459738)
1459467598,2501,supermarket,Smart & Final Extra!,POINT (-122.051227 37.3534132)
1467602798,2511,convenience,The Garlic Shoppe,POINT (-121.5659807 37.0274424)
1476087010,2501,supermarket,Grocery Outlet,POINT (-124.174142 40.7995479)
1478520948,2501,supermarket,Bi-Rite Market,POINT (-122.4217072 37.7965466)
1478520965,2016,market_place,Fort Mason Farmer's Market,POINT (-122.4315658 37.8061667)
1485975789,2511,convenience,Grant Mini Market,POINT (-122.4060032 37.7904053)
1485988190,2511,convenience,Food Fair Market Liquors,POINT (-122.4074048 37.7902181)
1486016637,2511,convenience,Bush Market,POINT (-122.410859 37.7900177)
1486057725,2511,convenience,7-Eleven,POINT (-122.4090986 37.7890489)
1489676337,2511,convenience,Jinny Beauty Supply,POINT (-122.2831409 37.8418278)
1489698999,2511,convenience,"Choice Meat Market Wholesale Retail Packaging, Restaurant Supplies",POINT (-122.2825804 37.8400879)
1490111108,2511,convenience,Emeryville Market,POINT (-122.280665 37.8341276)
1491021191,2505,department_store,Marshalls,POINT (-122.295315 37.8377648)
1491645202,2016,market_place,Luggage Center,POINT (-122.2946983 37.8359194)
1491645220,2505,department_store,Ross,POINT (-122.294435 37.8356864)
1492592014,2505,department_store,Ross,POINT (-121.9587844 37.9489185)
1506099723,2501,supermarket,Rocca's Market,POINT (-121.6110542 37.0853142)
1509351354,2501,supermarket,Don Rafa's,POINT (-121.7542756 36.9069407)
1509352930,2511,convenience,Bridge Street Grocer,POINT (-121.7474359 36.9110499)
1509358862,2511,convenience,129 General Store,POINT (-121.590001 36.900695)
1512000860,2528,greengrocer,Courtney's Produce,POINT (-122.4354725 37.767252)
1512160307,2511,convenience,,POINT (-121.6370529 37.1298146)
1515105639,2501,supermarket,Sprouts Farmers Market,POINT (-121.2519953 38.7429147)
1515933541,2511,convenience,Dollars Market,POINT (-122.2861615 37.8421587)
1520624610,2511,convenience,Day's Market,POINT (-122.007729 36.9677755)
1535843098,2501,supermarket,True Olive Connection,POINT (-122.0261985 36.9727459)
1542892314,2505,department_store,Ross,POINT (-121.9669316 36.9777891)
1543286975,2511,convenience,,POINT (-122.7163478 38.3314541)
1543828800,2501,supermarket,Raley's,POINT (-121.9790541 37.5535901)
1556251723,2511,convenience,Food Market,POINT (-122.2689774 37.8075169)
1570138528,2501,supermarket,Nob Hill Foods,POINT (-122.0763504 37.3783433)
1572051369,2501,supermarket,Save Mart,POINT (-121.074061 38.9053539)
1572294518,2501,supermarket,Felipe's Market,POINT (-122.0523686 37.3731537)
1572294521,2511,convenience,Galamart,POINT (-122.0557763 37.3745036)
1572297515,2501,supermarket,Madras Groceries,POINT (-122.0554677 37.3744131)
1573655521,2501,supermarket,Manila Oriental Market,POINT (-122.4688574 37.6512745)
1573722791,2511,convenience,7-Eleven,POINT (-122.4686086 37.6637017)
1578531199,2511,convenience,Easy Foods,POINT (-122.0795602 37.392596)
1579611532,2505,department_store,Marshalls,POINT (-122.0753822 37.3791084)
1583415354,2501,supermarket,Grocery Outlet,POINT (-121.07521 38.9047723)
1583862294,2016,market_place,Mountain View Farmer's Market,POINT (-122.0740609 37.3933767)
1584813019,2501,supermarket,Grocery Outlet,POINT (-121.2762033 38.7448798)
1598674116,2016,market_place,Menlo Park Farmers Market,POINT (-122.184289 37.4508012)
1600385962,2511,convenience,7-Eleven,POINT (-122.1368923 37.4573234)
1607884652,2501,supermarket,Qwik Serve,POINT (-121.0721362 37.3930048)
1607908494,2511,convenience,El Mercado,POINT (-121.1983931 37.5468826)
1608420289,2511,convenience,Village Market,POINT (-121.9347295 37.9408329)
1609210878,2511,convenience,Village Market,POINT (-121.2714243 38.6410173)
1609230734,2501,supermarket,Trader Joe's,POINT (-121.2749434 38.6620983)
1612642986,2511,convenience,65th Street Market,POINT (-122.2851336 37.8479731)
1630431886,2505,department_store,Target,POINT (-122.3279758 37.9321318)
1640374730,2501,supermarket,Raley's,POINT (-122.6285402 38.2483898)
1643851282,2501,supermarket,Safeway,POINT (-122.239576 37.7377092)
1645244659,2511,convenience,Alice's Mountain Market,POINT (-120.2338294 39.1972831)
1648518166,2501,supermarket,Mi Pueblo,POINT (-121.8436012 36.6117637)
1648518248,2501,supermarket,Mi Tierra,POINT (-121.8453286 36.6088787)
1648518457,2501,supermarket,Trader Joe's,POINT (-121.8945766 36.5965039)
1654045179,2501,supermarket,99 Ranch Market,POINT (-122.0467976 37.5477641)
1669812484,2511,convenience,Zara Supermarket Halal Meat and Grocery,POINT (-122.2926427 37.8699451)
1669925513,2505,department_store,JCPenney,POINT (-121.733731 37.9658084)
1674436116,2501,supermarket,Nob Hill Foods,POINT (-121.9560062 36.9807021)
1675708538,2501,supermarket,Geiger's Long Valley Market,POINT (-123.4819072 39.687429)
1676581901,2528,greengrocer,Trinethra Super Market,POINT (-122.041748 37.369178)
1678631164,2511,convenience,7-Eleven,POINT (-122.0329432 37.3586138)
1680552195,2501,supermarket,Lunardi's,POINT (-121.962462 37.2344632)
1680552206,2501,supermarket,Whole Foods Market,POINT (-121.9615175 37.2361305)
1691357808,2511,convenience,Bud's ampm Mini-Market,POINT (-122.2116589 39.5246019)
1691658594,2501,supermarket,FoodMaxx,POINT (-121.991627 37.519625)
1700616940,2505,department_store,Kohl's,POINT (-121.8995682 37.4170186)
1700616945,2501,supermarket,99 Ranch Market,POINT (-121.916896 37.4227499)
1700633025,2501,supermarket,Smart & Final,POINT (-121.902509 37.4476401)
1703921195,2511,convenience,Gold Star Liquor-Deli,POINT (-122.2231798 37.4689989)
1705367190,2501,supermarket,Marina Grocery,POINT (-122.0230714 37.5888196)
1706618868,2501,supermarket,Lucky,POINT (-122.4459793 37.7761053)
1707556416,2501,supermarket,Woodminster Market,POINT (-122.1971997 37.811192)
1707914530,2511,convenience,Calidad Market,POINT (-122.2180671 37.473536)
1712260517,2501,supermarket,Food 4 Less,POINT (-121.4492316 38.4755431)
1713269600,2511,convenience,Shufat Market,POINT (-122.4276745 37.7515955)
1721445034,2511,convenience,Main Street Market,POINT (-122.2264385 37.4864106)
1729192485,2501,supermarket,Raley's,POINT (-121.4327012 37.7122935)
1737746314,2501,supermarket,Sprouts Farmers Market,POINT (-121.270794 38.6798103)
1742495877,2501,supermarket,Trader Joe's,POINT (-121.970515 36.9778385)
1743528308,2511,convenience,7-Eleven,POINT (-122.5057598 37.7606933)
1744636503,2501,supermarket,Mercado California,POINT (-121.8077654 37.2592886)
1746210514,2501,supermarket,Mollie Stone's,POINT (-122.5242641 37.9457131)
1747594982,2505,department_store,Target,POINT (-122.484215 37.7012136)
1748172896,2511,convenience,Buck Meadows General Store,POINT (-120.0630554 37.815397)
1754431803,2511,convenience,Harper Country Store,POINT (-120.4790998 36.713895)
1755119713,2511,convenience,Mi Casita Astral,POINT (-119.7906211 36.7341266)
1755119742,2511,convenience,Fallas Discount Store,POINT (-119.7917452 36.7355522)
1755119757,2511,convenience,Fullerton Mini Mart,POINT (-119.7920859 36.7354286)
1769223516,2511,convenience,Genki Crepes & Mini Mart,POINT (-122.4628435 37.7831431)
1771982199,2501,supermarket,Belair,POINT (-120.9664973 38.6609925)
1776777196,2501,supermarket,Nugget Markets,POINT (-121.4200614 38.4100083)
1776792738,2505,department_store,Kohl's,POINT (-121.4199611 38.4074279)
1776990072,2501,supermarket,Trader Joe's,POINT (-121.4202938 38.4065756)
1777080652,2501,supermarket,Save Mart,POINT (-121.413422 38.4252352)
1777087009,2501,supermarket,Sprouts Farmers Market,POINT (-121.4061363 38.4235558)
1779680166,2501,supermarket,Woodland Market,POINT (-122.4598234 37.8751977)
1782888308,2511,convenience,Stop In Food,POINT (-122.2243906 37.4671832)
1795102229,2511,convenience,Sierra Super Stop Food Mart,POINT (-121.1034186 39.3700556)
1795103901,2511,convenience,Peterson's Corner,POINT (-121.1205502 39.3431603)
1795130823,2511,convenience,Rainbow Market,POINT (-121.055795 39.268415)
1795171737,2501,supermarket,Save Mart,POINT (-121.229027 38.6798655)
1795172133,2511,convenience,Qwik Trip Mart,POINT (-121.225993 38.6528992)
1796519456,2511,convenience,Rossetti's Corner,POINT (-121.0007411 37.8300142)
1796560777,2511,convenience,Airport Grocery,POINT (-120.8494645 37.4675266)
1798723085,2511,convenience,,POINT (-120.8295092 39.5601999)
1816505667,2501,supermarket,Arteagas Food Center (Gilroy),POINT (-121.558171 37.0004773)
1816572797,2501,supermarket,Smart & Final,POINT (-121.562162 37.0000075)
1818064718,2511,convenience,Satley Food Store,POINT (-120.4259402 39.615515)
1818064852,2511,convenience,Buena Vista Store,POINT (-120.9124482 38.2937175)
1823917069,2511,convenience,Best Food,POINT (-122.4084387 37.7975226)
1825310664,2511,convenience,Habibi Market,POINT (-122.409897 37.781741)
1837284133,2511,convenience,Go Go Market & Deli,POINT (-122.414717 37.7764144)
1840518746,2511,convenience,Wagon Wheel Liquors,POINT (-122.7390596 38.4452133)
1840685390,2505,department_store,TJ Maxx,POINT (-121.4019572 38.424106)
1843364371,2501,supermarket,Zanotto's Market Sunnyvale,POINT (-122.0495621 37.3501764)
1843364386,2501,supermarket,New India Bazaar,POINT (-122.0494746 37.3508028)
1843383851,2016,market_place,Laney College Flea Market,POINT (-122.2631891 37.7940769)
1843590454,2511,convenience,Zayante Market,POINT (-122.0474505 37.0853394)
1854749247,2511,convenience,Jai Ho Indian Grocery Store,POINT (-122.4322615 37.7831231)
1857394364,2511,convenience,,POINT (-121.4552439 39.5339309)
1857478531,2511,convenience,,POINT (-121.808367 36.2703203)
1861077529,2511,convenience,Bottleneck,POINT (-122.1524995 37.7541232)
1861486372,2511,convenience,Chevron,POINT (-122.2288446 38.0949246)
1861493139,2511,convenience,Ben's Food & Liquor,POINT (-122.2281094 38.0946002)
1865864914,2511,convenience,7-Eleven,POINT (-122.013947 37.3915044)
1870579860,2511,convenience,Troia's Market,POINT (-121.8957561 36.6010158)
1870581686,2511,convenience,The General Store,POINT (-121.8945712 36.6008177)
1878660881,2511,convenience,Timber Mountain Store,POINT (-121.2906602 41.6478772)
1878660884,2511,convenience,Timber Mountain Store Gas Station,POINT (-121.290591 41.6479145)
1880217801,2511,convenience,Diana Market #2,POINT (-122.4120484 37.7739007)
1881622596,2511,convenience,Stephens Farmhouse,POINT (-121.6351643 39.0364166)
1881634066,2501,supermarket,WinCo Foods,POINT (-121.6367471 39.1257715)
1881696062,2511,convenience,El Bajio,POINT (-121.6610205 39.2783858)
1881762470,2511,convenience,Sherry's,POINT (-122.1133053 40.1097112)
1881939544,2511,convenience,McCloud Market,POINT (-122.1367473 41.2516129)
1892847828,2511,convenience,Chevron,POINT (-120.958817 37.689445)
1894046564,2501,supermarket,Raley's,POINT (-121.0108125 37.6884059)
1901843089,2511,convenience,,POINT (-122.5250825 37.8816698)
1901868627,2511,convenience,Yogi Food Market,POINT (-122.4154843 37.7884667)
1904630537,2501,supermarket,Sender's Market,POINT (-120.5408459 38.2284773)
1907608850,2511,convenience,ampm,POINT (-121.309673 38.7433492)
1908427786,2501,supermarket,Whole Foods Market,POINT (-122.566106 38.1058658)
1912129706,2511,convenience,,POINT (-121.7836034 36.7984521)
1912129734,2528,greengrocer,,POINT (-121.7835577 36.7986547)
1918053663,2501,supermarket,El Super,POINT (-119.7709994 36.7423058)
1920275837,2501,supermarket,Walgreens,POINT (-121.954894 37.9523055)
1920278633,2501,supermarket,Lucky,POINT (-121.9657488 37.9538917)
1920361993,2501,supermarket,FoodMaxx,POINT (-121.9874844 37.9639857)
1920761599,2511,convenience,7-Eleven,POINT (-121.9939529 37.9782517)
1923884554,2501,supermarket,One Stop,POINT (-120.9360392 38.3526631)
1924130352,2501,supermarket,Whole Foods Market,POINT (-122.4546813 37.7237981)
1925608546,2501,supermarket,Target,POINT (-121.918775 37.2649958)
1925610616,2501,supermarket,Grocery Outlet,POINT (-121.9072464 37.2707721)
1925626241,2501,supermarket,Lucky,POINT (-121.932567 37.2628961)
1929110695,2511,convenience,,POINT (-120.0517396 38.7035691)
1931723146,2501,supermarket,Smart & Final,POINT (-121.916305 37.2648198)
1931736081,2501,supermarket,International Food Bazaar,POINT (-121.93308 37.2720452)
1937575078,2501,supermarket,Fairfax Market,POINT (-122.590597 37.9883736)
1937605734,2501,supermarket,United Market,POINT (-122.5534189 37.9769358)
1937623298,2511,convenience,Shell,POINT (-122.520772 37.970825)
1941035623,2501,supermarket,Carrolls Market,POINT (-118.2893348 37.1656987)
1960941273,2511,convenience,Church Street Groceteria,POINT (-122.4289792 37.7660309)
1961821818,2511,convenience,Madrone Market,POINT (-121.6707737 37.1502427)
1963997096,2505,department_store,Marshalls,POINT (-121.98621 37.545022)
1969279894,2511,convenience,Transfer Market,POINT (-122.4385135 37.7776794)
1969282330,2511,convenience,Fulton Food Shop,POINT (-122.4467198 37.7756753)
1970075773,2511,convenience,26th & Guerrero Market,POINT (-122.4227133 37.7486631)
1974530827,2501,supermarket,Lira's Supermarket,POINT (-121.6946965 38.1601325)
1979018863,2501,supermarket,Murphy's,POINT (-124.091078 40.8843893)
1980330799,2511,convenience,Cindy's Market,POINT (-122.4508575 37.7734424)
1981994718,2511,convenience,McBaker Market,POINT (-122.4419453 37.7774463)
1987913190,2511,convenience,Collins Lake Store,POINT (-121.3270709 39.3376219)
1990692292,2511,convenience,Home Service Market,POINT (-122.4446478 37.7742525)
1998283900,2511,convenience,Namaste Plaza,POINT (-121.9953153 37.3781563)
2013493265,2511,convenience,ampm,POINT (-122.3353295 37.9904868)
2014326840,2511,convenience,Taylors Market,POINT (-121.5870823 38.6928653)
2014648081,2505,department_store,Ross,POINT (-121.506158 38.6373384)
2015478009,2505,department_store,Target,POINT (-121.498638 38.6412216)
2019847911,2016,market_place,El Cerrito Plaza Farmers' Market,POINT (-122.3002116 37.8982731)
2020521907,2511,convenience,,POINT (-120.8602331 39.1072005)
2031483833,2505,department_store,Kohl's,POINT (-121.5082395 38.6584959)
2031483845,2501,supermarket,Raley's,POINT (-121.509945 38.6574654)
2035871772,2511,convenience,Cool Guys,POINT (-122.4621338 37.7217291)
2047027777,2501,supermarket,Palm Deli,POINT (-121.8865145 36.976468)
2047570604,2501,supermarket,Casa Guadalupe,POINT (-122.4180336 37.7492129)
2047680022,2505,department_store,Burlington,POINT (-121.43971 38.4974034)
2047684786,2501,supermarket,SF Supermarket,POINT (-121.433213 38.5016311)
2050131394,2501,supermarket,Valencia Farmers Market,POINT (-122.4205268 37.7522376)
2050878746,2511,convenience,BART Liquor Store,POINT (-122.4194208 37.7520991)
2051505803,2501,supermarket,Grocery Outlet,POINT (-122.124512 37.4190516)
2052220936,2505,department_store,Macy's,POINT (-121.425265 38.6002768)
2052220938,2505,department_store,JCPenney,POINT (-121.4259087 38.601786)
2054075810,2511,convenience,Yicks Liquor,POINT (-122.435887 37.7229089)
2054075829,2511,convenience,Frank's Market Liquor,POINT (-122.4368714 37.7216084)
2054075845,2528,greengrocer,El Chico Produce,POINT (-122.4351038 37.7245595)
2054109940,2528,greengrocer,Casa Lucas,POINT (-122.4341382 37.7253084)
2054130279,2511,convenience,Mission Silver Market,POINT (-122.431617 37.7286093)
2054130284,2511,convenience,New College Hill Market,POINT (-122.4246298 37.736053)
2057396845,2511,convenience,United Liquor Market,POINT (-122.4427139 37.7147704)
2059226347,2501,supermarket,San Bruno Supermarket,POINT (-122.4051055 37.7303902)
2059477223,2528,greengrocer,La Loma Produce,POINT (-122.4034662 37.7278468)
2059587307,2511,convenience,ampm,POINT (-122.452827 37.7092884)
2060252755,2511,convenience,Mr Liquor,POINT (-122.4209734 37.7536039)
2062508374,2511,convenience,ampm,POINT (-121.476056 38.6299952)
2062508419,2501,supermarket,FoodCo,POINT (-121.477043 38.6310722)
2062508431,2511,convenience,,POINT (-121.4748093 38.6299575)
2062514639,2511,convenience,A to Z Convience,POINT (-121.4759588 38.6270276)
2066866627,2511,convenience,Valencia Grocery,POINT (-122.4208323 37.7519723)
2068009989,2501,supermarket,Lucky,POINT (-121.8858459 37.2288852)
2068028033,2016,market_place,Blossom Hill Cerified Farmer's Market,POINT (-121.8604775 37.2579732)
2069103495,2511,convenience,Dolores Deluxe,POINT (-122.4257529 37.7551098)
2069159598,2501,supermarket,Valencia Whole Foods,POINT (-122.4209796 37.7570365)
2071294620,2511,convenience,ABC Supermarket Inc,POINT (-122.4076211 37.7976247)
2071294646,2511,convenience,Kin Tat Co.,POINT (-122.4084311 37.7974117)
2071312174,2528,greengrocer,Kum Luen,POINT (-122.4087315 37.7974827)
2072176804,2505,department_store,Ross,POINT (-123.1995403 39.1530442)
2072581631,2528,greengrocer,Sun Sun Produce,POINT (-122.4103536 37.7985247)
2074158419,2528,greengrocer,7th and Clement Market,POINT (-122.4650796 37.7830595)
2074158443,2511,convenience,Food 24 Market,POINT (-122.4645995 37.7830743)
2078333126,2501,supermarket,Buddies Market,POINT (-122.4337115 37.7346227)
2080818402,2511,convenience,Loop,POINT (-121.5089181 38.6564956)
2082760441,2511,convenience,7-Eleven,POINT (-121.9750952 37.2207369)
2085378878,2511,convenience,,POINT (-120.542538 38.2277664)
2085502813,2501,supermarket,Bel Air,POINT (-121.509933 38.4965543)
2089511724,2511,convenience,7-Eleven,POINT (-121.289485 38.7960014)
2091208084,2511,convenience,MJ Market,POINT (-121.872242 37.2295298)
2092439950,2511,convenience,ampm,POINT (-121.5036694 38.4960765)
2094660249,2511,convenience,Three Corners Market,POINT (-124.085783 40.7852753)
2103501933,2501,supermarket,SF Supermarket,POINT (-121.44876 38.4724152)
2104662385,2016,market_place,Hillcrest Plaza,POINT (-121.6238154 39.1230588)
2104739903,2501,supermarket,Lucky,POINT (-121.7750444 37.692665)
2104775676,2501,supermarket,Trader Joe's,POINT (-121.7817694 37.6800597)
2104779661,2501,supermarket,Nob Hill,POINT (-121.7849677 37.6772755)
2104795995,2511,convenience,7-Eleven,POINT (-121.771886 37.6785674)
2104803485,2511,convenience,7-Eleven,POINT (-121.8172339 37.6995142)
2107762096,2511,convenience,Roger's Market,POINT (-124.120388 40.9342246)
2114893211,2511,convenience,Kresge Food Co-op,POINT (-122.0657017 36.997288)
2115078927,2511,convenience,ampm,POINT (-121.47896 38.6546043)
2116536659,2501,supermarket,Bel Air,POINT (-121.496488 38.6118907)
2119910780,2501,supermarket,Save Mart,POINT (-120.209069 39.3192133)
2120292072,2501,supermarket,Lion,POINT (-121.9746084 37.3191154)
2120428957,2511,convenience,7-Eleven,POINT (-121.525827 38.5676824)
2120443743,2501,supermarket,Mercado Loco,POINT (-121.5502033 38.5781665)
2124692042,2510,general,Baby Super&Rocker,POINT (-121.9153432 37.3176171)
2125918594,2501,supermarket,Trader Joe's,POINT (-122.0358812 37.3679656)
2126973980,2505,department_store,Kohl's,POINT (-120.4819486 37.3207954)
2129859148,2511,convenience,Searchlight Market,POINT (-122.4189266 37.7991456)
2130160676,2511,convenience,Harvest Hills Market,POINT (-122.4137155 37.7467436)
2130264969,2501,supermarket,Trader Joe's,POINT (-122.4137896 37.8054807)
2131729855,2505,department_store,Kohl's,POINT (-122.0573791 37.9435608)
2131730638,2505,department_store,Burlington,POINT (-121.987292 37.2931484)
2131732098,2505,department_store,Ross,POINT (-121.9881037 37.2920697)
2131739199,2501,supermarket,99 Ranch Market,POINT (-122.039901 37.974627)
2133322197,2511,convenience,Mayflower Market,POINT (-122.4344435 37.7924108)
2133322244,2511,convenience,Gino's,POINT (-122.4344765 37.7925919)
2142093042,2511,convenience,Cheaper Cigarettes,POINT (-121.1999437 37.7977301)
2142093043,2511,convenience,7-Eleven,POINT (-121.205254 37.7978106)
2143340383,2501,supermarket,99 Ranch Market,POINT (-121.4570444 38.49457)
2148537238,2511,convenience,Dogpatch Biofuels,POINT (-122.3927992 37.7564805)
2157948533,2528,greengrocer,Ava's Market and Deli,POINT (-122.0802082 37.3920833)
2160288953,2511,convenience,,POINT (-120.4580926 37.2948283)
2162251896,2501,supermarket,Sprouts Farmers Market,POINT (-121.992366 37.2927181)
2162262736,2501,supermarket,Nob Hill Foods,POINT (-121.978601 37.2851298)
2184767720,2501,supermarket,Nijiya Market,POINT (-122.4310324 37.7852546)
2184790554,2501,supermarket,Trader Joe's,POINT (-122.4179305 37.7907686)
2188177617,2501,supermarket,Savemart,POINT (-121.7577404 38.559607)
2195113984,2510,general,The Campus Store,POINT (-122.2604503 37.8758877)
2195192134,2501,supermarket,Patel Brothers,POINT (-121.960403 37.3530378)
2195194197,2511,convenience,99c Bay,POINT (-121.9632464 37.3528847)
2204100722,2501,supermarket,Trader Joe's,POINT (-122.0675117 37.3371572)
2215236857,2511,convenience,Shattuck Convenience,POINT (-122.2689372 37.875225)
2220082604,2501,supermarket,New Russian Hill Market,POINT (-122.4149018 37.7959769)
2221256810,2501,supermarket,FoodMaxx,POINT (-122.0416269 37.9559165)
2221470127,2505,department_store,Ross,POINT (-122.0602506 37.8940313)
2235254641,2501,supermarket,99 Ranch Market,POINT (-121.8844054 37.3863372)
2235910278,2511,convenience,E-Z Stop Deli,POINT (-122.267607 37.868756)
2236132668,2511,convenience,7-Eleven,POINT (-121.7868615 36.9318655)
2245698276,2511,convenience,Super Quick Mart,POINT (-122.0408102 37.3691835)
2246316267,2511,convenience,Myrtle Avenue Market and Deli,POINT (-124.1299536 40.7839635)
2248273325,2511,convenience,First Korean Market,POINT (-122.4689908 37.7806174)
2253307419,2511,convenience,Food Mart,POINT (-122.6217565 38.2357321)
2253307451,2511,convenience,Dino Mart,POINT (-122.3339636 37.9257544)
2253307453,2511,convenience,Valero Food Shop,POINT (-122.7146382 38.3318402)
2255931338,2505,department_store,Kohl's,POINT (-122.22432 37.4922157)
2262145184,2511,convenience,Igo Store,POINT (-122.5415972 40.5046317)
2264170931,2501,supermarket,FoodMaxx,POINT (-122.236462 38.1234059)
2277852023,2511,convenience,7-Eleven,POINT (-119.681816 36.7364124)
2277852329,2501,supermarket,Save Mart,POINT (-119.696048 36.7368982)
2278977537,2501,supermarket,Raley's,POINT (-121.069652 38.6557983)
2281654814,2511,convenience,Sage Street Market,POINT (-121.7717517 38.5412859)
2286420303,2505,department_store,Target,POINT (-121.9687431 36.9750591)
2287108553,2501,supermarket,Baraka Market,POINT (-122.0324903 37.3684299)
2292891529,2016,market_place,Live Oak Farmer's Market,POINT (-121.9904011 36.9637548)
2293224705,2505,department_store,Ross,POINT (-121.8632219 37.3038631)
2295122552,2505,department_store,Target,POINT (-121.1526678 38.6718137)
2295128397,2501,supermarket,Trader Joe's,POINT (-121.1558851 38.6724297)
2295281773,2501,supermarket,Walmart Supercenter,POINT (-121.1675262 38.6683603)
2296709402,2511,convenience,Speedway,POINT (-122.4019583 37.6521281)
2299104428,2511,convenience,7-Eleven,POINT (-120.1767986 39.3259429)
2314746532,2511,convenience,Noggles Place,POINT (-121.4318315 36.2503829)
2321299134,2528,greengrocer,Buffalo Whole Food,POINT (-122.4350485 37.7593854)
2327208913,2511,convenience,Sunol Food and Liquor,POINT (-121.8878806 37.5939033)
2328648583,2511,convenience,QuikStop Liquor,POINT (-122.2498803 37.8051337)
2338347983,2511,convenience,7-Eleven,POINT (-122.533226 37.878897)
2338785260,2511,convenience,Sherman Market,POINT (-122.425542 37.798471)
2338835471,2501,supermarket,Green Earth,POINT (-122.43816 37.777716)
2338836918,2511,convenience,Superette Market,POINT (-122.43719 37.771113)
2340806378,2511,convenience,,POINT (-121.8319601 37.2666438)
2342926896,2016,market_place,Farmers Market,POINT (-121.3793004 38.6082176)
2352103113,2511,convenience,East Bay Liquors,POINT (-122.2690555 37.8387592)
2356459205,2501,supermarket,Ben Lomond Market,POINT (-122.0892896 37.0890844)
2356520179,2511,convenience,Sushi Market,POINT (-121.9982249 36.9653041)
2359487480,2511,convenience,Mono Market,POINT (-119.1189194 37.955568)
2359670257,2501,supermarket,Merced Food Center,POINT (-120.4832464 37.2947191)
2369145056,2501,supermarket,La Princesa Market,POINT (-121.7708862 36.9170034)
2373998142,2501,supermarket,Sequoia Produce,POINT (-119.1046608 36.3254898)
2374018192,2511,convenience,Lemon Cove Market,POINT (-119.0255356 36.3843926)
2374020610,2511,convenience,Prince Mart,POINT (-119.0223598 36.3950417)
2376686795,2505,department_store,dd's Discounts,POINT (-121.654531 36.7190543)
2379497804,2511,convenience,The Local Shoppe,POINT (-122.0453336 36.9623606)
2380935164,2511,convenience,Silver City Store,POINT (-118.6470069 36.4667111)
2383794419,2528,greengrocer,,POINT (-121.4511103 39.0260169)
2388067817,2501,supermarket,FoodMaxx,POINT (-121.916399 37.3175641)
2390947266,2016,market_place,Farmers Market,POINT (-121.4697424 38.5486929)
2390970857,2016,market_place,Farmers Market,POINT (-121.392504 38.6016845)
2390977916,2016,market_place,Farmers Market,POINT (-121.4294016 38.5965905)
2390987804,2511,convenience,Grand Market,POINT (-122.2551727 37.7725514)
2390997308,2528,greengrocer,Dan's Fresh Produce,POINT (-122.2441261 37.7645507)
2392213888,2511,convenience,Larkey Market & Deli,POINT (-122.0780066 37.9241415)
2398606788,2501,supermarket,Piazza's Fine Foods,POINT (-122.1098756 37.4187525)
2400014631,2505,department_store,Burlington,POINT (-121.4976914 38.6411731)
2401039921,2511,convenience,7-Eleven,POINT (-121.5699542 37.0208092)
2405775321,2511,convenience,State Market Liquor,POINT (-122.301296 37.8069846)
2412716300,2501,supermarket,hk outlets,POINT (-122.2664057 37.7991623)
2414008475,2501,supermarket,Mendoza Market,POINT (-121.242553 36.3194389)
2414010486,2511,convenience,$10 Dollar Store,POINT (-121.2417054 36.3186349)
2416941915,2501,supermarket,Hometown Grocery,POINT (-122.267846 37.7994307)
2416945139,2501,supermarket,LG Supermarket,POINT (-122.2700186 37.8002901)
2417346582,2511,convenience,Gasquet Market,POINT (-123.969404 41.8455721)
2418420316,2501,supermarket,99 Ranch Market,POINT (-122.015328 37.3367415)
2422016317,2511,convenience,Three Palms Grocery,POINT (-121.2182039 38.0054202)
2422036007,2511,convenience,Clements Ranch,POINT (-121.0996127 38.1857627)
2422037673,2511,convenience,Clements Country Market,POINT (-121.0868508 38.1908729)
2422039224,2501,supermarket,Clements Ridge Produce,POINT (-121.0692126 38.1984954)
2422041708,2511,convenience,Mary's Mini Mart,POINT (-121.049965 38.2345817)
2434557606,2511,convenience,,POINT (-119.291393 35.9718172)
2434557661,2511,convenience,,POINT (-119.2931573 35.9737699)
2438436771,2511,convenience,7-Eleven,POINT (-121.92283 37.7055739)
2449792588,2511,convenience,La Porte General Store,POINT (-120.9835655 39.68293)
2453601864,2511,convenience,Jim's Smoke Shop & Deli,POINT (-122.387782 37.7606346)
2459939884,2511,convenience,Store,POINT (-121.9376582 36.6190999)
2459956563,2501,supermarket,Grocery Outlet,POINT (-121.98297 37.5300618)
2459988875,2505,department_store,Macy's,POINT (-122.0011274 37.5255857)
2467454138,2528,greengrocer,,POINT (-121.2685313 38.8860039)
2476100235,2511,convenience,7-Eleven,POINT (-121.848261 36.6029494)
2476918531,2505,department_store,Ross,POINT (-122.0633969 37.9465206)
2479681841,2501,supermarket,Whole Foods Market,POINT (-122.4270651 37.7687435)
2480678818,2501,supermarket,Lucky,POINT (-121.9520093 37.5559096)
2481418838,2511,convenience,7-Eleven,POINT (-122.240809 37.4907493)
2481944214,2501,supermarket,Bolinas Market,POINT (-122.6850941 37.9097842)
2483022375,2505,department_store,Ross,POINT (-122.229978 37.4572955)
2484033132,2501,supermarket,Raley's,POINT (-121.878781 37.6517724)
2487652502,2501,supermarket,Safeway,POINT (-122.25203 37.8506081)
2489086604,2511,convenience,Weimar Country Store,POINT (-120.9745499 39.0318535)
2494393481,2501,supermarket,Jiffy Market,POINT (-121.9609565 37.2409289)
2494421337,2016,market_place,Boulder Creek Farmer's Market,POINT (-122.122504 37.1240356)
2495634923,2501,supermarket,Gold Star Mart,POINT (-121.4981018 38.5701881)
2500351815,2511,convenience,7-Eleven,POINT (-121.971511 37.5760201)
2503295303,2501,supermarket,FoodMaxx,POINT (-121.781917 37.9652976)
2509405324,2505,department_store,JCPenney,POINT (-121.268035 38.7735193)
2509799835,2505,department_store,Target,POINT (-122.447148 37.782036)
2510589067,2501,supermarket,Luck 7 Supermercado,POINT (-121.8481844 37.3456591)
2511043462,2511,convenience,Corona Market,POINT (-120.8459616 37.7645489)
2511053373,2511,convenience,Central Market,POINT (-120.9573913 37.5571831)
2511065853,2501,supermarket,Wolfsen's Meat Market,POINT (-120.9969485 37.2529026)
2525724761,2511,convenience,Van Ness Vallejo Market,POINT (-122.4238896 37.7968023)
2527019138,2511,convenience,Chevron FoodMart,POINT (-120.6262939 36.6389896)
2527019140,2511,convenience,Food Mart,POINT (-120.6274994 36.6385089)
2532910831,2511,convenience,Chevron FoodMart,POINT (-119.9589376 35.9868191)
2532910838,2511,convenience,Food Mart,POINT (-119.9588842 35.987518)
2532910839,2511,convenience,FoodMart,POINT (-119.960278 35.9886463)
2532910849,2511,convenience,Mobil Mart,POINT (-119.9592469 35.9877196)
2551989425,2501,supermarket,Raley's,POINT (-121.8012339 38.6766059)
2555822674,2511,convenience,Valero,POINT (-119.96028 35.9902434)
2557860419,2511,convenience,Derby Food Center,POINT (-122.253404 37.8618)
2562275944,2501,supermarket,Food Source,POINT (-121.4552798 38.6827463)
2562275948,2511,convenience,7-Eleven,POINT (-121.4574182 38.6835524)
2566455945,2501,supermarket,Corral Market & Deli,POINT (-121.727323 36.5783697)
2572195811,2501,supermarket,Lucky,POINT (-121.857317 37.2492618)
2583206999,2501,supermarket,Indian Groceries,POINT (-121.5046585 38.6701019)
2583207782,2501,supermarket,Natraj Indian Foods,POINT (-121.5104683 38.6498924)
2586290020,2511,convenience,7-Eleven,POINT (-122.0385946 37.9562997)
2588197283,2505,department_store,Target,POINT (-121.426261 38.5495395)
2588221045,2505,department_store,Kohl's,POINT (-121.4237803 38.596234)
2589524973,2511,convenience,Chevron,POINT (-122.5379966 41.6464959)
2589550241,2505,department_store,Ross,POINT (-121.4575681 37.7584319)
2589909684,2501,supermarket,Raley's,POINT (-122.0660105 38.2574839)
2589929166,2505,department_store,TJ Maxx,POINT (-122.1417063 38.215332)
2590491557,2505,department_store,Target,POINT (-121.9613315 38.3610366)
2590493283,2505,department_store,Burlington,POINT (-121.964131 38.360385)
2590493942,2505,department_store,Ross,POINT (-121.9662639 38.3604083)
2590547087,2501,supermarket,Grocery Outlet,POINT (-121.9592533 38.3676348)
2591789125,2501,supermarket,Grocery Outlet,POINT (-121.3876382 38.4254082)
2591804832,2505,department_store,Burlington,POINT (-121.390931 38.4265041)
2591807840,2505,department_store,Ross,POINT (-121.3945605 38.4267428)
2600714292,2511,convenience,San Lucas Pitstop,POINT (-121.0209117 36.1279378)
2600731697,2511,convenience,Ozzy's Minimart,POINT (-121.1207455 36.2107921)
2600782845,2501,supermarket,Smart & Final extra!,POINT (-122.0715874 37.378767)
2604149617,2511,convenience,Lake Vista Liquors,POINT (-121.9969205 37.3968405)
2604149621,2501,supermarket,New Wing Yuan Market,POINT (-121.996942 37.3975655)
2606211036,2511,convenience,7-Eleven,POINT (-121.802769 36.6832778)
2606267506,2511,convenience,Tommy's FoodMart,POINT (-121.804915 36.6813441)
2607378267,2501,supermarket,Nob Hill Foods,POINT (-121.832311 37.2376501)
2607498435,2501,supermarket,Western Pacific Filipino Grocery,POINT (-122.0046114 37.388986)
2612606593,2016,market_place,Northgate Cargo Control,POINT (-121.48114 38.6479051)
2613496982,2501,supermarket,O'Brian's Market,POINT (-120.9600001 37.7316163)
2613496985,2505,department_store,Target,POINT (-120.9531038 37.7134624)
2613496986,2501,supermarket,Save Mart,POINT (-120.9568004 37.713534)
2613496988,2505,department_store,Kohl's,POINT (-120.954346 37.7134181)
2617822805,2501,supermarket,Rancho San Miguel Markets,POINT (-121.455906 38.5472861)
2617825633,2501,supermarket,FoodMaxx,POINT (-121.46112 38.4948653)
2618506395,2511,convenience,,POINT (-121.7933176 36.2608609)
2618588520,2511,convenience,,POINT (-121.7862201 36.2506557)
2620441931,2501,supermarket,Grocery Outlet,POINT (-121.883998 37.3383046)
2623010379,2511,convenience,City MiniMart,POINT (-121.913229 37.3328361)
2623068683,2501,supermarket,New Leaf Community Market,POINT (-121.9635974 36.9692871)
2623071181,2501,supermarket,Save-Mart,POINT (-121.9658793 36.9717761)
2625276230,2511,convenience,Chevron Extra Mile,POINT (-122.4344896 37.7627767)
2626604199,2501,supermarket,99 Ranch Market,POINT (-121.8732583 37.6995868)
2626609168,2511,convenience,Golden Market,POINT (-122.4181695 37.7507677)
2627661184,2511,convenience,R Image Market,POINT (-122.4141343 37.7510149)
2634690887,2501,supermarket,Dunsmuir Supermarket,POINT (-122.2721058 41.2133097)
2635702230,2501,supermarket,Nitta Ranch,POINT (-121.219647 38.8175619)
2636064408,2511,convenience,The Grove,POINT (-121.311083 37.9804535)
2638103317,2505,department_store,Marshalls,POINT (-122.2196958 38.1337123)
2638103319,2505,department_store,Ross,POINT (-122.2203904 38.1326326)
2640952059,2511,convenience,ampm,POINT (-123.352092 39.4036541)
2641796593,2501,supermarket,Grocery Outlet,POINT (-122.405368 37.7415785)
2641902605,2501,supermarket,Mariposa Market,POINT (-123.3528159 39.4065587)
2648526660,2505,department_store,99cent Store & Over,POINT (-122.2051525 37.4727087)
2648628157,2501,supermarket,,POINT (-122.2175731 37.4805753)
2651172761,2501,supermarket,Save Mart,POINT (-120.360718 36.1351305)
2651685984,2511,convenience,Shoreline Market,POINT (-124.0734816 41.2850753)
2653323103,2501,supermarket,Walmart Neighborhood Market,POINT (-119.680832 36.807126)
2655212508,2511,convenience,7-Eleven,POINT (-121.9667835 37.3088801)
2655263941,2501,supermarket,Mitsuwa Marketplace,POINT (-121.9782 37.3149469)
2655541785,2511,convenience,17th & Balboa Market,POINT (-122.4760759 37.7765595)
2657060996,2511,convenience,7-Eleven,POINT (-121.978215 37.3461454)
2658424321,2501,supermarket,Hankook,POINT (-122.0014835 37.351708)
2663431885,2501,supermarket,Wolfe India Bazar,POINT (-122.0169278 37.3662756)
2667574537,2501,supermarket,Five Markets,POINT (-122.408716 37.7529431)
2668905354,2501,supermarket,Chavez Supermarket,POINT (-122.2033108 37.470651)
2668905560,2501,supermarket,Pena Meat and Food Market,POINT (-122.2047252 37.4720461)
2672383507,2501,supermarket,Osaka Marketplace,POINT (-121.93073 37.4881103)
2672383521,2511,convenience,7-Eleven,POINT (-121.9266666 37.4916304)
2674335031,2501,supermarket,Sakura Japanese Groceries & Gifts,POINT (-121.311504 37.9870345)
2675775140,2505,department_store,Dillard's,POINT (-121.3114094 37.9935109)
2678330866,2510,general,Westside grocery,POINT (-121.5586911 41.998031)
2683062657,2511,convenience,Chevron,POINT (-121.746817 37.9610631)
2686015544,2511,convenience,Food Shop,POINT (-122.1886237 37.4742692)
2686083700,2505,department_store,Macy's,POINT (-121.3133727 37.9979499)
2690341506,2505,department_store,Sears,POINT (-121.3124635 37.995853)
2693004231,2501,supermarket,Frank's Liquors,POINT (-122.4505453 37.7694214)
2693992193,2511,convenience,Nilgiris (Indian Store),POINT (-121.9280587 37.4924734)
2697114401,2505,department_store,JCPenney,POINT (-121.310403 37.9949792)
2698387925,2501,supermarket,Golden Farmer Market,POINT (-122.420782 37.7902045)
2699043110,2511,convenience,7-Eleven,POINT (-119.879821 36.8365748)
2704703748,2511,convenience,Blue Fog Market,POINT (-122.4272116 37.7970779)
2711826834,2501,supermarket,New Cambodian Market Asian Grocery,POINT (-121.3228924 37.9899373)
2713449215,2016,market_place,Associated Students Farmer's Market,POINT (-122.4805093 37.7226102)
2714942366,2016,market_place,The Village Market,POINT (-122.4823518 37.7233534)
2725422548,2501,supermarket,Haafiz Food Mart,POINT (-122.0197592 37.5863376)
2726489088,2511,convenience,Ross,POINT (-121.4763397 41.9534409)
2730487173,2505,department_store,Target,POINT (-122.403758 37.7846295)
2744235303,2016,market_place,Grand Lake – Oakland Farmers Market,POINT (-122.2476338 37.8105631)
2778805942,2505,department_store,TJ Maxx,POINT (-122.037127 37.9175453)
2789494036,2511,convenience,Kwik Break,POINT (-119.808871 36.343122)
2792019738,2510,general,Broadway Market,POINT (-122.460743 38.275435)
2793710092,2501,supermarket,Whole Foods Market,POINT (-122.462555 38.291356)
2793898368,2528,greengrocer,Watmaugh Strawberry Stand,POINT (-122.482478 38.261237)
2793899760,2511,convenience,Bonneau Market,POINT (-122.461675 38.235947)
2795626710,2501,supermarket,Save Mart,POINT (-120.55566 38.0786638)
2797601769,2501,supermarket,Sonoma Market,POINT (-122.468686 38.293324)
2805280721,2511,convenience,Town Market,POINT (-122.2380254 38.1044143)
2805280723,2511,convenience,7-Eleven,POINT (-122.2239494 38.0996339)
2819256151,2511,convenience,Oak Fair Market,POINT (-122.435627 37.773267)
2821699301,2501,supermarket,Raley's,POINT (-122.7713992 38.4540842)
2823032001,2511,convenience,San Francisco Chronicle News,POINT (-122.389446 37.616684)
2823083001,2511,convenience,7-Eleven,POINT (-122.591197 37.9850455)
2823987402,2528,greengrocer,Saetern Strawberry Field,POINT (-122.482459 38.261251)
2838230570,2511,convenience,7-Eleven,POINT (-122.5185748 38.0057919)
2838479530,2501,supermarket,Monte Vista Food Center,POINT (-122.2534898 37.8254386)
2838833021,2511,convenience,Paraka Market,POINT (-122.047197 37.3711698)
2849740423,2528,greengrocer,South Berkeley Produce & Meat Market,POINT (-122.278689 37.8509905)
2854358253,2501,supermarket,La Hacienda Supermarket,POINT (-122.3205471 37.5761369)
2856527717,2501,supermarket,Safeway,POINT (-122.0347351 37.336179)
2857441206,2501,supermarket,Safeway,POINT (-122.6219218 38.2489174)
2865639800,2511,convenience,98 Cents Plus,POINT (-121.128511 36.2115378)
2867383552,2505,department_store,TJ Maxx,POINT (-122.125721 37.8588782)
2869308732,2511,convenience,Adel's Wine Cellar,POINT (-122.4489819 37.7615674)
2886489681,2501,supermarket,Seafood City,POINT (-122.0554713 37.9737816)
2891851311,2511,convenience,La Grange General Store,POINT (-120.4646865 37.6626101)
2924952137,2511,convenience,SMS Market,POINT (-122.2798297 37.8386443)
2926179877,2511,convenience,Mini-Mart Liquor & Deli,POINT (-119.6545992 37.332078)
2926186729,2511,convenience,EZ Mart,POINT (-119.6544219 37.3313773)
2928185024,2511,convenience,,POINT (-120.0024988 36.9950766)
2928269302,2505,department_store,Sears,POINT (-120.0798574 36.9522544)
2928382086,2505,department_store,JCPenney,POINT (-120.868639 37.0558178)
2934354042,2511,convenience,Three Rivers Market,POINT (-118.9049965 36.4394893)
2948010979,2501,supermarket,State Foods Supermarket,POINT (-120.6384304 36.9854987)
2948013613,2511,convenience,Does Palos Mini Mart,POINT (-120.6325029 36.9856217)
2948031936,2511,convenience,Omar Market,POINT (-120.4607117 36.8619189)
2948040569,2511,convenience,99 Cents & More,POINT (-120.4585066 36.8596098)
2948075108,2501,supermarket,Star Super Market,POINT (-120.3880001 36.7520544)
2948076184,2501,supermarket,Garcia's Market,POINT (-120.3876976 36.7485731)
2948376474,2511,convenience,DJ's Dollar Daze,POINT (-119.513003 37.0376926)
2948490923,2511,convenience,Millerton Country Store,POINT (-119.62421 36.9704718)
2951614153,2501,supermarket,Super Save,POINT (-120.0581264 36.9752393)
2951614162,2511,convenience,7-Eleven,POINT (-120.055858 36.9741565)
2956812337,2511,convenience,Pine-Taylor Market,POINT (-122.4121671 37.7908059)
2961954614,2511,convenience,Peters Market,POINT (-121.2756249 37.881134)
2961958294,2501,supermarket,Arteaga's,POINT (-121.2838261 37.9325555)
2961960788,2511,convenience,Elsumeri Market,POINT (-121.2723074 37.9491296)
2961967110,2511,convenience,Shop N Buy Market,POINT (-121.1955836 37.9889137)
2961967446,2511,convenience,Quick Stop,POINT (-121.1702227 37.9954169)
2962107269,2501,supermarket,Dollar General Market,POINT (-121.2577097 37.9803567)
2962113719,2501,supermarket,La Superior,POINT (-121.2678189 37.972345)
2964015120,2528,greengrocer,Crystal Springs Produce,POINT (-122.338509 37.5199355)
2973947836,2511,convenience,7-Eleven,POINT (-121.7412626 37.704901)
2975330433,2501,supermarket,Smart & Final,POINT (-122.2938744 37.5550283)
2975342733,2501,supermarket,99 Ranch Market,POINT (-122.2571467 37.5535619)
2975371310,2501,supermarket,Suruki Super Market,POINT (-122.3237052 37.5636022)
2983741065,2501,supermarket,Bel Air,POINT (-121.2635602 38.6252538)
2983791594,2501,supermarket,Davis Ranch,POINT (-121.1695904 38.4935621)
2983921261,2501,supermarket,The Farm Bowl,POINT (-121.2035253 38.0202712)
2983926842,2511,convenience,Danny's Market,POINT (-121.2764803 37.9624446)
2983940102,2511,convenience,Madison Market,POINT (-121.2955187 37.9599251)
2988472469,2511,convenience,Food Mart,POINT (-121.9987849 37.352735)
2993198276,2505,department_store,,POINT (-121.6118079 39.7699478)
3003273117,2511,convenience,ampm,POINT (-120.8886764 37.536194)
3003839869,2511,convenience,76,POINT (-122.0587447 37.337837)
3009487838,2511,convenience,New Star Market,POINT (-122.4193356 37.7682232)
3011004969,2511,convenience,7-Eleven,POINT (-122.279769 37.831245)
3013760576,2511,convenience,Steve's Good To Go,POINT (-121.9844062 36.9877715)
3026628818,2511,convenience,7-Eleven,POINT (-120.0221298 39.2363043)
3061220233,2501,supermarket,Cost Less Food,POINT (-120.854776 37.776124)
3061240233,2501,supermarket,Big Boy,POINT (-120.985255 37.794941)
3061276733,2505,department_store,dd's Discounts,POINT (-121.254452 37.785639)
3065879938,2511,convenience,7-Eleven,POINT (-121.170178 38.706507)
3066182060,2505,department_store,Ross,POINT (-121.9887643 37.5466276)
3067864533,2511,convenience,Lombard Heights Market,POINT (-122.4098541 37.803113)
3076013110,2505,department_store,Ross,POINT (-121.209007 38.8034121)
3076013111,2501,supermarket,Trader Joe's,POINT (-121.20906 38.8028944)
3088435531,2511,convenience,F & G Grocery,POINT (-122.423328 37.758486)
3104444346,2501,supermarket,Sprouts Farmers Market,POINT (-121.3983183 38.6193357)
3120885818,2511,convenience,7-Eleven,POINT (-122.1304243 37.7016738)
3121139941,2511,convenience,7-Eleven,POINT (-122.6374294 38.2323665)
3125407606,2511,convenience,3 Rings,POINT (-122.2500792 37.7981793)
3125416918,2511,convenience,Carriage Trade Liquors,POINT (-122.2511467 37.7994181)
3137935930,2501,supermarket,Lucky,POINT (-121.966786 37.3291817)
3137940129,2511,convenience,7-Eleven,POINT (-121.9634888 37.3303479)
3141246929,2510,general,,POINT (-121.5622266 40.5308106)
3146681807,2501,supermarket,Grocery Outlet,POINT (-119.781514 36.7397308)
3148123214,2501,supermarket,Pang Kee Bargain Market,POINT (-122.4085421 37.7979062)
3148123215,2501,supermarket,"Sun Kau Shing Co., Inc.",POINT (-122.4086385 37.798411)
3154865900,2511,convenience,Ocean Cove Store,POINT (-123.3010248 38.5554722)
3154866117,2511,convenience,Jenner C-Store,POINT (-123.1147049 38.4495455)
3167010068,2511,convenience,Lee's Market,POINT (-122.2655533 37.8493782)
3171712586,2501,supermarket,Dollar General Market,POINT (-120.6131854 37.3866839)
3171712598,2511,convenience,Five Star Food & Mart,POINT (-120.7653211 37.4198719)
3171712663,2501,supermarket,Hilmar Market,POINT (-120.848937 37.4108749)
3171777476,2511,convenience,,POINT (-120.7207373 37.3893871)
3171779070,2511,convenience,Amigos Market,POINT (-120.7203411 37.3892405)
3172042328,2511,convenience,Circle K,POINT (-120.8341676 37.0742127)
3172165938,2511,convenience,Oxxo Mini Mart,POINT (-120.5765671 37.3373976)
3172166964,2511,convenience,M & A Market,POINT (-120.5275499 37.3313035)
3172167436,2501,supermarket,Westside Grocery,POINT (-120.7403361 37.3606024)
3180195238,2501,supermarket,Grocery Outlet,POINT (-121.2691756 38.6195838)
3180195249,2501,supermarket,Smart & Final,POINT (-121.270698 38.6165531)
3183085927,2511,convenience,Chuck's Sun Valley Grocery,POINT (-122.4266861 37.7452193)
3189064943,2511,convenience,Green Street Market,POINT (-122.4302557 37.7969094)
3192101769,2511,convenience,Circle K,POINT (-121.0011192 37.9304329)
3192694042,2501,supermarket,FoodMax,POINT (-122.1352281 37.6877467)
3211646361,2511,convenience,E-Z Trip,POINT (-120.1031626 36.0749865)
3213621500,2501,supermarket,Lion Supermarket,POINT (-121.910254 37.4565039)
3221988857,2501,supermarket,Smart & Final,POINT (-118.3946449 37.3734663)
3231995560,2528,greengrocer,The Fruit Basket,POINT (-122.268659 37.828279)
3238659965,2511,convenience,Larkin Corner Market,POINT (-122.4190711 37.7916503)
3240421235,2501,supermarket,Awe Sum Organically,POINT (-122.027397 36.975046)
3243807462,2511,convenience,Van Ness Liquor Wine & Spirits,POINT (-122.4225661 37.7927384)
3243845694,2511,convenience,7-Eleven,POINT (-121.9984984 37.5371653)
3243999352,2501,supermarket,New India Bazaar,POINT (-122.0007281 37.5363367)
3245704838,2501,supermarket,Pokerville Market,POINT (-120.8508113 38.4719985)
3245704839,2501,supermarket,Grocery Outlet,POINT (-120.7757321 38.3470571)
3248794862,2505,department_store,Ross,POINT (-121.9221166 37.4295497)
3251650667,2501,supermarket,Save Mart,POINT (-121.238931 37.7981463)
3257635213,2511,convenience,7-Eleven,POINT (-121.953363 37.3881452)
3272065315,2501,supermarket,Nob Hill Foods,POINT (-121.9597279 37.2403368)
3280806587,2511,convenience,7-Eleven,POINT (-122.7435391 38.4688321)
3281579647,2501,supermarket,Viva,POINT (-121.4586691 38.6448411)
3284513231,2501,supermarket,Besan’s International Market,POINT (-122.4110815 37.6238657)
3299014168,2511,convenience,7-Eleven,POINT (-120.1053786 39.191282)
3301478960,2016,market_place,Curtis Park Market,POINT (-121.4830685 38.5548944)
3303358570,2511,convenience,7-Eleven,POINT (-122.413948 37.808049)
3330083463,2505,department_store,Macy's,POINT (-121.2681841 38.6740871)
3330083464,2505,department_store,JCPenney,POINT (-121.268001 38.6753522)
3331380077,2505,department_store,Ross,POINT (-121.8425855 36.6219438)
3331380078,2505,department_store,Marshalls,POINT (-121.8457508 36.618592)
3331463630,2505,department_store,Ross,POINT (-121.842849 37.37242)
3333365421,2505,department_store,Macy's,POINT (-121.6585668 36.7192013)
3333365870,2505,department_store,Target,POINT (-121.6526981 36.7146272)
3333365871,2505,department_store,Marshalls,POINT (-121.6527933 36.716108)
3337200794,2501,supermarket,Tahoe Central Market,POINT (-120.0236702 39.2365317)
3364661724,2501,supermarket,Grocery Outlet,POINT (-120.8532916 37.7754159)
3365984217,2505,department_store,Marshalls,POINT (-121.1271155 38.65398)
3365984222,2505,department_store,Ross,POINT (-121.1268709 38.6536393)
3367640055,2505,department_store,Target,POINT (-121.0621558 38.6499626)
3367652211,2501,supermarket,Nugget Markets,POINT (-121.0672066 38.6528595)
3370669811,2511,convenience,Mobil,POINT (-120.949553 39.9379588)
3370669812,2511,convenience,Chevron,POINT (-120.950728 39.9382778)
3376135508,2501,supermarket,Sutter Fine Foods,POINT (-122.4165679 37.7884234)
3379039894,2501,supermarket,Sprouts Farmers Market,POINT (-121.9622757 37.3499772)
3381660976,2501,supermarket,Pacifica Farmers Market,POINT (-122.4917934 37.6508172)
3381682561,2501,supermarket,Sun Valley Market,POINT (-122.4863381 37.613574)
3381846678,2501,supermarket,Sun Valley Fine Food,POINT (-122.4753837 37.5828389)
3383183077,2511,convenience,Sinclair,POINT (-120.0300411 39.2375669)
3383903155,2505,department_store,Burlington,POINT (-121.6528021 37.1554969)
3384049740,2505,department_store,Target,POINT (-121.483624 38.5778602)
3385127979,2505,department_store,Target,POINT (-122.267687 37.8695816)
3393092803,2511,convenience,Choice Korner,POINT (-122.2667377 37.7992907)
3441671975,2501,supermarket,Grocery Outlet,POINT (-120.378671 37.9755488)
3441680643,2501,supermarket,Safeway,POINT (-120.3620445 37.9737519)
3447192034,2501,supermarket,best buy market,POINT (-119.3059128 36.3134312)
3456741594,2505,department_store,Target,POINT (-121.9609068 37.3502894)
3458085812,2511,convenience,Parkside Market,POINT (-121.892495 38.021443)
3466883806,2501,supermarket,Super Mercado,POINT (-120.9940854 37.6100056)
3466883811,2511,convenience,Charlie's Market,POINT (-120.9930474 37.537656)
3466886631,2511,convenience,Lion's Market,POINT (-120.9935218 37.6251608)
3478495313,2505,department_store,Marshalls,POINT (-121.9058653 37.3389434)
3478495341,2511,convenience,Civic Center Market,POINT (-121.9013254 37.3466765)
3483479949,2501,supermarket,Mr. G's Country Store,POINT (-119.831597 36.5429603)
3489924891,2511,convenience,Save More Liquor and Grocery,POINT (-122.4382388 37.7779289)
3498203798,2501,supermarket,Royal Food Market,POINT (-121.9374402 37.5308077)
3522837920,2528,greengrocer,KJ Produce Market,POINT (-122.4622496 37.7643657)
3524458050,2501,supermarket,6001 California Market (Appel & Dietrich),POINT (-122.4819672 37.7839057)
3524712654,2505,department_store,JCPenney,POINT (-120.874947 37.5092291)
3534520165,2501,supermarket,Carniceria El Brinquito,POINT (-122.4862731 38.3198633)
3534530264,2501,supermarket,Carniceria La Favorita,POINT (-122.4852867 38.3186485)
3539619986,2511,convenience,Taylor Street Market,POINT (-121.8924039 37.3525761)
3540104120,2511,convenience,West Portal Daily,POINT (-122.4664515 37.7404899)
3545344096,2511,convenience,Miraloma Liquors,POINT (-122.4529427 37.7444725)
3547867168,2511,convenience,Woodfords Station,POINT (-119.8225176 38.7768531)
3548648280,2511,convenience,East Fork Resort,POINT (-119.7529379 38.6846117)
3549410919,2511,convenience,Bob's Market,POINT (-119.3190463 37.1068112)
3559573562,2511,convenience,Eezy Freezy,POINT (-122.4659263 37.7404952)
3560256373,2501,supermarket,Maxim Market,POINT (-121.856191 37.334235)
3560256861,2501,supermarket,Story Supermarket,POINT (-121.85246 37.3329372)
3562526725,2501,supermarket,Safeway,POINT (-120.206545 39.3272672)
3562800871,2511,convenience,Kim Nguyễn Market,POINT (-121.8395081 37.2987654)
3564521986,2501,supermarket,Good Luck Market,POINT (-122.479296 37.7427662)
3565153877,2501,supermarket,Cash & Carry,POINT (-122.2672304 37.7937589)
3579138983,2501,supermarket,Lion Market,POINT (-121.8238643 37.3006195)
3582196297,2501,supermarket,FoodMaxx,POINT (-121.9826684 37.5440472)
3584997296,2511,convenience,Hidalgo's Little Market,POINT (-121.8727036 37.6622518)
3608593363,2511,convenience,Tri EZ,POINT (-121.9071886 37.3312622)
3609815461,2511,convenience,Guru’s Market,POINT (-121.8812752 37.3466767)
3621209397,2501,supermarket,Trader Joe's,POINT (-121.9860846 37.5435716)
3622806326,2016,market_place,Downtown San Jose Farmers’ Market,POINT (-121.8932308 37.3356512)
3624624017,2501,supermarket,Tân Lập Supermarket,POINT (-121.8474255 37.309198)
3624973249,2511,convenience,Rose Market,POINT (-121.8656045 37.3477956)
3624973528,2511,convenience,V-Mart,POINT (-121.870454 37.351962)
3624973545,2511,convenience,Veer Indian Cash & Carry,POINT (-121.8709663 37.3519193)
3624973558,2511,convenience,Bonfare,POINT (-121.8715993 37.3510814)
3624973561,2511,convenience,LD-Lucky Market,POINT (-121.8779508 37.3483244)
3628053293,2501,supermarket,Sierra City Store,POINT (-120.63623 39.565626)
3630269586,2511,convenience,Shop and Save Market,POINT (-121.900095 37.3237325)
3630269815,2511,convenience,Chevron,POINT (-121.900057 37.3232723)
3632356228,2511,convenience,For You Mini Market,POINT (-121.899838 37.3248049)
3634866120,2511,convenience,AK’s In & Out Mini Market,POINT (-121.8894906 37.3363486)
3634866127,2511,convenience,AK’s Square,POINT (-121.8901449 37.3365928)
3634866133,2511,convenience,ExtraMile,POINT (-121.888145 37.3378068)
3634866139,2016,market_place,Urban Kiosk,POINT (-121.88351 37.3392883)
3640211825,2501,supermarket,Bharat Bazaar,POINT (-121.9972717 37.3673611)
3641710571,2501,supermarket,Harvest Urban Market,POINT (-122.4116366 37.7764867)
3643661929,2511,convenience,Mary’s Market & Water,POINT (-121.9111982 37.3265062)
3645875854,2501,supermarket,Aptos Natural Foods,POINT (-121.9106418 36.9817188)
3646476049,2501,supermarket,WinCo Foods,POINT (-124.1779725 40.7819597)
3646490505,2505,department_store,Walmart,POINT (-124.190507 40.780681)
3648686275,2511,convenience,Rainbow Market & Deli,POINT (-122.4175749 37.7841613)
3649738566,2501,supermarket,Raley's,POINT (-122.6441413 41.7004786)
3657473857,2501,supermarket,Smart & Final,POINT (-121.9806847 37.5513128)
3658311027,2511,convenience,Eddy's Market,POINT (-122.4683007 37.7638269)
3663976017,2511,convenience,Guerrero Market,POINT (-122.4230438 37.755278)
3667881625,2511,convenience,Five Markets,POINT (-122.4649701 37.7621197)
3667945172,2501,supermarket,Lucky,POINT (-122.0899045 37.6478109)
3676726245,2511,convenience,Kwik & Convenient Liquor Supermarket,POINT (-121.9802876 37.5516233)
3676933244,2501,supermarket,Sprouts Farmers Market,POINT (-121.908258 37.3401952)
3678414581,2511,convenience,Grewal,POINT (-121.8743326 37.3313609)
3678527433,2528,greengrocer,Mỹ Thiên Fruitshop,POINT (-121.8403357 37.2995482)
3681402862,2505,department_store,Ross,POINT (-122.0357968 37.3361425)
3686450976,2511,convenience,Sakura,POINT (-122.4681063 37.7641267)
3700288359,2511,convenience,3 Kings Market & Beer,POINT (-121.9082465 37.3238456)
3700417832,2501,supermarket,Lucky,POINT (-121.827985 37.3230314)
3700418046,2501,supermarket,Lion Supermarket,POINT (-121.823828 37.3211458)
3700431859,2528,greengrocer,Cô 6 Trái Cây,POINT (-121.855122 37.33075)
3700772566,2505,department_store,Nordstrom,POINT (-121.946534 37.3262162)
3700772568,2505,department_store,Macy's,POINT (-121.948089 37.3245504)
3710953949,2511,convenience,Shell,POINT (-121.928039 37.3436912)
3711317169,2501,supermarket,Sprouts Farmers Market,POINT (-121.810676 37.3094073)
3711324855,2501,supermarket,Maxim Market,POINT (-121.8111454 37.3099684)
3713141806,2511,convenience,7-Eleven,POINT (-122.319527 37.5669486)
3715624080,2501,supermarket,Nob Hill,POINT (-122.2859373 38.3241936)
3715632816,2501,supermarket,Lucky,POINT (-122.301783 38.3234529)
3722170350,2501,supermarket,Nob Hill Foods,POINT (-121.780584 36.9192993)
3733963126,2511,convenience,Santa Clara Mini Market,POINT (-121.9485185 37.3601836)
3748087527,2501,supermarket,Raley's,POINT (-121.514748 38.5829954)
3748094805,2501,supermarket,Arteaga's,POINT (-121.5256748 38.5904104)
3748097156,2501,supermarket,Grocery Outlet,POINT (-121.2735073 37.9669929)
3748099233,2501,supermarket,Yolo Fruit Stand,POINT (-121.6441703 38.5615898)
3748099535,2501,supermarket,Gai's Basket,POINT (-121.070135 38.8988234)
3761529309,2501,supermarket,Holiday Market,POINT (-121.2298894 40.3074201)
3763984222,2501,supermarket,Coconut Hill Indian Grocery,POINT (-121.9316539 37.4931154)
3778854172,2511,convenience,Bear Valley General Store,POINT (-120.0403875 38.4652401)
3789617901,2511,convenience,Samovar Deli,POINT (-122.0966398 37.4193286)
3790822864,2511,convenience,Parkview Market,POINT (-122.453074 37.7662623)
3790823457,2511,convenience,Sunny Country Foods,POINT (-122.4526937 37.7643959)
3798594291,2511,convenience,Hometown Donuts,POINT (-122.2653248 37.7967027)
3799894173,2501,supermarket,Gazzail's Supermarket,POINT (-122.1774582 37.7677359)
3808428945,2501,supermarket,Marina Foods,POINT (-122.0337564 37.3246458)
3810633923,2016,market_place,Jack London Square – Oakland Farmers Market,POINT (-122.274763 37.7940844)
3810636657,2016,market_place,Temescal - Oakland Farmers Market,POINT (-122.2594145 37.8399089)
3810637762,2016,market_place,Fruitvale - Oakland Farmers Market,POINT (-122.2242054 37.7756872)
3812037585,2510,general,Cazadero General Store,POINT (-123.0860046 38.5337531)
3814942139,2511,convenience,Trinethra Indian Grocery store,POINT (-122.0331471 37.318984)
3814942152,2501,supermarket,99 Ranch Market,POINT (-122.0338041 37.316987)
3814942193,2505,department_store,TJ Maxx,POINT (-122.035742 37.3220679)
3836342986,2511,convenience,7-Eleven,POINT (-122.062797 37.3772582)
3846089957,2016,market_place,Kenwood Village Market,POINT (-122.5518182 38.4190235)
3850073315,2501,supermarket,Gus's Community Market,POINT (-122.4128227 37.763978)
3857827557,2501,supermarket,Rubin's Market,POINT (-122.413623 37.749437)
3862258791,2501,supermarket,La Princesa Market,POINT (-121.6050655 36.6794137)
3862259102,2501,supermarket,El Rey Market,POINT (-121.6123431 36.6768911)
3862259110,2501,supermarket,Foods Co,POINT (-121.625783 36.6715281)
3862259114,2511,convenience,Express Mart,POINT (-121.6519309 36.6897657)
3862259119,2501,supermarket,Oak Park Market,POINT (-121.6370489 36.7337604)
3862262087,2511,convenience,Gong's,POINT (-121.2930431 37.9674156)
3862262159,2501,supermarket,Super King,POINT (-121.310022 38.0080914)
3864110578,2511,convenience,Save Market,POINT (-121.2883198 37.9388629)
3864112562,2511,convenience,ampm,POINT (-121.293139 37.9373844)
3864557016,2528,greengrocer,Gus's Market,POINT (-122.4477472 37.770138)
3879006543,2511,convenience,Sana Market,POINT (-122.265213 37.8256153)
3883822524,2511,convenience,International Produce Market,POINT (-122.4197085 37.7616133)
3895865324,2511,convenience,Liquors,POINT (-121.358056 38.6497018)
3896748305,2501,supermarket,Sebastopol Community Market,POINT (-122.8200165 38.403178)
3896775014,2501,supermarket,F.E.E.D. Sonoma,POINT (-122.8213721 38.4033929)
3899202702,2511,convenience,UC Market,POINT (-122.4601078 37.7651507)
3901666687,2511,convenience,7-Eleven,POINT (-121.8345885 37.2778217)
3908956759,2505,department_store,Ross,POINT (-122.5093913 37.8729559)
3924802414,2511,convenience,7-Eleven,POINT (-122.494222 37.8615616)
3926511561,2505,department_store,Marshalls,POINT (-121.99398 37.3213533)
3926562449,2511,convenience,7-Eleven,POINT (-121.972233 37.5675853)
3927989513,2511,convenience,14th Street Market,POINT (-122.270424 37.8041837)
3927998690,2511,convenience,Howden Market,POINT (-122.2672438 37.8055483)
3933170764,2511,convenience,African Caribbean Food Market,POINT (-122.2761018 37.8009569)
3933385528,2511,convenience,Alameda Grocery,POINT (-122.2508835 37.7709605)
3934277166,2501,supermarket,FoodMaxx,POINT (-122.1635413 37.7370516)
3934277180,2511,convenience,La Nopalera Produce Market,POINT (-122.1739592 37.748556)
3934277188,2505,department_store,Ross,POINT (-122.1509862 37.7427342)
3967298487,2511,convenience,Hien's Market,POINT (-122.2672048 37.8038661)
3969574176,2501,supermarket,Kiki Supermarket,POINT (-122.4100247 37.795529)
3969590468,2511,convenience,Powell Grocery,POINT (-122.4102322 37.7965633)
3969606066,2511,convenience,Hyde & Pacific Liquors,POINT (-122.4182 37.795563)
3969659723,2511,convenience,Broadway Market,POINT (-122.2704946 37.8050547)
3981309957,2511,convenience,Euromix Delicatessen,POINT (-122.2488947 37.8292508)
3988389202,2528,greengrocer,Long Pat Market,POINT (-122.2726017 37.7993503)
3988389207,2528,greengrocer,New Sang Chong Market,POINT (-122.2719152 37.7993248)
3988389212,2528,greengrocer,Wah Hang Market(2),POINT (-122.2720708 37.7993841)
3988389224,2528,greengrocer,D & K Market,POINT (-122.2719876 37.7996427)
3988389229,2528,greengrocer,King of Grocery,POINT (-122.2723201 37.7994838)
3988389230,2511,convenience,Park Grocery & Liquors,POINT (-122.2720143 37.8002277)
3988389232,2528,greengrocer,Yet Sun Market,POINT (-122.2723897 37.7995178)
3989014158,2501,supermarket,Good Neighbor European Deli Market,POINT (-121.3510341 38.6592576)
3990935832,2528,greengrocer,Pinnacle Wholesale Delivery,POINT (-122.2714613 37.7988497)
3990935833,2511,convenience,Great Wall Co,POINT (-122.2714157 37.7989322)
3990935840,2528,greengrocer,Asian and American Fruits Market,POINT (-122.2717196 37.7990137)
3990935844,2528,greengrocer,Good Luck Market,POINT (-122.2717793 37.7989144)
3990935845,2510,general,T & T Co,POINT (-122.273537 37.7999433)
3992953178,2501,supermarket,New Dic's Supermarket,POINT (-122.271586 37.8000479)
3992963292,2511,convenience,Healthy Food Center,POINT (-122.2710173 37.8004506)
3992975569,2511,convenience,Lucky Day,POINT (-122.2699364 37.8005418)
3992986692,2528,greengrocer,Sun Yuen Hang,POINT (-122.2680455 37.7994968)
3992986699,2501,supermarket,Won Kee Supermarket,POINT (-122.2685094 37.7977739)
3993039687,2528,greengrocer,Vegefarm @ San Francisco,POINT (-122.4797634 37.7635844)
3993096507,2528,greengrocer,Wah Hanb Market,POINT (-122.2725752 37.8004204)
3998616514,2511,convenience,Saigon Market,POINT (-122.2688537 37.8132291)
3999453472,2511,convenience,River Nile Market,POINT (-122.2670761 37.8201782)
3999453492,2511,convenience,Zion Market,POINT (-122.2677063 37.8177966)
4002028591,2511,convenience,Golden Bear Trading Company,POINT (-122.4631356 37.7621737)
4004486093,2511,convenience,7-Eleven,POINT (-119.698805 36.7928168)
4004486094,2501,supermarket,Vons,POINT (-119.68425 36.795317)
4005055083,2501,supermarket,SaveMart,POINT (-119.6737704 36.8101207)
4008639789,2501,supermarket,Dean's Produce,POINT (-122.3240258 37.5628004)
4008802791,2501,supermarket,Trader Joe's,POINT (-122.4822883 37.7001684)
4009650983,2511,convenience,7-Eleven,POINT (-121.5321226 37.7231108)
4013865699,2511,convenience,ExtraMile,POINT (-122.275155 37.8089562)
4014993117,2511,convenience,Green Valley Food,POINT (-122.2882564 37.8047409)
4015833223,2528,greengrocer,Sun Sang Supermarket,POINT (-122.2516156 37.7935796)
4017053175,2511,convenience,Jackson's Liquors,POINT (-122.252739 37.793039)
4017211397,2528,greengrocer,Dong Hing Supermarket,POINT (-122.4083521 37.7969706)
4017211398,2528,greengrocer,Huaxing Produce Inc.,POINT (-122.4083185 37.7968178)
4017220288,2501,supermarket,J & L Vegi Supermarket,POINT (-122.4086681 37.7970928)
4018792591,2511,convenience,S&B Supermarket,POINT (-122.4816392 37.7632392)
4018792599,2528,greengrocer,Mi Duo Duo Market,POINT (-122.4827445 37.7631943)
4018792695,2511,convenience,Heartland Healthy Food,POINT (-122.482201 37.7632175)
4018792716,2528,greengrocer,Irving Seafood Market,POINT (-122.4809254 37.7635321)
4018792796,2528,greengrocer,New Wing Cheung Store,POINT (-122.4807722 37.763283)
4018980288,2501,supermarket,New Asia Market,POINT (-122.407988 37.7968665)
4024227022,2511,convenience,Sam & Son Market,POINT (-122.410289 37.7968956)
4030525941,2511,convenience,Santa Clara Natural Organic Market,POINT (-122.4352763 37.7716152)
4033737766,2511,convenience,7-Eleven,POINT (-122.2611839 37.509543)
4033949293,2511,convenience,New York Tobacco,POINT (-122.4157915 37.7786289)
4044814529,2511,convenience,7-Eleven,POINT (-121.977732 38.3603497)
4047002168,2511,convenience,Vaca Food & Liquor,POINT (-121.975167 38.3610102)
4047373297,2511,convenience,Mi Ranchito Produce,POINT (-122.4192416 37.7623886)
4047455223,2511,convenience,ampm,POINT (-121.294342 37.8122718)
4047462989,2511,convenience,ampm,POINT (-121.313918 37.9547083)
4047530706,2511,convenience,ampm,POINT (-121.7291872 38.6760717)
4047545109,2505,department_store,Walmart,POINT (-121.7412552 38.6756434)
4047589955,2511,convenience,ampm,POINT (-122.2403085 40.1952648)
4047640138,2511,convenience,Chevron,POINT (-122.3821212 40.892221)
4048796110,2528,greengrocer,Long Hing Supermarket,POINT (-122.2508569 37.7933104)
4048796115,2528,greengrocer,New Saigon Super Market,POINT (-122.249674 37.7922421)
4048796116,2511,convenience,Tan A Market,POINT (-122.2472145 37.7897372)
4048796178,2528,greengrocer,Thien Loi Hoa Supermarket,POINT (-122.2492342 37.7899428)
4049605619,2511,convenience,76,POINT (-122.245143 37.8100352)
4052056117,2501,supermarket,Lucky,POINT (-122.127139 37.6822024)
4055042392,2505,department_store,JCPenney,POINT (-122.1008139 37.6510275)
4055042394,2505,department_store,Macy's,POINT (-122.1043545 37.6501441)
4057473770,2505,department_store,Marshalls,POINT (-122.161959 37.7107991)
4060877701,2511,convenience,Quic Qic Groceries,POINT (-122.4196213 37.7626483)
4060877703,2511,convenience,Mission Grocery,POINT (-122.419641 37.7628614)
4062451566,2511,convenience,Valmar Supermarket,POINT (-122.422727 37.7717188)
4065517135,2511,convenience,Food Mart,POINT (-121.406453 38.454932)
4065570404,2511,convenience,ampm,POINT (-121.4854554 38.559437)
4067075770,2505,department_store,Kohl's,POINT (-122.6662915 38.2721831)
4068732646,2528,greengrocer,Green Valley Market,POINT (-122.4155578 37.6295425)
4072704049,2505,department_store,Burlington,POINT (-122.178721 37.7152991)
4072704053,2505,department_store,Walmart,POINT (-122.177731 37.7145756)
4073832633,2511,convenience,Uptown Market,POINT (-122.2650359 37.8417916)
4073967047,2511,convenience,5 Star Market and Deli,POINT (-122.277488 37.822856)
4076144621,2505,department_store,Marshalls,POINT (-121.2688785 38.6796621)
4077183215,2501,supermarket,Grocery Outlet Bargain Market,POINT (-121.6542359 37.1499802)
4077374389,2511,convenience,Little Paradise,POINT (-122.4084053 37.7958949)
4081905389,2511,convenience,Stop and Shop Market,POINT (-124.1696 40.791381)
4083423007,2505,department_store,Ross,POINT (-121.6501721 37.1240601)
4083423012,2511,convenience,Chak's Place,POINT (-121.6510538 37.1243787)
4085822734,2511,convenience,Food Mart,POINT (-121.4754058 38.5407577)
4093403699,2511,convenience,Peace Market,POINT (-121.4848353 38.5719756)
4100737134,2511,convenience,Charming Sun Market Inc,POINT (-122.405911 37.794968)
4100737139,2511,convenience,Jackson Produce,POINT (-122.4058471 37.7945907)
4101128318,2528,greengrocer,Produce,POINT (-122.4062417 37.7970632)
4103856293,2511,convenience,Kennedy's Market,POINT (-122.3904047 37.7363615)
4103916172,2511,convenience,European Food & Liquor,POINT (-121.9930456 37.5193998)
4106910655,2528,greengrocer,VeggieLand Market,POINT (-122.4084066 37.7957121)
4106923140,2511,convenience,D & G Group,POINT (-122.4070914 37.7976215)
4113464697,2501,supermarket,Casa Guadalupe,POINT (-122.4183309 37.7483339)
4117790314,2528,greengrocer,Mi Tierra Market,POINT (-122.4194473 37.764592)
4131017519,2511,convenience,,POINT (-122.2652549 37.386574)
4131092799,2511,convenience,7-Eleven,POINT (-121.7852492 37.9944165)
4131092811,2501,supermarket,County Market,POINT (-121.781537 37.9946448)
4131740390,2511,convenience,Mekong Market,POINT (-122.243945 37.7880255)
4131740401,2511,convenience,International Lao Market,POINT (-122.2438754 37.7879925)
4131740403,2511,convenience,Los Pericos Supermarket,POINT (-122.2447578 37.7885088)
4131760048,2511,convenience,El Latino Market,POINT (-122.2384707 37.7850981)
4134761489,2511,convenience,Jalisco Market,POINT (-122.2324804 37.7811588)
4134761495,2501,supermarket,Supermercado Mi Pueblo,POINT (-122.2292107 37.7795816)
4139137407,2511,convenience,La Barca Market,POINT (-122.2351721 37.7772518)
4139597432,2501,supermarket,Whole Foods Market,POINT (-122.7315092 38.4580607)
4139597433,2505,department_store,Target,POINT (-122.729859 38.4571172)
4139597434,2501,supermarket,Whole Foods Market,POINT (-122.6745352 38.4423572)
4141571894,2511,convenience,Off The Wall Smoke Shop,POINT (-120.4829799 37.2982895)
4141972189,2501,supermarket,Trader Joe's,POINT (-122.053199 38.2640861)
4147117905,2528,greengrocer,Mandela MarketPlace at Highland Hospital,POINT (-122.2323068 37.7989845)
4148099561,2511,convenience,Quik Stop,POINT (-122.229048 37.7994455)
4148104235,2511,convenience,Sky Market,POINT (-122.2334059 37.7967166)
4158402535,2511,convenience,Jim's Deli and Groceries,POINT (-122.1651374 37.762712)
4160149218,2511,convenience,Housekeeping Camp Store,POINT (-119.5792185 37.7410126)
4160149223,2511,convenience,Village Store,POINT (-119.5844708 37.7468582)
4170062874,2505,department_store,TJ Maxx,POINT (-121.6431136 37.111438)
4173373544,2511,convenience,7-Eleven,POINT (-121.9322201 37.3009208)
4173374431,2501,supermarket,Food 4 Less,POINT (-121.2928851 37.9120488)
4173374433,2501,supermarket,Denise's Farmers Market,POINT (-121.317455 37.7786675)
4173566690,2501,supermarket,Casa Maria,POINT (-122.416268 37.753871)
4174594161,2511,convenience,Yagerbet Market,POINT (-122.2682479 37.8140722)
4175481291,2511,convenience,Berkeley Organic Market & Deli,POINT (-122.253545 37.8568371)
4176827692,2511,convenience,Paul's Market,POINT (-121.6303838 37.1335299)
4194397360,2511,convenience,Dallaq Market,POINT (-122.1973665 37.7559486)
4196371469,2501,supermarket,Santa Fe,POINT (-121.6529657 36.6941688)
4203446059,2511,convenience,Food Mart,POINT (-122.4534241 37.7231604)
4203446082,2511,convenience,Fastbreak,POINT (-122.45296 37.7228532)
4213266590,2511,convenience,Camp Richardson General Store,POINT (-120.0398685 38.9340949)
4214319695,2511,convenience,Brother's Mini Market,POINT (-122.5052668 37.7528253)
4215371872,2511,convenience,Bridgeport Reservoir General Store,POINT (-119.2187175 38.2808692)
4215379586,2511,convenience,Camp Connell General Store,POINT (-120.2770425 38.3098829)
4216515130,2511,convenience,R&L Mini Mart,POINT (-120.4056947 38.0273049)
4216515153,2501,supermarket,La Reina Supermarket,POINT (-121.2767898 37.8125392)
4216517007,2501,supermarket,Sierra Hills Market,POINT (-120.457094 38.1378861)
4216517008,2501,supermarket,Sierra Hills Natural Foods,POINT (-120.4574172 38.13822)
4216518104,2511,convenience,Meadow View Center,POINT (-120.3547983 38.253222)
4216518891,2511,convenience,City Food & Liquor,POINT (-121.2830244 37.8123634)
4217389783,2511,convenience,SaveMart,POINT (-119.037375 36.0821006)
4217628110,2505,department_store,Big Lots,POINT (-121.0661639 37.6960105)
4217828499,2505,department_store,Ross,POINT (-119.9756369 38.9333346)
4218361464,2501,supermarket,City Discount Meat & Grocery Market,POINT (-122.41941 37.7603364)
4220431912,2501,supermarket,Dehoff's Key Market,POINT (-122.2417672 37.466883)
4220797207,2510,general,Family Depot,POINT (-122.2240862 37.77659)
4220797210,2511,convenience,New Ocean Food Mart,POINT (-122.2250543 37.7774041)
4220797224,2501,supermarket,El Charro Supermarket,POINT (-122.2250463 37.7788521)
4236229121,2511,convenience,Summits Marketplace,POINT (-120.4299997 37.3635667)
4241975784,2511,convenience,Georges' Market,POINT (-122.419462 37.7607798)
4242961501,2511,convenience,AMS Market,POINT (-122.407244 37.73948)
4243030189,2511,convenience,Chinese Camp Store,POINT (-120.4327996 37.8730241)
4247961991,2511,convenience,J&J Gas Mart,POINT (-122.0568978 39.0132479)
4253029361,2511,convenience,Oak Barrel Winecraft,POINT (-122.2945359 37.8773507)
4269212796,2501,supermarket,Seaid Valley Store,POINT (-123.1962556 41.8421928)
4270192572,2501,supermarket,Ray's Food Place,POINT (-123.68692 41.0630259)
4270230309,2501,supermarket,Rays Food Place,POINT (-123.6328482 40.9401086)
4270247117,2511,convenience,Kettenpom Store,POINT (-123.4610111 40.1573302)
4270365024,2501,supermarket,Wiley's Supermarket,POINT (-123.1800036 40.5536542)
4270365029,2511,convenience,Tops Mini Mart,POINT (-122.9285168 40.7373268)
4270403923,2511,convenience,Platina Store,POINT (-122.8934108 40.3597214)
4270432386,2501,supermarket,Parry's Market,POINT (-123.376844 41.7998738)
4270977723,2501,supermarket,Orleans Market,POINT (-123.5398022 41.3020359)
4274859114,2501,supermarket,Trinity Center General Store,POINT (-122.7052492 40.9844935)
4287030162,2511,convenience,Chubby Up Mini Mart,POINT (-122.266419 37.8113209)
4289326624,2501,supermarket,Sprouts Farmers Market,POINT (-121.878148 37.2618898)
4295465790,2511,convenience,International Express Market,POINT (-121.831253 37.2359537)
4298873479,2511,convenience,Napoli Market,POINT (-122.4093854 37.8021042)
4303273143,2501,supermarket,Grocery Outlet,POINT (-122.0880759 37.6469422)
4306833866,2511,convenience,Spotty's Market,POINT (-122.2558385 37.818051)
4308051293,2505,department_store,Ross,POINT (-122.1012039 37.6525405)
4311966407,2501,supermarket,Food 4 Less,POINT (-121.33434 38.5584371)
4313356769,2511,convenience,Capitola Produce,POINT (-121.9534809 36.9794025)
4316529696,2511,convenience,The Sierra Deli and Market,POINT (-122.2685751 37.7940048)
4321922453,2511,convenience,General Store,POINT (-124.1237058 40.2434757)
4322128043,2511,convenience,Vern's Fairway Mini Mart,POINT (-124.0691918 40.0256701)
4322128049,2511,convenience,Shelter Cove RV Park and Campground Groceries,POINT (-124.0682077 40.0236531)
4322166628,2528,greengrocer,Produce Market,POINT (-122.4207819 37.7651319)
4322166640,2511,convenience,Casa Latina Market,POINT (-122.4201651 37.765158)
4322261643,2511,convenience,Fernbridge Market,POINT (-124.2014924 40.6164555)
4322665804,2511,convenience,Williams Liquor,POINT (-122.2610503 37.8449411)
4324716690,2511,convenience,Mini Mart,POINT (-122.4105097 37.6309585)
4328478797,2501,supermarket,Sprouts Farmers Market,POINT (-122.623738 38.2428372)
4328478801,2505,department_store,Target,POINT (-122.626678 38.245373)
4330348989,2501,supermarket,Guadalajara Market,POINT (-122.0232823 37.3970986)
4331556518,2511,convenience,Holloway Market,POINT (-122.454983 37.7219732)
4331564473,2501,supermarket,Mi Ranchito Produce,POINT (-122.0237822 37.3878245)
4336476831,2511,convenience,,POINT (-121.9529569 36.9783186)
4342217736,2511,convenience,Diamond Mountain Mini Mart,POINT (-120.6566771 40.4307406)
4344001952,2501,supermarket,Grocery Outlet,POINT (-121.5413842 38.5097416)
4345138990,2511,convenience,Chase,POINT (-120.2507083 36.2548007)
4348199207,2511,convenience,Lupita's Market,POINT (-121.371972 38.4037982)
4348223753,2505,department_store,TJ Maxx,POINT (-121.7434262 37.7008276)
4348225096,2505,department_store,Ross,POINT (-121.7442969 37.7013004)
4348866889,2511,convenience,Central Haight Market,POINT (-122.4437952 37.7702985)
4349254493,2511,convenience,Richmond Market,POINT (-122.5014571 37.7756542)
4349255905,2528,greengrocer,Balboa Produce Market,POINT (-122.4978814 37.7755582)
4349256218,2511,convenience,Better Food Market,POINT (-122.4928848 37.7758026)
4349438474,2505,department_store,Big Lots,POINT (-121.3869853 38.4102344)
4350243735,2501,supermarket,New India Bazaar,POINT (-121.8810987 37.704917)
4355303910,2501,supermarket,Fosters Ranch Market,POINT (-123.4833919 39.6875804)
4360926921,2511,convenience,Ăn Vặt Nhà DiemDiem,POINT (-121.813386 37.308719)
4367033438,2501,supermarket,Mendo Sun Market,POINT (-123.4788164 39.6842064)
4367033441,2511,convenience,,POINT (-123.4802962 39.6861121)
4370393191,2511,convenience,Tony Baloney's Market,POINT (-122.409412 37.7781839)
4370678952,2501,supermarket,rose market,POINT (-122.0334083 37.3126236)
4372629218,2501,supermarket,Nugget Markets,POINT (-122.5002025 37.8992939)
4383361894,2501,supermarket,Raley's,POINT (-122.7072359 38.3466318)
4388522122,2511,convenience,River Road General Store,POINT (-120.8582226 37.7834148)
4392565419,2511,convenience,Soda Creek General Store,POINT (-122.9782851 39.420079)
4406233694,2511,convenience,7-Eleven,POINT (-122.0961707 37.3941693)
4406261491,2501,supermarket,Market,POINT (-123.8727712 40.266463)
4406274789,2511,convenience,Cleone Groceries,POINT (-123.7848878 39.4911805)
4407990426,2511,convenience,Dufry,POINT (-121.928569 37.3685768)
4413356502,2501,supermarket,Trader Joe's,POINT (-122.5149545 37.937841)
4413896191,2505,department_store,Ross,POINT (-122.507408 37.9600663)
4414235693,2501,supermarket,Woodlands Market,POINT (-122.550052 37.9522715)
4415509691,2501,supermarket,Trader Joe's,POINT (-122.5165256 37.969678)
4415550492,2501,supermarket,Jasmine Market Mediterranean Groceries,POINT (-122.5160416 37.9694361)
4420634849,2511,convenience,Skywood Trading Post & Deli,POINT (-122.2641693 37.3867346)
4422423946,2501,supermarket,Foods Co,POINT (-122.356971 37.9345786)
4424116803,2501,supermarket,Arteagas Food Center,POINT (-121.9040832 37.3123007)
4427822496,2511,convenience,All States Best Foods,POINT (-122.397501 37.7598573)
4432119627,2511,convenience,7-Eleven,POINT (-122.245837 37.8141861)
4432119629,2511,convenience,Piedmont Auto Care,POINT (-122.2442337 37.8192735)
4452850487,2501,supermarket,Las Montañas Supermarket,POINT (-122.032755 37.963083)
4452861891,2511,convenience,7-Eleven,POINT (-122.032533 37.9682703)
4452861896,2501,supermarket,Mas Primos Market,POINT (-122.0323104 37.969033)
4454462589,2511,convenience,Family Market,POINT (-122.2951919 37.8101771)
4461102492,2501,supermarket,Bolinas ave Market & Liquor,POINT (-122.5613371 37.9697304)
4461136092,2501,supermarket,Quick n Easy Grocery Wine & Liquor,POINT (-122.5647479 37.9767904)
4469497411,2511,convenience,Crane Flat Service Station & General Store,POINT (-119.79701 37.7530911)
4489792574,2501,supermarket,Oto's Marketplace,POINT (-121.49622 38.5289926)
4501754789,2511,convenience,Quick shop market food and liquor,POINT (-122.0183125 37.3833238)
4501787866,2511,convenience,Fast and Easy Mart,POINT (-122.77113 38.4520878)
4505134119,2511,convenience,Berkeley Food Pantry,POINT (-122.2832523 37.8763732)
4505476040,2501,supermarket,Grocery Outlet,POINT (-121.797912 36.6879217)
4505476049,2511,convenience,7-Eleven,POINT (-121.80168 36.694201)
4514876272,2505,department_store,Daiso Japan,POINT (-122.0561881 37.96987)
4516198992,2511,convenience,7-Eleven,POINT (-121.2932041 38.889489)
4519735097,2501,supermarket,Solano Market,POINT (-122.0414748 37.9896271)
4525667296,2505,department_store,Macy's,POINT (-122.061307 37.9678148)
4526793032,2016,market_place,Palo Alto Farmer's Market,POINT (-122.1590277 37.4453603)
4543685558,2501,supermarket,Big Trees Market,POINT (-120.3639232 38.23972)
4548821705,2501,supermarket,Mi Pueblito Market,POINT (-122.4183448 37.7528358)
4554071969,2505,department_store,Sears,POINT (-122.0606129 37.9658139)
4555791430,2511,convenience,Power Market,POINT (-121.9580779 38.0263416)
4555819570,2501,supermarket,Mi Tierra,POINT (-121.9480092 38.026264)
4555862465,2501,supermarket,Safeway,POINT (-121.943476 38.0161167)
4556083432,2501,supermarket,La Chicana Market,POINT (-121.933659 38.0264699)
4556083435,2511,convenience,Power Market,POINT (-121.9275577 38.0263713)
4556083443,2501,supermarket,Bill Bly's Ranch Market,POINT (-121.9438266 38.0265163)
4556083446,2501,supermarket,Del Valle Produce,POINT (-121.9614961 38.0343242)
4556360352,2511,convenience,Pearl Market,POINT (-122.4391164 37.780703)
4557932441,2511,convenience,Power Market,POINT (-121.9424637 38.0204953)
4564425341,2016,market_place,Pupuseria Casa Del Alfarrero,POINT (-121.9335154 38.0269876)
4564626093,2501,supermarket,Grocery Outlet,POINT (-122.487636 37.7797491)
4567639901,2501,supermarket,Norelpom Natural Foods,POINT (-123.1857301 40.5542001)
4567868784,2505,department_store,Big Lots,POINT (-120.959038 37.6682613)
4567956949,2511,convenience,ampm,POINT (-122.2780684 37.8139712)
4571196183,2511,convenience,Europa Plus,POINT (-122.4770735 37.7806284)
4574206604,2511,convenience,Alliance,POINT (-121.94271 38.0264828)
4578423704,2511,convenience,Fast Fill Market,POINT (-122.4423906 37.7993684)
4578643987,2511,convenience,BiRite Liquor,POINT (-122.2809256 37.8623483)
4578643988,2511,convenience,Bob's Liquors market,POINT (-122.2798565 37.8561008)
4578653090,2511,convenience,Food Town Market,POINT (-122.2784205 37.8516372)
4581998149,2511,convenience,DJ Market,POINT (-121.4741501 38.5764914)
4582002103,2511,convenience,7-Eleven,POINT (-121.9859436 38.3355513)
4582002104,2501,supermarket,Raley's,POINT (-121.954517 38.3366712)
4585618692,2501,supermarket,Mar-Val's Main Street Market,POINT (-120.224262 37.8403301)
4589631152,2505,department_store,Marshalls,POINT (-122.273581 38.2863039)
4590163448,2511,convenience,Tower Liquor,POINT (-121.4924993 38.5620337)
4590173466,2511,convenience,Taylor's Market,POINT (-121.4889435 38.551828)
4593719026,2511,convenience,Charlie's Market,POINT (-122.4985935 37.7608786)
4610544343,2511,convenience,7-Eleven,POINT (-122.3107291 38.3012926)
4611235501,2501,supermarket,Safeway,POINT (-122.248783 37.8347336)
4611578313,2511,convenience,7-Eleven,POINT (-121.3242739 38.0191104)
4611578318,2501,supermarket,Save Mart,POINT (-121.321243 38.0178015)
4611578321,2501,supermarket,Smart & Final Extra!,POINT (-121.322596 38.0198085)
4611578323,2505,department_store,TJ Maxx,POINT (-121.3221384 38.0197459)
4611731078,2528,greengrocer,La Mission Market,POINT (-122.4193276 37.7636074)
4612232971,2511,convenience,Kwikee Mart,POINT (-122.2973371 38.3156127)
4613804468,2528,greengrocer,City Produce,POINT (-122.4075317 37.7798443)
4613888429,2511,convenience,Amro Market,POINT (-122.4250252 37.8023727)
4613888436,2511,convenience,Mr. Liquor,POINT (-122.4221293 37.8053656)
4614039300,2511,convenience,SunMoon Market,POINT (-122.4076485 37.7978842)
4614039301,2528,greengrocer,Tai Hing Market,POINT (-122.4081496 37.7975727)
4614040397,2511,convenience,Cao Kee Market,POINT (-122.4090934 37.7977088)
4615542657,2511,convenience,Valencia,POINT (-122.2926399 38.2814304)
4615542659,2501,supermarket,Grocery Outlet,POINT (-122.290877 38.2809103)
4616011734,2511,convenience,Summing Ho Trading Co.,POINT (-122.4069884 37.7971173)
4618046867,2016,market_place,Amal's Deli,POINT (-122.4457035 37.7702885)
4623128061,2511,convenience,7-Eleven,POINT (-122.2653634 38.2803293)
4624048568,2511,convenience,Super Sam,POINT (-122.4233634 37.7795814)
4625007238,2528,greengrocer,Chung Hing Produce Co.,POINT (-122.4099651 37.7966025)
4625016641,2528,greengrocer,Gold Coin Trading Co,POINT (-122.4097355 37.7966205)
4625090829,2511,convenience,Hyde & Turk Market,POINT (-122.4158417 37.7824628)
4625105134,2511,convenience,SF OrganiCA,POINT (-122.4172183 37.7824966)
4625108173,2501,supermarket,Jackson Market,POINT (-122.4149473 37.7948993)
4625139244,2511,convenience,Hyde St Gift and Snack Shop,POINT (-122.4154431 37.7819539)
4625139247,2511,convenience,Cadillac Market,POINT (-122.4157583 37.7834425)
4625185531,2511,convenience,Fox Market,POINT (-122.4173545 37.783207)
4625200056,2511,convenience,New Princess Market,POINT (-122.4160786 37.7836299)
4628177738,2511,convenience,Key Food Market,POINT (-122.4309984 37.7741397)
4628441088,2511,convenience,Geary & Hyde Market,POINT (-122.416346 37.7864467)
4628442789,2511,convenience,Hyde & O'Farrell Market,POINT (-122.4164164 37.7852604)
4628517639,2511,convenience,,POINT (-122.4179009 37.7843471)
4628517640,2016,market_place,Tuong Phong,POINT (-122.4166314 37.7844939)
4628615917,2511,convenience,Green Apple Market,POINT (-122.419776 37.7867497)
4628704335,2511,convenience,Super Mira,POINT (-122.4298727 37.7866375)
4630226706,2501,supermarket,New California Market,POINT (-122.4788199 37.7840258)
4631043963,2511,convenience,7-Eleven,POINT (-122.0585563 37.9316585)
4631688566,2016,market_place,Amigos,POINT (-122.4146073 37.7847633)
4631708920,2511,convenience,Young-Ellis Food Center,POINT (-122.412688 37.7850021)
4631727981,2511,convenience,Chinatown Bargain Depot,POINT (-122.4056942 37.7916382)
4631831950,2511,convenience,Franklin Market,POINT (-122.4259805 37.8006863)
4632085289,2511,convenience,Bay Food Mini Market,POINT (-122.4014511 37.7895104)
4633455258,2501,supermarket,WinCo Foods,POINT (-119.719699 36.7333331)
4637210183,2501,supermarket,J H Grocery and Liquor,POINT (-122.4182553 37.7944737)
4637773272,2511,convenience,Daldas Market,POINT (-122.4107195 37.784303)
4639432176,2511,convenience,7-Eleven,POINT (-122.429471 37.6238283)
4641873702,2511,convenience,,POINT (-122.4326679 37.4684101)
4642809827,2528,greengrocer,,POINT (-121.8573963 37.3334249)
4650632313,2511,convenience,7-Eleven,POINT (-122.255827 38.1793938)
4650632314,2511,convenience,Thai Market,POINT (-122.255065 38.1773916)
4650632315,2511,convenience,AC Food and Liquor,POINT (-122.255049 38.1772708)
4650647044,2511,convenience,7-Eleven,POINT (-122.0431554 37.9538308)
4650647046,2501,supermarket,Del Valle Supermercado,POINT (-122.0424318 37.9542722)
4650647053,2511,convenience,Concord Mini Mart,POINT (-122.0350709 37.9786544)
4655661873,2501,supermarket,Lucky,POINT (-121.82394 37.9906166)
4655661874,2511,convenience,Quick Stop,POINT (-121.8076235 37.9955017)
4661543003,2501,supermarket,Whole Foods Market,POINT (-122.4027236 37.7643298)
4661774510,2511,convenience,Journeys End Market,POINT (-123.4118104 40.3528936)
4664760803,2501,supermarket,Cell Pros,POINT (-119.7179935 36.7362918)
4665149990,2501,supermarket,Silver Creek Community Market,POINT (-121.780682 37.2879333)
4665254389,2501,supermarket,Lucky,POINT (-121.7901923 37.315107)
4675909552,2511,convenience,Gorilla Zone,POINT (-122.2693988 37.8396868)
4675909553,2511,convenience,Adeline Super Shop,POINT (-122.2705661 37.8500858)
4685660792,2501,supermarket,Lakshmi Bazaar,POINT (-121.9949523 37.3088946)
4693634740,2501,supermarket,Gus's Community Market,POINT (-122.391412 37.7742721)
4703912400,2501,supermarket,Lucky,POINT (-122.2297184 37.4567615)
4704557447,2501,supermarket,Trader Joe's,POINT (-122.4056288 37.785398)
4709221189,2501,supermarket,dd's Discounts,POINT (-121.9231145 37.3049149)
4714747788,2501,supermarket,Safeway,POINT (-121.8906989 37.3059439)
4726772297,2501,supermarket,Lucky,POINT (-122.6861153 38.4426503)
4726980052,2511,convenience,Bridgeport General Store and Deli,POINT (-119.2278759 38.2560647)
4729422391,2501,supermarket,Young's Payless IGA,POINT (-120.604447 37.938171)
4747926439,2505,department_store,JCPenney,POINT (-122.051404 38.2603424)
4747933347,2505,department_store,Macy's,POINT (-122.055306 38.2597684)
4747961243,2501,supermarket,FoodMaxx,POINT (-122.0642653 38.2479744)
4755290398,2501,supermarket,O'Briens,POINT (-121.0485105 37.6995089)
4755299659,2505,department_store,TJ Maxx,POINT (-121.061243 37.6925517)
4755628605,2511,convenience,Park Presidio Liquors,POINT (-122.4647446 37.7851234)
4770055625,2501,supermarket,Las Palmas,POINT (-121.9779781 37.3055747)
4770074021,2501,supermarket,Slavic Shop,POINT (-121.977355 37.306057)
4782300075,2505,department_store,Burlington,POINT (-122.042807 37.9732231)
4782301095,2501,supermarket,Las Montañas,POINT (-122.0410054 37.9740824)
4782303937,2511,convenience,Food Mart,POINT (-122.045986 37.9707742)
4783421225,2505,department_store,Napa Premium Outlets,POINT (-122.3030827 38.2960716)
4783809064,2511,convenience,Discount Cigarettes,POINT (-122.0267598 37.9755711)
4787716094,2510,general,Dillon Beach General Store,POINT (-122.9648635 38.2498602)
4805067272,2501,supermarket,Bel Air,POINT (-121.4454761 38.4220022)
4812135134,2511,convenience,P and M Market,POINT (-122.284347 37.8257262)
4812364281,2501,supermarket,Sprouts Farmers Market,POINT (-122.287196 37.9996551)
4812872622,2528,greengrocer,Saturday Farmers Market,POINT (-122.5085752 37.9465465)
4814284226,2511,convenience,,POINT (-119.7646827 37.6786151)
4823852260,2501,supermarket,Grocery Depot,POINT (-120.8347871 37.7715903)
4823879288,2511,convenience,7-Eleven,POINT (-120.8428939 37.7679994)
4823894234,2501,supermarket,Save Mart,POINT (-120.8319115 37.7707531)
4823927745,2501,supermarket,Mexico Market,POINT (-120.8400679 37.7689625)
4824241366,2511,convenience,7-Eleven,POINT (-122.0681131 37.9831286)
4824241808,2511,convenience,Valero,POINT (-122.0668857 37.9837085)
4840631551,2511,convenience,Oak Gourmet,POINT (-122.4273437 37.7742787)
4840631555,2511,convenience,Stewart's Grocery,POINT (-122.441416 37.7851816)
4844561922,2501,supermarket,,POINT (-122.4196735 37.6563514)
4852448016,2501,supermarket,Falletti Foods,POINT (-122.4389402 37.7733138)
4853716322,2511,convenience,Rip Curl,POINT (-121.926317 37.3664102)
4868818800,2511,convenience,The Oasis Market & Cafe,POINT (-120.0981087 37.4326323)
4880089221,2511,convenience,Mel's Market & Deli,POINT (-121.975486 36.9885689)
4880305861,2511,convenience,Hernandez Market,POINT (-121.9677576 36.9632032)
4887044206,2501,supermarket,Mercado Marlen,POINT (-122.1064291 37.4040341)
4892276923,2505,department_store,Ross,POINT (-121.809924 37.3120305)
4894447571,2511,convenience,“Smile” Market,POINT (-121.8939203 37.3460803)
4907668421,2511,convenience,Totem Deli & Bar,POINT (-118.852974 36.4736532)
4917628775,2501,supermarket,Lucky,POINT (-121.9057099 36.5426092)
4917629499,2511,convenience,Orchard Park Market,POINT (-121.7437356 36.9357515)
4917629503,2511,convenience,Fast Stop Market,POINT (-121.6400811 37.1113217)
4925215288,2511,convenience,Rhea's Market & Deli,POINT (-122.4215932 37.7599503)
4934813168,2511,convenience,Sam's Market,POINT (-122.4094856 37.7474973)
4934813428,2511,convenience,ABC Market,POINT (-122.4086665 37.7495179)
4935971323,2501,supermarket,Grocery Outlet,POINT (-119.992198 38.9206975)
4936005121,2505,department_store,Walmart,POINT (-120.8290516 38.704024)
4936654298,2511,convenience,,POINT (-121.9188794 37.3733692)
4937199876,2511,convenience,76,POINT (-121.9080763 37.3592182)
4942533434,2016,market_place,Mexican Farmers Market,POINT (-121.8530037 37.3055976)
4945079782,2511,convenience,Stop & Shop Market,POINT (-122.4183074 37.7489379)
4947655358,2511,convenience,Bayshore Market Deli & Liquor,POINT (-122.4055358 37.7430476)
4947854931,2511,convenience,N & V Liquor & Grocery,POINT (-122.4066298 37.7530496)
4951457181,2511,convenience,Tony's Market,POINT (-122.4074282 37.7528111)
4951872001,2511,convenience,Roxie Food Center,POINT (-122.4413672 37.7267869)
4951933672,2511,convenience,Shell,POINT (-121.903439 37.2406745)
4955428694,2501,supermarket,Nob Hill,POINT (-122.1208999 37.9924517)
4966546528,2511,convenience,Dinsmore Store,POINT (-123.6075888 40.4921099)
4971355326,2511,convenience,Hudson,POINT (-121.931758 37.3710873)
4972560087,2016,market_place,Moraga Produce,POINT (-122.1260378 37.8570456)
4972855027,2511,convenience,Andi's Market,POINT (-122.414204 37.7388099)
4972855028,2511,convenience,Pay Little Market,POINT (-122.4145587 37.7389842)
4983814523,2501,supermarket,Lao Jaleune Supermarket,POINT (-122.3478724 37.9375713)
4986176391,2501,supermarket,Lucky,POINT (-122.1027648 37.9949391)
4986970193,2501,supermarket,99 Ranch Market,POINT (-121.9330991 37.7063174)
4987263453,2501,supermarket,Eureka Natural Foods,POINT (-124.0999683 40.9448341)
4988977695,2511,convenience,Park & Hester Food & Liquor,POINT (-121.9192853 37.3298207)
4989314688,2511,convenience,Valero,POINT (-121.961981 37.3845616)
5009361377,2511,convenience,Miner's Mart,POINT (-120.2607457 37.8224008)
5018469890,2501,supermarket,Apni Mandi Farmers Market,POINT (-121.874888 37.4184353)
5038595323,2505,department_store,Target,POINT (-122.4770048 37.72663)
5061169918,2511,convenience,Europa Express,POINT (-122.509954 37.7742945)
5072660829,2511,convenience,Superette Market,POINT (-121.5061452 38.5501567)
5080242674,2501,supermarket,Grocery Outlet,POINT (-121.911531 37.4286315)
5096595709,2511,convenience,Shastina Food Mart,POINT (-122.3550387 41.4752989)
5106546096,2511,convenience,Manton Corners,POINT (-121.8702714 40.4348937)
5110357106,2501,supermarket,Safeway,POINT (-122.0944654 37.411191)
5125007809,2511,convenience,Sav Mor Food Mart,POINT (-122.075206 37.3852456)
5125211237,2501,supermarket,Đại Thành Supermarket,POINT (-121.873594 37.3967363)
5125230030,2511,convenience,7-Eleven,POINT (-121.8423786 37.3700843)
5125317311,2511,convenience,7-Eleven,POINT (-121.8358412 37.37587)
5125341637,2505,department_store,Marshalls,POINT (-121.8424644 37.3720189)
5125341638,2501,supermarket,Cardenas,POINT (-121.8422079 37.3716587)
5127223603,2528,greengrocer,Mi Tienda Supermarket,POINT (-122.0758858 37.3977578)
5127710511,2511,convenience,Talmage Market,POINT (-123.1664551 39.1333951)
5153772161,2501,supermarket,Safeway,POINT (-122.3154601 37.9222203)
5157300623,2511,convenience,Stop and Go Market,POINT (-122.324522 37.9489917)
5158768022,2501,supermarket,Commissary (military only),POINT (-121.8120196 36.6448437)
5158866521,2511,convenience,Navy Exchange (NEX),POINT (-121.8727402 36.5996278)
5178905281,2501,supermarket,Harvest Market,POINT (-122.603007 38.1226968)
5188946023,2501,supermarket,Lucky,POINT (-121.994635 37.8130589)
5199035784,2505,department_store,Target,POINT (-121.9318096 37.706658)
5199035788,2505,department_store,Burlington,POINT (-121.930946 37.7050994)
5199297803,2505,department_store,Ross,POINT (-121.9314355 37.70207)
5199297805,2505,department_store,Marshalls,POINT (-121.9321261 37.7018599)
5207580624,2501,supermarket,Patel indian Grocery,POINT (-121.9474766 37.7716357)
5215295833,2505,department_store,TJ Maxx,POINT (-122.0598776 37.9721981)
5222768492,2511,convenience,Ashbury Market,POINT (-122.4465288 37.7670881)
5225380277,2511,convenience,7-Eleven,POINT (-122.060488 37.910924)
5246517734,2511,convenience,Marathon,POINT (-122.2910605 40.4526204)
5249822272,2501,supermarket,Trader Joe's,POINT (-121.8770007 37.6969236)
5261431338,2528,greengrocer,Health Unlimited,POINT (-122.076777 37.6967601)
5261431339,2505,department_store,Ross,POINT (-122.0765624 37.6967591)
5267116512,2511,convenience,College Creek Marketplace,POINT (-124.0798697 40.8740161)
5271013151,2511,convenience,Giant’s Cupboard,POINT (-124.0785718 40.8786764)
5274519618,2501,supermarket,Walmart Neighborhood Market,POINT (-121.3990868 38.6170218)
5274568988,2505,department_store,TJ Maxx,POINT (-121.400012 38.6198699)
5274568992,2501,supermarket,Trader Joe's,POINT (-121.400195 38.6185413)
5274569004,2505,department_store,Ross,POINT (-121.3990464 38.6198573)
5276287053,2501,supermarket,Smart & Final,POINT (-121.477035 38.628318)
5276563123,2511,convenience,ExtraMile,POINT (-121.4760174 38.6108903)
5276563161,2511,convenience,7-Eleven,POINT (-121.4751014 38.6110234)
5279034139,2501,supermarket,Whole Foods Market,POINT (-122.058797 37.9740558)
5281051126,2501,supermarket,Trader Joe's,POINT (-122.0561587 37.979301)
5281436759,2505,department_store,Marshalls,POINT (-121.5105925 38.6602036)
5284956539,2511,convenience,Bings,POINT (-121.448349 38.6540937)
5285021251,2511,convenience,ampm,POINT (-121.4562754 38.6436096)
5285324022,2511,convenience,7-Eleven,POINT (-122.027376 37.540145)
5302500269,2511,convenience,Lakeshore Produce,POINT (-122.243835 37.8106062)
5305448128,2511,convenience,7-Eleven,POINT (-122.1467636 38.050469)
5307453841,2505,department_store,JCPenney,POINT (-122.061262 37.9696169)
5307453843,2505,department_store,Macy's,POINT (-122.0596014 37.9668242)
5307516170,2505,department_store,Macy's,POINT (-121.814462 37.3259896)
5307516171,2505,department_store,JCPenney,POINT (-121.8126645 37.326484)
5309751258,2501,supermarket,La Victoria Supermercado,POINT (-121.4463701 38.6132573)
5311107139,2511,convenience,Fort Mason Market and Deli,POINT (-122.427797 37.7998816)
5311527030,2501,supermarket,Save Mart,POINT (-121.410185 38.4807614)
5312287350,2501,supermarket,Save Mart,POINT (-121.373098 38.4248364)
5314002500,2505,department_store,Ross,POINT (-122.4819385 37.7003936)
5315002821,2511,convenience,7-Eleven,POINT (-122.4689789 37.6496499)
5315466469,2511,convenience,Friends Liquor Groceries,POINT (-122.4331305 37.7860068)
5315596634,2501,supermarket,Walmart Neighborhood Market,POINT (-121.3249 38.6625991)
5315597553,2501,supermarket,Walmart Neighborhood Market,POINT (-121.763685 38.661335)
5315597756,2501,supermarket,Walmart Supercenter,POINT (-121.304762 38.289653)
5315597931,2501,supermarket,Walmart Neighborhood Market,POINT (-121.951128 38.350599)
5315598110,2501,supermarket,Walmart Neighborhood Market,POINT (-121.8713473 37.3161402)
5315598128,2501,supermarket,Walmart Neighborhood Market,POINT (-121.787924 38.680872)
5315598298,2505,department_store,Walmart,POINT (-122.3284 37.9799)
5315599514,2501,supermarket,Walmart Supercenter,POINT (-121.2918143 38.5961282)
5317898535,2511,convenience,ExtraMile,POINT (-122.3834683 37.6015357)
5324777642,2511,convenience,7-Eleven,POINT (-121.4157314 38.6104301)
5324777687,2511,convenience,Fast N cheap,POINT (-121.4173814 38.6112885)
5326270116,2501,supermarket,Grocery Outlet,POINT (-121.7587008 38.6760568)
5326270120,2505,department_store,Ross,POINT (-121.7573109 38.6762932)
5326303605,2501,supermarket,Food 4 Less,POINT (-121.7449944 38.6750418)
5352315990,2528,greengrocer,Golden Natural Foods,POINT (-122.4292652 37.7688849)
5401341225,2511,convenience,Lamps Plus,POINT (-122.0671285 37.9791016)
5406291085,2501,supermarket,Imwalle Gardens,POINT (-122.7311992 38.4336678)
5408971979,2511,convenience,New India Bazar,POINT (-122.4201097 37.7870122)
5421846521,2505,department_store,JCPenney,POINT (-122.7315511 38.457022)
5432467233,2511,convenience,,POINT (-122.2602474 37.472191)
5436896960,2511,convenience,,POINT (-121.9179225 41.9643227)
5438839825,2510,general,Campus Store,POINT (-120.424296 37.3662609)
5446511508,2016,market_place,Istanbul Market,POINT (-122.3643813 37.5862743)
5461090840,2511,convenience,U-Save Liquor & Grocery,POINT (-122.4169502 37.7350041)
5471625036,2511,convenience,Friends Market,POINT (-122.2226979 37.7758923)
5474696349,2501,supermarket,Seafood City Market,POINT (-122.2575771 38.122467)
5474741635,2511,convenience,Okbah Grocery Shop,POINT (-122.2563354 38.1101221)
5485101725,2511,convenience,Okbah Grocery Shop,POINT (-122.2563354 38.1101399)
5485382230,2511,convenience,23rd & Guerrero Liquor Store,POINT (-122.4228655 37.7536836)
5495209222,2511,convenience,Village Market Groceries,POINT (-122.2545743 38.107364)
5497899327,2511,convenience,Lezly 99 Store & More Market,POINT (-121.859071 37.3513912)
5499607846,2511,convenience,7-Eleven,POINT (-122.2316582 38.0846119)
5506626421,2511,convenience,Okbah Groceries,POINT (-122.2563234 38.1101409)
5507277626,2511,convenience,Village Market,POINT (-122.25465 38.107411)
5538811234,2511,convenience,New Potrero Market,POINT (-122.3957876 37.7625243)
5538811238,2511,convenience,Le Marché Cezanne,POINT (-122.397181 37.7626475)
5543993624,2528,greengrocer,Andreotti Family Farm,POINT (-122.4394075 37.4647594)
5567351717,2511,convenience,Produce Pro,POINT (-122.2742422 37.814161)
5568515982,2501,supermarket,Vallarta,POINT (-119.752607 36.7874014)
5569989027,2511,convenience,,POINT (-122.2599194 38.3383674)
5581531870,2501,supermarket,Save Mart,POINT (-120.365691 37.9746122)
5600934167,2511,convenience,Double J Sports & Spirits,POINT (-123.3755594 41.7971588)
5603399859,2511,convenience,Shift Change,POINT (-121.4945345 38.5341219)
5613333166,2016,market_place,Fida Market,POINT (-122.4196272 37.7660549)
5616585421,2501,supermarket,Sprouts Farmers Market,POINT (-122.2978846 37.8852078)
5626586796,2511,convenience,Shell Snack Shop,POINT (-122.2530819 37.5007277)
5650690021,2511,convenience,RJ’s market,POINT (-122.4034072 37.8033968)
5660176818,2511,convenience,Cupertino Car Wash,POINT (-122.031753 37.3233347)
5662122597,2511,convenience,Loop Neighborhood Market,POINT (-121.825876 37.3217759)
5678163982,2511,convenience,Glen Park Market,POINT (-122.4342823 37.7334515)
5678599527,2511,convenience,Spanish Flat Country Store & Deli,POINT (-122.2273067 38.5334367)
5689005605,2505,department_store,Ross,POINT (-122.408356 37.7835197)
5689647380,2501,supermarket,Lion Market,POINT (-122.0079868 37.5232542)
5695226284,2501,supermarket,Sprouts Farmers Market,POINT (-122.0518364 37.5488146)
5696080227,2511,convenience,7-Eleven,POINT (-121.997666 37.5216524)
5696143243,2016,market_place,Bay Area Night Market,POINT (-121.9995697 37.524974)
5701389287,2511,convenience,,POINT (-119.8434968 36.7715487)
5701684508,2511,convenience,Speedway,POINT (-119.7549429 36.7791806)
5704096978,2511,convenience,,POINT (-119.8695945 36.8220584)
5710022644,2501,supermarket,Sprouts Farmers Market,POINT (-121.504848 38.5363945)
5711055064,2511,convenience,,POINT (-119.8707345 36.7930868)
5712803093,2511,convenience,,POINT (-119.8469419 36.7785991)
5716128221,2511,convenience,Discount Cigarettes,POINT (-122.2528726 38.1096282)
5737709898,2501,supermarket,Taj Mahal Fresh Market,POINT (-122.00347 37.3891287)
5750641026,2501,supermarket,Chautauqua Natural foods,POINT (-123.793468 40.1004939)
5756910436,2501,supermarket,Asian Food Center,POINT (-121.496043 38.5628134)
5760688121,2511,convenience,First Mart,POINT (-121.9461478 37.410997)
5776518843,2511,convenience,Food Mart,POINT (-122.2387939 37.7842554)
5778400486,2511,convenience,Wing Fa Market,POINT (-121.4904642 38.5665223)
5778410512,2501,supermarket,SF Supermarket,POINT (-121.513084 38.5205805)
5780848800,2501,supermarket,H Mart,POINT (-121.894523 37.3838318)
5790650273,2511,convenience,Lee's Frontier General Store,POINT (-118.057986 36.5839401)
5792800295,2511,convenience,Teddy's Market,POINT (-122.4084473 37.7152284)
5794730330,2505,department_store,TJ Maxx,POINT (-121.497248 38.6411955)
5794959179,2511,convenience,7-Eleven,POINT (-121.4273539 38.5540013)
5794960560,2501,supermarket,Save Mart,POINT (-121.438666 38.5577417)
5794960573,2501,supermarket,Corti Brothers,POINT (-121.4362613 38.5572269)
5797651172,2016,market_place,La Joya,POINT (-124.1642922 41.9332881)
5805622845,2501,supermarket,Grocery Outlet,POINT (-121.4996454 38.6123145)
5810935073,2511,convenience,7-Eleven,POINT (-121.9781636 37.2356896)
5816784366,2016,market_place,SPARC-it-Place!,POINT (-122.2784791 37.8254904)
5821054618,2511,convenience,TS Food Mart,POINT (-121.3485285 38.5466986)
5821222447,2511,convenience,ExtraMile,POINT (-121.418026 38.4737114)
5824585545,2511,convenience,Olive Mix,POINT (-121.504236 38.583343)
5827885885,2511,convenience,Point Arena General Store,POINT (-123.6920838 38.9090709)
5830979498,2511,convenience,Speedway,POINT (-118.394407 37.3573535)
5831318483,2511,convenience,7-Eleven,POINT (-121.4382854 38.5470381)
5832926980,2511,convenience,The Filling Station,POINT (-122.2686557 37.880208)
5833583540,2511,convenience,Loop,POINT (-121.5078253 38.4804506)
5833614923,2511,convenience,Food Stop,POINT (-121.5009882 38.4811183)
5834929886,2528,greengrocer,Downtown Grocery,POINT (-122.4121922 37.7838801)
5837252124,2511,convenience,ExtraMile,POINT (-122.511148 37.9024418)
5843170364,2501,supermarket,T & Y Market,POINT (-121.4577017 38.6195711)
5847708580,2016,market_place,Mountain Marketplace,POINT (-122.9410299 40.7335903)
5849265730,2511,convenience,,POINT (-120.0029996 38.4787039)
5855350646,2501,supermarket,Foods Co,POINT (-121.444647 38.5269876)
5860100905,2511,convenience,Sweetwater,POINT (-119.9644883 37.4842237)
5860137481,2511,convenience,A-1 Food Mart,POINT (-120.6466478 40.4144959)
5860257610,2505,department_store,Marshalls,POINT (-120.6348128 40.4066565)
5864740732,2511,convenience,,POINT (-121.532455 38.6426295)
5869800591,2511,convenience,,POINT (-124.0747572 41.5784121)
5871263418,2501,supermarket,Apna Bazar,POINT (-122.0521991 37.3735947)
5876905609,2511,convenience,Western Sunset Market,POINT (-122.5057581 37.7603023)
5887376120,2501,supermarket,Takahashi Market,POINT (-122.3208212 37.5670309)
5893320826,2511,convenience,Tommy's Market & Deli,POINT (-122.4783682 37.7484256)
5895538479,2501,supermarket,Safeway,POINT (-121.8226255 39.7623124)
5895573443,2501,supermarket,Trader Joe's,POINT (-121.846984 39.7593442)
5904459569,2511,convenience,,POINT (-121.8266784 38.4458633)
5911009788,2501,supermarket,Safeway,POINT (-122.0184678 37.9272435)
5912324337,2501,supermarket,FoodMaxx,POINT (-123.196676 39.131269)
5915056381,2511,convenience,Stony Creek Market,POINT (-118.8403433 36.6641436)
5938102947,2501,supermarket,Mount Shasta Supermarket,POINT (-122.3143785 41.3156281)
5940951485,2511,convenience,,POINT (-119.60852 37.357387)
5963099386,2511,convenience,General Store,POINT (-118.6135876 36.1398367)
5963560427,2511,convenience,New Rich's Market,POINT (-122.2587803 37.7743911)
5982503390,2501,supermarket,European Deli,POINT (-122.0729741 37.6942762)
5998482888,2528,greengrocer,23rd and Mission Produce,POINT (-122.4187375 37.7537058)
6008065524,2511,convenience,Quik Stop,POINT (-122.091335 37.6698918)
6018390650,2511,convenience,Redwood Market,POINT (-123.7954349 40.0996398)
6025772311,2501,supermarket,Lucky,POINT (-121.8536299 37.7045493)
6037967606,2511,convenience,,POINT (-121.1658877 38.6705268)
6046614174,2501,supermarket,Market 5-ONE-5,POINT (-121.497915 38.5718468)
6053605906,2511,convenience,Glenshire General Store,POINT (-120.1077042 39.3552102)
6056298711,2016,market_place,The Well,POINT (-121.5872971 38.6929)
6072182685,2528,greengrocer,Pickle Shop,POINT (-122.29708 37.8629403)
6104304594,2511,convenience,Kim's Oriental Market,POINT (-121.8478781 36.6093519)
6104304642,2511,convenience,Broadway Market,POINT (-121.8430196 36.6088196)
6104306881,2501,supermarket,La Preciosa,POINT (-121.8398734 36.6088034)
6116710186,2501,supermarket,El Super,POINT (-121.6257986 36.7145386)
6120418155,2501,supermarket,Smart & Final,POINT (-122.058883 37.947587)
6127651147,2511,convenience,Minute Mart,POINT (-122.2702943 37.8400087)
6128018721,2511,convenience,Adeline Liquor and Market,POINT (-122.2741158 37.8417185)
6160028440,2511,convenience,,POINT (-120.0822723 39.3829875)
6164299209,2511,convenience,7-Eleven,POINT (-120.2098543 39.3263976)
6164832787,2511,convenience,Little River Market,POINT (-123.788877 39.2706988)
6164833196,2510,general,Navarro General Store,POINT (-123.5435225 39.1528248)
6167357459,2528,greengrocer,,POINT (-122.4136153 37.7574745)
6182196270,2505,department_store,Ross,POINT (-121.4942442 38.4629881)
6196289552,2511,convenience,ExtraMile,POINT (-120.131536 37.0191967)
6203794589,2511,convenience,Jax Liquor,POINT (-122.2518286 37.7970305)
6221780068,2511,convenience,7-Eleven,POINT (-121.916067 37.4554819)
6240965611,2501,supermarket,Trader Joe's,POINT (-122.0033266 37.8230234)
6254716861,2511,convenience,Quality Market,POINT (-122.0183811 36.966103)
6257278105,2511,convenience,Lucky Stop Market,POINT (-122.1564358 37.7459284)
6262280253,2501,supermarket,Nugget Markets,POINT (-121.7806092 38.6782103)
6277597582,2511,convenience,Armentas Market,POINT (-121.933382 37.2744895)
6277607354,2511,convenience,7-Eleven,POINT (-121.923104 37.2753379)
6283638593,2511,convenience,7-Eleven,POINT (-121.950328 37.2808155)
6286794127,2511,convenience,7-Eleven,POINT (-121.9256409 37.2612664)
6291795589,2511,convenience,Chavarria's Market,POINT (-122.4074133 37.661747)
6291795596,2511,convenience,Five Star Food and Liquor,POINT (-122.4080865 37.6605113)
6292714427,2501,supermarket,Nugget Markets,POINT (-122.5429813 38.0673861)
6298322297,2501,supermarket,Brunos Market & Deli,POINT (-121.91981 36.5559686)
6313715850,2511,convenience,A-G Market,POINT (-122.2365208 37.7914428)
6313715852,2511,convenience,Blue & Gold Market,POINT (-122.2426133 37.7922097)
6314144278,2528,greengrocer,Woori Food Market,POINT (-122.4326538 37.7837595)
6320042884,2501,supermarket,Safeway,POINT (-121.6991427 37.9358665)
6320053641,2501,supermarket,Sprouts Farmers Market,POINT (-121.7349511 37.9442306)
6329826425,2511,convenience,ExtraMile,POINT (-121.695251 37.9317644)
6329876618,2511,convenience,ampm,POINT (-121.7380296 37.9245872)
6329876619,2511,convenience,Extra Mile,POINT (-121.7356711 37.9261461)
6331742058,2511,convenience,7-Eleven,POINT (-121.8363293 38.005707)
6344499079,2511,convenience,SP Food Mart Gasoline,POINT (-122.2945985 37.8753933)
6344833297,2511,convenience,Gorda General Store,POINT (-121.4461452 35.8766156)
6357137343,2511,convenience,Food Mart,POINT (-122.0647088 39.0243043)
6363929669,2511,convenience,Food Mart,POINT (-120.362286 36.1372652)
6373066044,2511,convenience,Williams Liquor & Food,POINT (-122.1477321 39.1551717)
6373069243,2511,convenience,Shell,POINT (-122.1397443 39.1579823)
6373149989,2511,convenience,Shell,POINT (-122.289788 40.4378914)
6373247689,2511,convenience,Valero,POINT (-122.639222 41.7188303)
6373247692,2511,convenience,Food Mart,POINT (-122.6355509 41.7304101)
6377341564,2511,convenience,Balboa Bi-rite Market,POINT (-122.4853733 37.7761327)
6383660412,2501,supermarket,Mi Ranchito Produce,POINT (-121.8452016 37.3581665)
6383660414,2511,convenience,Paul’s Kuik Stop,POINT (-121.8450386 37.3581464)
6383699035,2501,supermarket,Chavez Supermarket,POINT (-121.8496169 37.3672353)
6383763874,2511,convenience,Moe’s Stop,POINT (-121.8633772 37.355946)
6389297011,2501,supermarket,Vinh Phat,POINT (-121.437392 38.5156065)
6397680533,2511,convenience,Tigers Liquors,POINT (-122.485026 37.7821322)
6399819660,2511,convenience,Ginger Market,POINT (-121.881786 37.3337352)
6417228186,2511,convenience,Wok Shop,POINT (-122.4060709 37.7936988)
6419899344,2511,convenience,J & L Market,POINT (-122.2134118 38.0526346)
6422020628,2511,convenience,,POINT (-119.1873722 36.6835281)
6423552386,2505,department_store,LeBallister's,POINT (-122.7336339 38.4276652)
6423796328,2501,supermarket,FoodMaxx,POINT (-121.8091392 39.7236537)
6432103449,2505,department_store,Saks Fifth Avenue,POINT (-121.8959663 37.4133576)
6432807482,2505,department_store,Burlington,POINT (-121.895303 37.4150679)
6432807484,2505,department_store,Marshalls,POINT (-121.8951371 37.4135788)
6438912685,2511,convenience,,POINT (-121.3964947 38.438748)
6439011686,2511,convenience,Bohemian Market,POINT (-122.9476273 38.4073277)
6441605412,2501,supermarket,Raley's,POINT (-121.1732264 38.744421)
6448506586,2511,convenience,ampm,POINT (-122.273401 37.5235404)
6448837329,2511,convenience,Danville Market,POINT (-121.9958692 37.8183094)
6448887908,2501,supermarket,Smart & Final,POINT (-121.3771784 38.4101169)
6463573766,2511,convenience,Speedway,POINT (-121.9961694 38.3493246)
6469314085,2501,supermarket,Woodlands Market,POINT (-122.3919796 37.7890338)
6475795962,2501,supermarket,Spice Corner,POINT (-121.8656351 37.7049109)
6479601177,2501,supermarket,New Leaf Market,POINT (-121.9004238 36.978451)
6479745430,2505,department_store,JCPenney,POINT (-121.806781 39.728522)
6482163923,2511,convenience,All Star,POINT (-122.0779471 37.6310453)
6486930280,2511,convenience,Mainland Market Co.,POINT (-122.4795405 37.7801447)
6486931285,2511,convenience,New World Market,POINT (-122.4801072 37.7801094)
6494887198,2501,supermarket,Community Market,POINT (-122.7178105 38.4587923)
6510421886,2501,supermarket,Mahogany smoked meats,POINT (-118.4176885 37.3760108)
6515610988,2511,convenience,Shell Select,POINT (-121.905619 37.3571003)
6515611005,2511,convenience,Easy Mart,POINT (-121.893994 37.3745364)
6516857460,2511,convenience,G & Y Bakery Cafe,POINT (-122.4075782 37.794007)
6520441834,2511,convenience,7-Eleven,POINT (-121.8870188 37.335537)
6521383065,2016,market_place,Taylor Street Night Market,POINT (-121.892725 37.3539309)
6521383066,2016,market_place,Japantown Certified Farmer’s Market,POINT (-121.8929717 37.3538371)
6534451134,2501,supermarket,Shan Market,POINT (-121.4764031 38.6087878)
6534579074,2511,convenience,The Inverness Store,POINT (-122.8516348 38.096806)
6535510811,2505,department_store,McCalou's,POINT (-122.2096998 37.8271375)
6536141290,2511,convenience,ampm,POINT (-121.383467 38.6515914)
6536141317,2511,convenience,7-Eleven,POINT (-121.3823443 38.654419)
6536788765,2505,department_store,Marshalls,POINT (-119.676177 36.3257819)
6536788773,2505,department_store,Target,POINT (-119.676443 36.3237851)
6536797487,2501,supermarket,Foods Co,POINT (-119.676244 36.328981)
6536797495,2505,department_store,Kohl's,POINT (-119.671364 36.326703)
6536797499,2505,department_store,JCPenney,POINT (-119.671073 36.32401)
6544351129,2501,supermarket,Real Produce International Market,POINT (-122.1484924 37.4267193)
6546335352,2511,convenience,Mak's Quick Corner,POINT (-121.4925756 38.5375654)
6546388016,2511,convenience,76,POINT (-121.4979134 38.5242891)
6546797021,2511,convenience,Airway Market,POINT (-121.5000058 38.5174154)
6548733271,2511,convenience,ampm,POINT (-121.5309533 38.6133914)
6548820754,2505,department_store,TJ Maxx,POINT (-121.9849433 37.3897876)
6554136985,2501,supermarket,Whole Foods Market,POINT (-122.0153822 37.9259352)
6562384112,2501,supermarket,Raley's,POINT (-121.3948422 38.5485859)
6567050716,2501,supermarket,Raley's,POINT (-121.3132575 38.709514)
6567050746,2511,convenience,7-Eleven,POINT (-121.3150017 38.7077406)
6568974927,2501,supermarket,Smart & Final Extra!,POINT (-121.27344 38.746942)
6569352210,2505,department_store,Ross,POINT (-121.4683185 37.7582087)
6569352211,2505,department_store,Marshalls,POINT (-121.4683151 37.7578641)
6582227557,2511,convenience,Russell’s,POINT (-122.3974122 37.7917231)
6591801233,2511,convenience,Sunny Market,POINT (-122.4512893 37.7817838)
6593325447,2501,supermarket,Cost Less,POINT (-119.65593 36.3222534)
6593325450,2505,department_store,Big Lots,POINT (-119.6575884 36.3228326)
6594608073,2501,supermarket,Grocery Outlet,POINT (-119.651394 36.3264932)
6594911876,2505,department_store,Target,POINT (-119.0472938 36.0781272)
6594911879,2505,department_store,Marshalls,POINT (-119.0461248 36.0787227)
6594916185,2505,department_store,Kohl's,POINT (-119.0450277 36.0787335)
6594968360,2501,supermarket,Food 4 Less,POINT (-119.0462696 36.0816676)
6595277847,2511,convenience,Shell,POINT (-119.040378 36.0808184)
6597620445,2016,market_place,Farmers Market,POINT (-123.2082865 39.1483853)
6597719928,2501,supermarket,Grocery Outlet,POINT (-119.656658 37.3341395)
6600518535,2511,convenience,Shell,POINT (-121.628306 39.1420407)
6601593404,2511,convenience,ampm,POINT (-121.575178 39.1262466)
6601593410,2501,supermarket,FoodMaxx,POINT (-121.5698139 39.1223639)
6601593421,2511,convenience,7-Eleven,POINT (-121.5555741 39.1094842)
6601600409,2511,convenience,,POINT (-121.550937 39.100535)
6601600410,2511,convenience,TS Liquor & Food Mart,POINT (-121.5517223 39.0999465)
6601600415,2511,convenience,Lally Gas & Food,POINT (-121.5520662 39.0976895)
6601600418,2511,convenience,Oliverhurst Mini Mart,POINT (-121.5512385 39.0955285)
6601976142,2501,supermarket,New Indian Market,POINT (-122.0708725 37.5894335)
6601976143,2511,convenience,Bob's Quickshop,POINT (-122.0707196 37.5893697)
6601976148,2511,convenience,One Stop Market,POINT (-122.0712346 37.5896503)
6608920057,2511,convenience,,POINT (-119.0267059 36.0506639)
6625305331,2501,supermarket,Safeway,POINT (-121.9790836 37.231425)
6634620858,2528,greengrocer,Farmer's Market,POINT (-121.947165 37.3491846)
6639259486,2505,department_store,Stogies Gold Country Lounge,POINT (-120.4232702 37.9530211)
6642609928,2501,supermarket,Seafood City,POINT (-122.0699485 37.5913511)
6645271051,2501,supermarket,India Cash and Carry,POINT (-122.2681384 37.5595676)
6645406775,2511,convenience,Tim’s Market,POINT (-122.4313234 37.7757295)
6645904750,2501,supermarket,Shalimar,POINT (-122.0681849 37.590052)
6648352066,2501,supermarket,Island Pacific Super,POINT (-122.0690418 37.5884873)
6654609859,2505,department_store,Macy's,POINT (-122.7281318 38.4576987)
6673050085,2511,convenience,The farm hand,POINT (-122.9832277 38.5143129)
6678134739,2511,convenience,MD liquor and food,POINT (-122.999184 38.5022748)
6681812689,2501,supermarket,Marina Grocery,POINT (-121.9013217 37.4331065)
6681874515,2511,convenience,7-Eleven,POINT (-121.909615 37.4280618)
6682154727,2501,supermarket,Ocean Supermarket,POINT (-121.883185 37.4353672)
6683175387,2505,department_store,Ross,POINT (-122.1790242 37.7160362)
6684942013,2511,convenience,MD,POINT (-122.9847732 38.5114412)
6685474704,2528,greengrocer,,POINT (-122.7738727 38.4967819)
6689790038,2511,convenience,ampm,POINT (-122.2644726 37.8373999)
6690471270,2511,convenience,Campbell Park Stop Market,POINT (-122.2781794 37.8094428)
6696356311,2511,convenience,ampm,POINT (-121.9543421 38.3697829)
6696356313,2511,convenience,ExtraMile,POINT (-121.9557328 38.3698231)
6699245543,2511,convenience,7-Eleven,POINT (-121.9146256 37.4283902)
6701143983,2511,convenience,Shell,POINT (-121.997683 38.3479489)
6709153241,2511,convenience,ExtraMile,POINT (-121.5225477 38.6552494)
6711126271,2511,convenience,,POINT (-122.2876455 37.8699194)
6725758428,2501,supermarket,Safeway,POINT (-122.7414687 38.4463273)
6751139420,2511,convenience,Harry's Market,POINT (-122.7308483 38.442092)
6755477913,2501,supermarket,Fiji Market,POINT (-121.4747447 38.6265208)
6757736985,2505,department_store,McCaulou's,POINT (-122.1906425 37.8833927)
6760981137,2511,convenience,ExtraMile,POINT (-121.4751076 38.6115961)
6764001241,2501,supermarket,FoodMaxx,POINT (-121.4989867 38.6260817)
6776046519,2505,department_store,Ross,POINT (-121.4561533 38.4947275)
6789685457,2501,supermarket,Smart & Final Extra!,POINT (-121.381395 38.5970115)
6791328375,2511,convenience,7 Seas Food & Liquor,POINT (-122.2237412 37.8002721)
6791676302,2511,convenience,T & L Market,POINT (-122.4629968 37.7829075)
6791676306,2528,greengrocer,New Lien Hing Supermarket,POINT (-122.4635644 37.7831067)
6797576628,2511,convenience,Happy Place,POINT (-122.390926 37.6003581)
6816208577,2505,department_store,Ross,POINT (-121.8463348 37.6960078)
6816233137,2501,supermarket,99 Ranch Market,POINT (-121.8497813 37.695495)
6819313200,2501,supermarket,Smartsville Grocery,POINT (-121.2976831 39.2071117)
6829148246,2511,convenience,Hokkaido Sashimi Marketplace,POINT (-122.4776853 37.7802335)
6829148263,2511,convenience,City Discount Market #2,POINT (-122.4788947 37.7801867)
6829410511,2511,convenience,Midtown Market,POINT (-122.403329 37.6827257)
6831790667,2511,convenience,Gourmand,POINT (-122.4687676 37.7806414)
6831833987,2511,convenience,State Market,POINT (-122.470578 37.7805681)
6833462297,2528,greengrocer,Yin Xing Food Company,POINT (-122.4664396 37.7827474)
6833462315,2511,convenience,Modera Liquor & Wine,POINT (-122.4665611 37.7807228)
6844993185,2528,greengrocer,Davis Ranch,POINT (-121.1714566 38.4927928)
6855684965,2505,department_store,Big Lots,POINT (-121.83891 37.9999144)
6862205531,2511,convenience,7-Eleven,POINT (-121.9730685 36.9630958)
6898576853,2501,supermarket,Grocery Outlet,POINT (-121.8469612 39.7583343)
6923605960,2016,market_place,The SF Market,POINT (-122.3949507 37.7411787)
6928823766,2505,department_store,Ross,POINT (-121.9303566 37.2917764)
6959323280,2016,market_place,Danville Farmers' Market,POINT (-122.00043 37.8204968)
6959345707,2511,convenience,ampm,POINT (-121.0735765 37.7005696)
6965784670,2511,convenience,7-Eleven,POINT (-121.7983967 37.3248005)
6965784683,2501,supermarket,Manila Oriental Market,POINT (-121.795032 37.3241867)
6965787511,2501,supermarket,Chavez Supermarket,POINT (-121.809789 37.3128686)
6967881716,2511,convenience,Denhard's Market,POINT (-122.468281 37.7750476)
6967913831,2511,convenience,Speedway Express,POINT (-122.722199 38.4454569)
6975686038,2511,convenience,Huntington Food & Liquors,POINT (-122.4118969 37.6296507)
6985526056,2510,general,Caribou Crossroads,POINT (-121.2252212 40.0149121)
6986281616,2511,convenience,Food Mart,POINT (-122.4171403 37.7647819)
6993875393,2501,supermarket,Fork Lift by Nugget,POINT (-120.9720249 38.6586047)
7012369810,2511,convenience,,POINT (-122.2818287 41.1951652)
7012806520,2511,convenience,,POINT (-122.7868821 38.5261012)
7012927627,2511,convenience,Speedway,POINT (-122.6039407 38.2340394)
7015452107,2511,convenience,Loop,POINT (-122.3025118 38.3219283)
7015459768,2511,convenience,Speedway,POINT (-122.2824686 38.3098215)
7020626415,2501,supermarket,Grocery Outlet,POINT (-122.142947 39.1583255)
7020758961,2501,supermarket,Grocery Outlet,POINT (-122.288835 40.4362563)
7020820497,2511,convenience,,POINT (-122.2995667 40.4525908)
7020820498,2511,convenience,,POINT (-122.2998022 40.4513572)
7021122817,2511,convenience,Valero,POINT (-122.2210753 40.15269)
7021122819,2511,convenience,Loves,POINT (-122.1963637 39.9075269)
7039687225,2505,department_store,Ross,POINT (-122.2323883 40.1619256)
7039687226,2505,department_store,Marshalls,POINT (-122.2324152 40.1622167)
7044717961,2511,convenience,Tower Car Wash,POINT (-122.4187754 37.7721424)
7055918421,2511,convenience,Neighborhood’s Market,POINT (-121.879202 37.3454173)
7056237923,2511,convenience,ampm,POINT (-122.2891149 40.4340487)
7058008639,2511,convenience,Bonfare Market #12,POINT (-121.760722 37.2912497)
7076603480,2511,convenience,7-Eleven,POINT (-121.8722695 37.3739161)
7076930423,2511,convenience,ExtraMile,POINT (-122.0975108 37.6329468)
7076930424,2511,convenience,Hayward Food & Liquor,POINT (-122.0897881 37.620186)
7086840110,2511,convenience,7-Eleven,POINT (-121.488052 38.5790609)
7090056076,2511,convenience,Dunes Market,POINT (-121.8098222 36.6654132)
7100878043,2501,supermarket,Draeger's Markets,POINT (-121.9189336 37.8012535)
7108559569,2511,convenience,7-Eleven,POINT (-121.7650026 38.6778084)
7111430533,2501,supermarket,Indo-Pak Halal Market,POINT (-121.8734317 37.375307)
7111736481,2505,department_store,Saks Fifth Avenue,POINT (-122.6504459 38.2576823)
7121789357,2511,convenience,CS Club Market 2nd Floor,POINT (-121.881773 37.3336454)
7121798609,2016,market_place,Paseo Market,POINT (-121.881477 37.3363187)
7125325085,2501,supermarket,Grocery Outlet,POINT (-122.0610372 37.9539711)
7132247768,2505,department_store,Ross,POINT (-121.2951651 38.6775493)
7132247769,2505,department_store,Burlington,POINT (-121.294638 38.6771047)
7132247770,2505,department_store,Kohl's,POINT (-121.2939995 38.6766633)
7132247771,2511,convenience,7-Eleven,POINT (-121.29286 38.6764092)
7133957481,2511,convenience,Circle K,POINT (-121.5965865 36.6953909)
7134331695,2501,supermarket,Food 4 Less,POINT (-121.5958593 36.6931226)
7147570778,2511,convenience,ExtraMile,POINT (-122.2542366 38.1844865)
7147683285,2501,supermarket,New India Bazaar,POINT (-121.877172 37.6908864)
7165313499,2511,convenience,ampm,POINT (-121.6640693 36.7217009)
7165411373,2501,supermarket,Sprouts Farmers Market,POINT (-121.8465023 37.371021)
7199451540,2511,convenience,Point Richmond Market,POINT (-122.3858963 37.9264756)
7199451541,2511,convenience,Santa Fe Market,POINT (-122.3859269 37.9260964)
7207426198,2501,supermarket,Compton's Market,POINT (-121.4478562 38.5786553)
7213623549,2511,convenience,,POINT (-122.3506226 40.6792898)
7214476233,2511,convenience,La Vista Mini Market,POINT (-121.812759 37.3499012)
7214476239,2511,convenience,7-Eleven,POINT (-121.813441 37.3504823)
7215727798,2511,convenience,J&F Liquors & Groceries,POINT (-121.8880108 37.3550599)
7235618614,2511,convenience,,POINT (-122.416926 37.7823361)
7236129266,2511,convenience,Stardust Market,POINT (-122.4601659 37.7810277)
7237427005,2511,convenience,Island Market & Deli,POINT (-122.3708828 37.8166546)
7237642908,2511,convenience,Chevron,POINT (-122.5446529 38.0072626)
7237642910,2511,convenience,Shell,POINT (-122.543841 38.0068073)
7237645758,2511,convenience,,POINT (-122.5041521 37.960432)
7237665295,2511,convenience,,POINT (-122.5623995 37.9774095)
7240950633,2511,convenience,Chevron,POINT (-122.5345179 37.9955953)
7248676679,2528,greengrocer,Country Organics,POINT (-122.3623933 40.5672424)
7248927992,2505,department_store,Ross,POINT (-121.973799 37.3384683)
7249785561,2501,supermarket,Harrods Market,POINT (-119.6448523 36.3258332)
7258417835,2505,department_store,TJ Maxx,POINT (-120.0043879 38.9148848)
7264190757,2511,convenience,7-Eleven,POINT (-122.242552 38.1101943)
7276087582,2511,convenience,ExtraMile,POINT (-121.5763279 38.5759775)
7278371280,2511,convenience,S&S Market,POINT (-121.8751285 37.3330583)
7281177585,2501,supermarket,Raley's,POINT (-122.0218487 38.2459304)
7281575707,2511,convenience,,POINT (-122.0564051 38.2497386)
7282228751,2511,convenience,Chevron,POINT (-119.65437 36.3596221)
7285402563,2511,convenience,,POINT (-122.2312029 38.1407984)
7286566943,2501,supermarket,Raley's,POINT (-121.7930655 39.71658)
7287005431,2511,convenience,,POINT (-122.227318 38.1238192)
7289205531,2511,convenience,ExtraMile,POINT (-122.2523132 38.1229576)
7290057555,2501,supermarket,Redding Pinoy Foods,POINT (-122.3529518 40.5856331)
7292605189,2511,convenience,,POINT (-122.5696334 38.1111598)
7295075927,2511,convenience,,POINT (-121.8399796 38.4584686)
7295116659,2511,convenience,Carniceria Lupita,POINT (-121.8414375 38.456498)
7295614518,2511,convenience,,POINT (-121.8237809 38.46985)
7302910275,2511,convenience,Cal Foods,POINT (-121.862106 37.345726)
7307534778,2505,department_store,Ross,POINT (-121.8981901 37.3816474)
7307703480,2501,supermarket,Sprouts Farmers Market,POINT (-121.8981526 37.3812401)
7335765567,2501,supermarket,Oliver's Market,POINT (-122.6734976 38.4748102)
7338824332,2511,convenience,,POINT (-122.2204187 37.4761475)
7342404203,2511,convenience,,POINT (-121.8373722 37.3607133)
7344883021,2511,convenience,Chevron,POINT (-121.8435491 37.357987)
7344912847,2501,supermarket,,POINT (-121.8336874 37.3595777)
7344912850,2511,convenience,Stop 'n' Easy,POINT (-121.8335353 37.3593218)
7344957643,2511,convenience,Shop 'n' Go,POINT (-121.8434404 37.3578166)
7352799822,2501,supermarket,Grocery Outlet,POINT (-121.7297074 38.5527092)
7385743421,2501,supermarket,Bharat Bazar,POINT (-121.9850663 37.5520822)
7393940137,2511,convenience,Bill's Market,POINT (-121.8477949 37.3519431)
7395981664,2501,supermarket,,POINT (-122.361854 40.5686916)
7399600134,2511,convenience,Liquor Market Shoppe,POINT (-121.8376346 37.3439679)
7399600138,2511,convenience,24 Market,POINT (-121.8370073 37.3435196)
7399808758,2501,supermarket,Santa Fe,POINT (-121.8215458 37.3592519)
7409729845,2505,department_store,Marshalls,POINT (-121.6525191 39.1442912)
7409729856,2501,supermarket,Grocery Outlet,POINT (-121.6472392 39.1423995)
7418043292,2528,greengrocer,Silver Produce,POINT (-122.4045549 37.7302597)
7428153085,2505,department_store,Carmel Plaza,POINT (-121.9205595 36.5543117)
7434921733,2501,supermarket,,POINT (-120.9354079 37.733742)
7434921735,2501,supermarket,,POINT (-120.9354384 37.7346278)
7434921736,2501,supermarket,,POINT (-120.9368328 37.7342484)
7436842106,2501,supermarket,Mi Rancho Supermarket,POINT (-122.3254895 37.568732)
7439879249,2501,supermarket,La Plaza Market,POINT (-121.8622465 37.3406056)
7442396046,2511,convenience,ExtraMile,POINT (-121.5016616 38.4816017)
7447560873,2511,convenience,San Antonio Market,POINT (-121.8663503 37.3429681)
7515344013,2511,convenience,Chevron,POINT (-121.5235865 38.5747901)
7519641956,2511,convenience,7-Eleven,POINT (-121.294406 38.2535151)
7520346626,2511,convenience,ampm,POINT (-121.3100131 38.2900534)
7520346631,2501,supermarket,Raley's,POINT (-121.3072343 38.2897418)
7523911857,2501,supermarket,Galt Supermarket,POINT (-121.2997931 38.254523)
7524933500,2511,convenience,ampm,POINT (-121.2689989 38.1018939)
7524933502,2501,supermarket,Sprouts Farmers Market,POINT (-121.2685596 38.1001257)
7524954676,2511,convenience,Shell,POINT (-121.305959 38.1149752)
7524996886,2511,convenience,ExtraMile,POINT (-121.3105089 38.1150935)
7525424064,2505,department_store,Ross,POINT (-121.2781407 38.1143299)
7525424069,2505,department_store,Kohl's,POINT (-121.2801355 38.1141735)
7526815188,2501,supermarket,Raley's,POINT (-121.3085952 38.1289472)
7527005055,2501,supermarket,Grocery Outlet,POINT (-121.2586636 38.1289628)
7527005056,2505,department_store,Big Lots,POINT (-121.2586383 38.1300231)
7527005057,2505,department_store,dd's Discounts,POINT (-121.2586375 38.129197)
7527267417,2501,supermarket,S-mart Foods,POINT (-121.2811234 38.1292671)
7549480315,2511,convenience,Chevron,POINT (-121.7845426 38.6770965)
7571543302,2501,supermarket,Cardenas,POINT (-121.8182961 37.357971)
7579900663,2511,convenience,7-Eleven,POINT (-121.7928593 38.6787234)
7621320906,2511,convenience,,POINT (-122.75185 38.445571)
7637243929,2511,convenience,6 to Late,POINT (-121.927701 37.3199842)
7650919361,2511,convenience,ampm,POINT (-122.1404844 39.158966)
7654719029,2501,supermarket,Grocery Outlet,POINT (-122.7108445 38.3472765)
7690700456,2501,supermarket,Lucky,POINT (-121.8439511 36.619862)
7696322377,2511,convenience,Ohlone Chynoweth Mini Market,POINT (-121.861008 37.2574192)
7696488928,2505,department_store,dd's Discounts,POINT (-121.9808605 37.3000436)
7698076085,2511,convenience,The Sweet Spot,POINT (-122.7156119 38.439898)
7698076086,2016,market_place,Made Local Marketplace,POINT (-122.7147416 38.4402877)
7698979069,2016,market_place,Bill's Market,POINT (-122.7306959 38.4693398)
7727258294,2511,convenience,Fresh Mart,POINT (-121.8529118 37.3504663)
7732175988,2511,convenience,The Spirit Box,POINT (-121.8864699 37.4067375)
7755160085,2501,supermarket,Pacific Market,POINT (-122.8380252 38.4056261)
7757334646,2501,supermarket,India Cash & Carry,POINT (-122.0316708 37.3049819)
7757396988,2511,convenience,,POINT (-122.0313184 37.3027035)
7790212551,2511,convenience,Twelve Market,POINT (-121.867065 37.3254711)
7795656281,2511,convenience,7-Eleven,POINT (-121.9506618 37.3092624)
7827733258,2511,convenience,La Loma Produce #9,POINT (-122.4655393 37.6903276)
7831208744,2501,supermarket,Nick's Hi-Way Market,POINT (-121.7522599 36.760302)
7831229811,2501,supermarket,Primavera Market,POINT (-121.7602167 36.7675325)
7831229846,2501,supermarket,Santa Fe Foods,POINT (-121.7541351 36.7613637)
7838108711,2511,convenience,ampm,POINT (-121.9555392 38.5311045)
7851520171,2511,convenience,Willow Market,POINT (-121.8827244 37.3188049)
7903298277,2511,convenience,Woodland Gas Food & Liquor,POINT (-119.8518622 37.4498738)
7926234506,2511,convenience,Crafts & Grapes,POINT (-122.258797 37.8642913)
7972230359,2016,market_place,San Miguel Market,POINT (-121.6573936 36.6596017)
7979002988,2501,supermarket,Little Japan Market,POINT (-124.1637291 40.7819787)
8026211067,2511,convenience,Telegas,POINT (-122.26089 37.8504512)
8051957905,2511,convenience,6 To Late Market,POINT (-121.8133893 37.2628398)
8052658030,2501,supermarket,Senter Foods,POINT (-121.824838 37.2832264)
8057319713,2511,convenience,Kim's Market,POINT (-121.8771489 37.3143924)
8057328573,2501,supermarket,Lucky 7 Supermarket,POINT (-121.863601 37.3568775)
8057379874,2511,convenience,Kwikee Mart,POINT (-121.855236 37.3611782)
8057409713,2511,convenience,Discoteca Mini,POINT (-121.8788496 37.3210207)
8057432999,2511,convenience,Tully Market,POINT (-121.825013 37.3233493)
8057441392,2511,convenience,Emit Mini Market,POINT (-121.878013 37.3124926)
8060126724,2511,convenience,7-Eleven,POINT (-121.861066 37.3588298)
8060461667,2511,convenience,7-Eleven,POINT (-121.8333514 37.2834925)
8060461668,2511,convenience,Familia Foods,POINT (-121.8338 37.2834936)
8060472407,2511,convenience,Almaden Market,POINT (-121.8856854 37.3241231)
8060493655,2511,convenience,6 To Late,POINT (-121.8504027 37.2930931)
8060680262,2511,convenience,Touch of soul,POINT (-122.28073 37.8342743)
8067008426,2501,supermarket,Trinethra Indian Supermarket,POINT (-122.0050784 37.5225922)
8069161654,2511,convenience,Sara Market,POINT (-122.2672704 37.8179516)
8075951612,2501,supermarket,Eureka Natural Foods,POINT (-124.1783016 40.7931695)
8079171231,2501,supermarket,Shell Gas Station,POINT (-122.2421097 37.4663801)
8089424623,2511,convenience,Brazilian Market,POINT (-122.4657633 37.6935042)
8089424624,2511,convenience,Amigo's Market,POINT (-122.4662307 37.693258)
8098727040,2511,convenience,Franklin Bros Market,POINT (-122.295098 37.8638609)
8108778964,2511,convenience,Shell,POINT (-118.999189 36.0689479)
8109278669,2501,supermarket,Marinwood Market,POINT (-122.5389255 38.0326369)
8140177640,2501,supermarket,Luke's Local,POINT (-122.4352703 37.7972287)
8175644005,2511,convenience,Capitol Chevron,POINT (-121.8428476 37.276986)
8175724121,2511,convenience,Chevron,POINT (-121.9217632 37.4216502)
8175727711,2511,convenience,Chevron,POINT (-121.8746146 37.4166029)
8175732424,2511,convenience,Los Altos 76,POINT (-122.1145946 37.3769861)
8175746226,2511,convenience,ExtraMile,POINT (-121.93396 37.3319465)
8175769913,2511,convenience,Chevron,POINT (-122.0679235 37.3375517)
8175784394,2511,convenience,Chevron,POINT (-121.803095 37.2374932)
8175789475,2511,convenience,Morgan Hill Kwik Serv,POINT (-121.650742 37.1253642)
8175789588,2511,convenience,76,POINT (-121.843913 37.3700647)
8175801139,2511,convenience,ExtraMile,POINT (-121.9046002 37.3556759)
8175801333,2511,convenience,MGM Chevron,POINT (-122.0670662 37.405216)
8175822577,2511,convenience,Rotten Robbie,POINT (-121.846714 37.4003675)
8175823006,2511,convenience,Shell,POINT (-121.9356821 37.3237921)
8175866091,2511,convenience,Shell,POINT (-122.00305 37.3226541)
8177828784,2501,supermarket,San Carlos Market,POINT (-121.9241868 37.3239778)
8177987918,2511,convenience,76,POINT (-121.965157 37.3296804)
8178007061,2511,convenience,Almaden Center 76,POINT (-121.8623919 37.2210688)
8178537930,2501,supermarket,Super India,POINT (-121.7924822 37.313363)
8178596854,2511,convenience,7-Eleven,POINT (-121.8808993 37.2885819)
8180061617,2511,convenience,Bonfare Market #39,POINT (-121.9059395 37.242376)
8180652989,2501,supermarket,Chavez Supermarket,POINT (-121.84509 37.24927)
8189435397,2511,convenience,Arco,POINT (-122.1013155 37.4215035)
8189458153,2511,convenience,Bascom Camden Chevron,POINT (-121.9409642 37.26541)
8197278077,2511,convenience,Kathmandu Market,POINT (-122.2583019 37.864683)
8197760300,2511,convenience,Sacramento market,POINT (-122.2793802 37.8536934)
8197797181,2511,convenience,Food mart,POINT (-122.2952648 37.8388216)
8198262574,2511,convenience,Shell,POINT (-122.147612 37.4257422)
8198287594,2511,convenience,Chevron,POINT (-121.962644 37.23525)
8198301332,2511,convenience,7-Eleven,POINT (-122.048819 37.3725368)
8200271289,2501,supermarket,Pinecrest General Store,POINT (-119.9967018 38.1919432)
8200403927,2511,convenience,Shell,POINT (-121.9647511 36.9727731)
8201300351,2511,convenience,7-Eleven,POINT (-121.8034715 37.2364919)
8201359969,2511,convenience,Chevron,POINT (-121.9506272 37.3012167)
8202615980,2511,convenience,,POINT (-121.5553492 39.5224632)
8202631525,2511,convenience,,POINT (-121.5610089 39.5260743)
8202948870,2511,convenience,Taylor Arco,POINT (-121.8972697 37.3501248)
8220687542,2511,convenience,Gene’s Liquors,POINT (-121.8050469 37.2365774)
8229442783,2511,convenience,Valero of Santa Clara,POINT (-121.9389398 37.338669)
8229471803,2511,convenience,Foxworthy Gas,POINT (-121.9054857 37.2712131)
8229478432,2511,convenience,Chevron,POINT (-121.8583604 37.2507753)
8229490155,2511,convenience,Mountain View Arco,POINT (-122.078546 37.4059857)
8231325898,2511,convenience,Salomes Quick Stop,POINT (-121.8822344 37.3150289)
8232899155,2501,supermarket,Grocery Outlet,POINT (-121.774357 37.2273223)
8241788547,2501,supermarket,Trader Joe's,POINT (-122.0248018 36.9745224)
8244013280,2501,supermarket,Penzeys Spices,POINT (-122.6866812 38.4432908)
8244013286,2505,department_store,Ross,POINT (-122.686389 38.443027)
8245534230,2511,convenience,Daly City Market,POINT (-122.4635246 37.6999397)
8246386457,2511,convenience,Miss Tomato,POINT (-122.4720518 37.6931519)
8246386505,2511,convenience,7-Eleven,POINT (-122.4742378 37.692969)
8252704384,2511,convenience,Mid City Market,POINT (-122.4637595 37.7008399)
8252704387,2511,convenience,Lowell Market,POINT (-122.4456009 37.7096699)
8253185953,2511,convenience,Anwar Bazaar and Bakery,POINT (-121.9326976 37.2742122)
8253284728,2501,supermarket,Seafood City,POINT (-121.87689 37.4168516)
8253435830,2501,supermarket,Daly City Market,POINT (-122.4751495 37.6929363)
8254426241,2511,convenience,,POINT (-121.8303963 37.2508624)
8254495045,2505,department_store,dd’s Discounts,POINT (-121.8191069 37.3588175)
8258306630,2511,convenience,Loop,POINT (-122.4615315 37.6903161)
8258306631,2511,convenience,7-Eleven,POINT (-122.4614597 37.689577)
8258306632,2511,convenience,Hillside Market,POINT (-122.4600657 37.6870495)
8258306634,2511,convenience,Quick Pick Market,POINT (-122.4591752 37.6857207)
8262966502,2501,supermarket,Fiesta Market,POINT (-121.8858335 37.4331523)
8264468097,2510,general,,POINT (-123.0188244 38.7078671)
8268701831,2511,convenience,Sticks market,POINT (-120.2512447 39.3290803)
8272610865,2511,convenience,,POINT (-120.208568 39.3218586)
8279665809,2505,department_store,dd's Discounts,POINT (-121.3817995 38.6914622)
8279665810,2505,department_store,Big Lots,POINT (-121.3812947 38.6914676)
8280103480,2501,supermarket,Sprouts Farmers Market,POINT (-122.3569671 40.5880771)
8288098808,2511,convenience,Santa Teresa Bottle Shoppe,POINT (-121.7747619 37.2274533)
8317118452,2511,convenience,Alex market,POINT (-122.2813835 37.8624845)
8329546040,2510,general,Rancho Nicasio General Store,POINT (-122.698437 38.0622276)
8343561442,2511,convenience,,POINT (-121.9659737 37.4309635)
8356250207,2510,general,,POINT (-121.8826201 37.4344622)
8358762172,2511,convenience,prep | meals,POINT (-122.698575 38.3277914)
8366092942,2501,supermarket,Safeway,POINT (-122.548221 38.0085575)
8369829859,2511,convenience,V-Mart,POINT (-121.834148 37.2793766)
8377352358,2511,convenience,Ammirati's Market,POINT (-122.3173329 41.1483469)
8379762124,2511,convenience,Chevron,POINT (-121.8978867 37.4127895)
8380277493,2511,convenience,Moe’s Stop,POINT (-121.9270741 37.2614071)
8380311150,2511,convenience,World Express,POINT (-121.8334578 37.2942319)
8380330806,2511,convenience,Chevron,POINT (-121.8870175 37.2896861)
8380340202,2511,convenience,Gas N Go,POINT (-121.8430165 37.2510316)
8380426266,2511,convenience,Central Gas San Jose,POINT (-121.8810452 37.319328)
8380426806,2511,convenience,76,POINT (-121.9134666 37.4268959)
8380442258,2511,convenience,Tiger Mart,POINT (-121.993876 37.3098847)
8380481938,2511,convenience,76,POINT (-121.8190555 37.3566402)
8380488565,2511,convenience,Barron Park Shell,POINT (-122.1332355 37.4189341)
8386152677,2511,convenience,Gabby’s Market and Deli,POINT (-122.3903167 37.7879258)
8395246770,2511,convenience,Fair Oaks Gas,POINT (-122.022558 37.3675906)
8397880529,2501,supermarket,Safeway,POINT (-122.2303301 37.4845678)
8400920137,2501,supermarket,Tropicana Foods,POINT (-121.844235 37.338048)
8410144389,2511,convenience,Story Mini Store,POINT (-121.8514517 37.3347419)
8410254899,2511,convenience,Stop 'N' Save,POINT (-121.8111856 37.3052717)
8413868206,2511,convenience,7-Eleven,POINT (-122.6678583 38.4282789)
8413939021,2501,supermarket,Asian Food Market,POINT (-122.7497212 38.4662021)
8413939022,2511,convenience,Ochoa's Mexican Restaurant,POINT (-122.7499014 38.4660146)
8415974019,2501,supermarket,Safeway,POINT (-121.8109238 37.3314612)
8415988457,2501,supermarket,Arteagas Food Center,POINT (-121.959036 37.3607134)
8416590604,2511,convenience,Diridon Market,POINT (-121.9062764 37.3290818)
8416623915,2511,convenience,Desi India Bazar,POINT (-121.9017066 37.2533647)
8416759505,2511,convenience,Spartan Market,POINT (-121.8774102 37.3323188)
8416812579,2501,supermarket,Trader Joe's,POINT (-121.8998299 37.4125524)
8421358944,2511,convenience,Christa Wonderful Market,POINT (-122.442084 37.788685)
8421722673,2511,convenience,Copper Lane,POINT (-120.1206833 39.2756025)
8442072815,2511,convenience,76,POINT (-121.8358772 37.315091)
8442172801,2511,convenience,Stop N Save,POINT (-121.8247904 37.3202756)
8443553884,2511,convenience,J&B,POINT (-122.2714019 37.8497908)
8444073335,2510,general,De La Rosa Latin American Imports,POINT (-121.843268 37.3376223)
8444493288,2511,convenience,Royal Market,POINT (-122.4432127 37.7839862)
8444510291,2511,convenience,Indian Market & Liquor,POINT (-122.4433343 37.7846931)
8450239099,2511,convenience,Zuka Foods,POINT (-121.905653 37.3771951)
8455746562,2511,convenience,7-Eleven,POINT (-121.8786569 37.39013)
8455764104,2511,convenience,Lil Grocer,POINT (-121.8049771 37.2456922)
8455769426,2501,supermarket,Nob Hill Foods,POINT (-121.9950318 37.367154)
8455814360,2511,convenience,Y Market & Liquor,POINT (-121.8254238 37.3626426)
8458894617,2501,supermarket,Tiranga Super Market,POINT (-121.9891728 37.3528003)
8458916256,2511,convenience,Union Market,POINT (-121.8850921 37.3230876)
8459372449,2501,supermarket,Mi Rancho Carniceria,POINT (-121.8893598 37.2466835)
8459413879,2511,convenience,Cabrillo Market & Liquor,POINT (-121.9850354 37.3584886)
8459513484,2511,convenience,7-Eleven,POINT (-121.8424458 37.2511002)
8462618838,2511,convenience,,POINT (-122.2793976 37.8213999)
8474476752,2505,department_store,dd's Discounts,POINT (-122.1436693 37.7024696)
8487401917,2511,convenience,Cox Family Stores,POINT (-121.8045368 37.6513658)
8489541803,2501,supermarket,Nugget Markets,POINT (-121.3262573 38.7938133)
8498052903,2511,convenience,,POINT (-122.2913079 37.8411476)
8505350807,2501,supermarket,FoodMaxx,POINT (-121.8205002 37.3238848)
8512670094,2511,convenience,Bridge Mart,POINT (-122.2355496 37.7731045)
8530178857,2501,supermarket,Rose International Market,POINT (-122.0845163 37.3857145)
8530303480,2505,department_store,That’s Cheap!,POINT (-121.5103054 38.6599991)
8530440618,2501,supermarket,Big Bazaar Indian Grocery Store,POINT (-121.922917 37.7979065)
8547930667,2501,supermarket,Ray's Food Place,POINT (-124.146066 40.5958658)
8555364666,2511,convenience,Monterey Mini Mart,POINT (-121.848417 37.2896314)
8566226140,2505,department_store,Bloomingdale's,POINT (-121.9450919 37.3243358)
8573333100,2511,convenience,76,POINT (-121.7924723 37.3142681)
8580595354,2511,convenience,Chevron,POINT (-122.2016478 39.7493696)
8580595356,2511,convenience,ampm,POINT (-122.2022363 39.7497918)
8587291899,2505,department_store,Macy's Backstage,POINT (-121.9435405 37.3246645)
8635139802,2501,supermarket,Grocery Outlet,POINT (-121.855933 37.6619214)
8643081198,2511,convenience,Bascom Liquor & Food,POINT (-121.9464037 37.2595705)
8663633215,2501,supermarket,ALDI,POINT (-119.68617 36.8378683)
8663867589,2501,supermarket,H Mart,POINT (-122.46765 37.7103977)
8665323229,2511,convenience,Circle K,POINT (-122.276468 37.7768483)
8665323230,2511,convenience,7-Eleven,POINT (-122.277438 37.7775261)
8673017328,2510,general,General Store,POINT (-116.866378 36.4565589)
8686131317,2511,convenience,Rabbit Traxx,POINT (-120.1822592 41.5290487)
8715367042,2501,supermarket,Safeway,POINT (-121.8815992 37.3704508)
8718897395,2511,convenience,QuickStop,POINT (-122.2050367 37.7907963)
8718931141,2511,convenience,Chevron Food Mart,POINT (-122.2025053 37.792276)
8720243271,2511,convenience,7-Eleven,POINT (-121.7425299 37.960151)
8732489524,2511,convenience,Plumas Pines Resort Market,POINT (-121.1694788 40.2160275)
8735359324,2501,supermarket,Namaste Plaza,POINT (-122.0424473 37.3399662)
8737112622,2511,convenience,Picnic,POINT (-122.2992038 37.890383)
8740267681,2510,general,Downieville Grocery Store,POINT (-120.8287441 39.5604412)
8741196624,2016,market_place,Soledad Farmers Market,POINT (-121.3279163 36.4268232)
8741196679,2510,general,Soledad Variety Store,POINT (-121.3293491 36.4271731)
8744278809,2501,supermarket,El Pueblo Market,POINT (-121.3266887 36.425831)
8758993181,2501,supermarket,New india,POINT (-122.3053631 37.9058162)
8759011849,2511,convenience,Pic n Pac,POINT (-122.3024486 37.9009149)
8759011945,2501,supermarket,Yaoya-san,POINT (-122.3077327 37.9109924)
8759012231,2505,department_store,Marshalls,POINT (-122.308955 37.9134802)
8759014086,2511,convenience,Himalayan grocery,POINT (-122.3052831 37.9068243)
8759077368,2511,convenience,Tran Mini Mart & Deli,POINT (-121.791908 37.3131593)
8766888163,2511,convenience,Geyserville Market & Deli,POINT (-122.9037229 38.7063883)
8770951114,2501,supermarket,Santa Fe Foods,POINT (-121.4363572 36.5148443)
8775164703,2501,supermarket,Jalisco Market,POINT (-121.4440564 36.5074409)
8775177243,2501,supermarket,Taylor Farms,POINT (-121.4443136 36.5066014)
8775177246,2016,market_place,"Hispanic Market, Grocery Store",POINT (-121.4440284 36.5066763)
8775430959,2016,market_place,Farmers Food Market,POINT (-121.4431896 36.5062208)
8777686511,2501,supermarket,Raley's,POINT (-121.4964524 38.5330448)
8777989209,2511,convenience,Chevron,POINT (-121.4409018 36.5036976)
8779989920,2511,convenience,ampm,POINT (-122.297368 37.8865144)
8780157617,2501,supermarket,Nielsen Bros. Market,POINT (-121.9216184 36.5539577)
8780601755,2511,convenience,Valero,POINT (-121.4415404 36.5033741)
8784037260,2528,greengrocer,Thanh’s Produce,POINT (-121.823569 37.3221733)
8784734120,2501,supermarket,Patton's Market,POINT (-121.5182445 36.5703799)
8784788362,2501,supermarket,Amigos Market,POINT (-121.5171442 36.5695511)
8787289254,2511,convenience,Fillgood,POINT (-122.2850144 37.8911979)
8787299323,2511,convenience,7-Eleven,POINT (-122.285694 37.8907229)
8790720460,2511,convenience,,POINT (-121.9323305 37.2787863)
8794119304,2505,department_store,Satisfashion,POINT (-121.2468334 36.3294887)
8794119307,2016,market_place,Rancho San Miguel Markets,POINT (-121.2459327 36.3300142)
8797508427,2511,convenience,Oak Avenue Minimart,POINT (-121.2371355 36.323979)
8822827817,2511,convenience,7-Eleven,POINT (-121.4750546 38.6446521)
8855191146,2505,department_store,Big Lots,POINT (-122.2702652 38.0109549)
8861081955,2511,convenience,Trinity Alps Resort General Store,POINT (-122.8890198 40.8571461)
8861225034,2501,supermarket,Safeway,POINT (-121.028389 38.6751471)
8868939143,2511,convenience,ExtraMile,POINT (-122.296211 37.8800793)
8870738756,2016,market_place,Stonestown Farmers Market,POINT (-122.4790236 37.7302007)
8883627021,2511,convenience,Mon Superette,POINT (-122.2526108 37.8261149)
8887777728,2511,convenience,Tower Market,POINT (-122.137753 38.1823183)
8893186811,2511,convenience,ExtraMile,POINT (-122.4558476 37.7117952)
8893186812,2511,convenience,Ana's Market,POINT (-122.4563881 37.7130572)
8899415820,2510,general,McCloud River Mercantile Co.,POINT (-122.1393226 41.2534393)
8908220648,2511,convenience,Mendez Market,POINT (-121.8807661 37.3527154)
8912145185,2511,convenience,Shell,POINT (-121.7918899 37.2563648)
8912565105,2511,convenience,,POINT (-121.1696131 38.8352675)
8920978149,2501,supermarket,Consuelito Market,POINT (-121.7790871 37.6826852)
8931846962,2501,supermarket,Grocery Outlet,POINT (-122.634245 38.9627361)
8931846969,2511,convenience,Speedway,POINT (-122.63108 38.9502683)
8934828261,2501,supermarket,Indian Grocery Outlet,POINT (-121.5097266 38.6402262)
8939553215,2510,general,UC Davis Store,POINT (-121.740172 38.5432343)
8943484341,2511,convenience,7-Eleven,POINT (-120.082509 39.2267701)
8944478206,2501,supermarket,Etminan Market,POINT (-121.888854 37.2465661)
8947025937,2511,convenience,Quality Liquor,POINT (-120.2617815 37.121229)
8955947961,2501,supermarket,Andy's Sun Valley Market,POINT (-122.5477545 37.9821747)
8961847662,2501,supermarket,Grocery Outlet,POINT (-121.951509 37.3080992)
8988999281,2501,supermarket,Raley's,POINT (-121.2449689 38.5574894)
9005376644,2511,convenience,ampm,POINT (-120.105811 36.9969192)
9005376690,2511,convenience,Circle K,POINT (-121.25294 37.7977593)
9005376700,2501,supermarket,Raley's,POINT (-121.637399 39.1333611)
9005376711,2511,convenience,Circle K,POINT (-120.256321 37.1249798)
9005376715,2511,convenience,QuickStop,POINT (-121.637105 39.1319075)
9005389725,2505,department_store,dd's Discounts,POINT (-121.637313 39.1328307)
9005922309,2511,convenience,7-Eleven,POINT (-121.8764691 37.3369237)
9027582621,2511,convenience,Woodland Gas Plaza,POINT (-121.7649546 38.6905036)
9027612526,2501,supermarket,Grocery Outlet,POINT (-121.4254389 38.5529377)
9029645417,2511,convenience,Food Mart,POINT (-122.6341828 38.2396197)
9046934311,2501,supermarket,European Delicatessen,POINT (-121.3629503 38.6954689)
9053836189,2511,convenience,Gabrielle's Food To Go,POINT (-121.8612914 37.3885548)
9053836196,2505,department_store,dd's Discounts,POINT (-121.8608506 37.388288)
9061211315,2511,convenience,Yosemite Lakes Country Store,POINT (-119.9389161 37.8158349)
9061254575,2511,convenience,Claim Jumper Outpost,POINT (-120.257524 37.8241086)
9078245120,2511,convenience,Harbor mart market,POINT (-122.2877576 37.7659128)
9099286640,2511,convenience,Micro's market,POINT (-122.2673603 37.833472)
9101642697,2510,general,Cedar Grove Market,POINT (-118.668029 36.7898702)
9106123321,2501,supermarket,Grocery Outlet,POINT (-121.7797842 37.6807022)
9115263664,2505,department_store,TJ Maxx,POINT (-122.3033239 37.5536134)
9124268317,2505,department_store,Target,POINT (-121.062858 37.6938934)
9132814110,2511,convenience,NOPA Corner Market,POINT (-122.4432864 37.7760934)
9133016648,2511,convenience,84 Market,POINT (-121.8051388 37.689786)
9147057010,2501,supermarket,Bait Shop Market,POINT (-122.5059838 37.8732325)
9147266528,2501,supermarket,Gus's Community Market,POINT (-122.5034368 37.7528697)
9160762291,2510,general,The South Fork Store & Gift Shop,POINT (-118.557879 37.1853595)
9165090260,2511,convenience,,POINT (-119.1137534 37.9472846)
9165299631,2511,convenience,Madina Market & Grill,POINT (-121.9101841 37.2518528)
9170192679,2511,convenience,ExtraMile,POINT (-121.2200143 38.6324711)
9178743880,2511,convenience,Speedway,POINT (-119.3302097 36.2264782)
9178781529,2511,convenience,Speedway,POINT (-119.2748892 35.8916701)
9179009221,2511,convenience,Speedway,POINT (-119.7755004 36.7066391)
9181275173,2511,convenience,Speedway,POINT (-121.9657739 37.294617)
9181283278,2511,convenience,,POINT (-121.7735115 36.9356591)
9181291431,2511,convenience,Speedway,POINT (-122.1707645 37.7093388)
9181521455,2511,convenience,Speedway,POINT (-122.3383759 37.9635712)
9181546719,2511,convenience,Speedway,POINT (-122.2955481 37.9793013)
9181552128,2511,convenience,Speedway,POINT (-121.8341225 38.005987)
9181552134,2511,convenience,7-Eleven,POINT (-121.3370177 37.964352)
9181552135,2505,department_store,Big Lots,POINT (-121.3367508 37.9632669)
9181552143,2511,convenience,Speedway,POINT (-121.3366371 37.9645449)
9183931103,2511,convenience,Speedway,POINT (-121.1458647 38.1668653)
9184104896,2511,convenience,Speedway,POINT (-121.2660182 38.5903791)
9184218526,2511,convenience,Speedway,POINT (-121.5165351 38.6139728)
9184232058,2511,convenience,Speedway,POINT (-121.3648654 38.6606525)
9184240534,2511,convenience,Speedway,POINT (-121.3823104 38.7037167)
9184245036,2511,convenience,Speedway,POINT (-120.8267559 38.7335643)
9184257260,2511,convenience,ampm,POINT (-121.1701297 38.7430158)
9184257265,2511,convenience,Speedway,POINT (-121.1712827 38.7429585)
9191899485,2511,convenience,Speedway,POINT (-121.8431892 39.7582306)
9191940963,2511,convenience,Speedway,POINT (-121.7950185 39.714553)
9191951799,2511,convenience,Speedway,POINT (-122.208156 39.7521183)
9191958035,2511,convenience,Speedway,POINT (-122.2030211 39.7399999)
9191964588,2511,convenience,Speedway,POINT (-122.227662 40.1662185)
9191981251,2511,convenience,Speedway,POINT (-122.1986589 40.1863882)
9194507826,2511,convenience,Speedway,POINT (-122.3576862 40.5899832)
9196747449,2501,supermarket,Dollar General Market,POINT (-119.7104875 36.8223918)
9203665042,2511,convenience,EM Deli,POINT (-122.4137255 37.7877396)
9215113550,2511,convenience,Evergreen Lodge General Store & Gift Shop,POINT (-119.8581878 37.8756553)
9225267315,2511,convenience,7-Eleven,POINT (-121.9495406 37.2977782)
9225655732,2511,convenience,,POINT (-119.7357137 36.7348764)
9225732599,2501,supermarket,Taj Yeeb Market,POINT (-119.7312552 36.737446)
9225732600,2016,market_place,V-Nai Mini Mall,POINT (-119.7310465 36.7374477)
9231196949,2501,supermarket,Whole Foods Market,POINT (-122.0312241 37.3739192)
9231441153,2501,supermarket,Grocery Outlet,POINT (-124.100402 40.9338587)
9244938925,2510,general,,POINT (-118.8504463 37.5976103)
9249541392,2511,convenience,,POINT (-119.8090754 36.7579461)
9251272890,2501,supermarket,Fatima Bazaar,POINT (-121.958945 37.3439781)
9251446486,2511,convenience,Rainbow Market,POINT (-122.4384111 37.7605884)
9258957547,2501,supermarket,Afghan Saffron Co.,POINT (-122.068149 37.5900568)
9282833809,2511,convenience,Homestead Car Wash,POINT (-121.993146 37.3374903)
9282833810,2511,convenience,Valero,POINT (-121.9925546 37.3374523)
9301983307,2511,convenience,7-Eleven,POINT (-121.8913994 37.2593127)
9307270412,2505,department_store,Target,POINT (-121.876671 37.413775)
9321280974,2501,supermarket,Safeway,POINT (-121.39204 36.8384479)
9326692009,2501,supermarket,Grocery Outlet,POINT (-122.0351753 38.2593539)
9326694355,2501,supermarket,Smart & Final,POINT (-122.0359625 38.2751985)
9333723180,2511,convenience,ExtraMile,POINT (-121.3756738 38.0559403)
9335983290,2501,supermarket,SF Supermarket,POINT (-121.293185 38.0227801)
9344941253,2501,supermarket,Whole Foods Market,POINT (-122.262025 37.8374006)
9344941255,2528,greengrocer,Temescal Produce Market,POINT (-122.262495 37.8376319)
9348038637,2505,department_store,Ross,POINT (-121.2690249 38.0187832)
9348038638,2505,department_store,Burlington,POINT (-121.269774 38.0186165)
9351121016,2511,convenience,76,POINT (-121.2851459 38.002698)
9376816397,2511,convenience,Nick's Market,POINT (-121.4894846 38.5643887)
9377897276,2511,convenience,7-Eleven,POINT (-121.287871 38.7516249)
9378058189,2511,convenience,,POINT (-120.4691146 39.8103661)
9378058190,2511,convenience,,POINT (-120.4659392 39.8121445)
9380302701,2511,convenience,FastBreak,POINT (-122.2194456 40.183681)
9387172258,2511,convenience,Circle A,POINT (-121.5650124 39.15933)
9391084754,2501,supermarket,Save Mart,POINT (-122.3490527 40.5406519)
9391348771,2528,greengrocer,Hi5 Produce Fresh Fruit Delivery,POINT (-121.6450827 37.141888)
9395814795,2511,convenience,ExtraMile,POINT (-122.286067 38.325101)
9419820443,2501,supermarket,Smart & Final Extra!,POINT (-121.9064507 37.6994953)
9426889455,2511,convenience,Market Mayflower and Deli,POINT (-122.4133918 37.7894691)
9426889459,2511,convenience,Round The Clock Market,POINT (-122.4138435 37.7894216)
9427241921,2511,convenience,Fred's Food Mart,POINT (-122.4095909 37.7863575)
9435407935,2511,convenience,,POINT (-122.3831851 37.2518733)
9438470856,2511,convenience,Valley Convenient Mini Mart,POINT (-122.047386 37.7021112)
9440979913,2511,convenience,7-Eleven,POINT (-122.0647005 37.9712992)
9446437511,2511,convenience,Pine & Jones Market,POINT (-122.4140681 37.7905471)
9446609830,2511,convenience,,POINT (-121.4814891 38.4271393)
9446609831,2511,convenience,,POINT (-121.4814979 38.4283695)
9461916827,2511,convenience,7-Eleven,POINT (-122.2094593 38.1062455)
9463786927,2511,convenience,Safeway,POINT (-122.0631898 37.9714879)
9472597352,2511,convenience,Liquor market,POINT (-122.3054756 37.9076501)
9484917004,2501,supermarket,La Superior Mercados,POINT (-121.4751476 38.6073034)
9484921603,2501,supermarket,Wing Wa Seafood Supermarket,POINT (-121.4381705 38.5169151)
9484958721,2501,supermarket,A & A Supermarket,POINT (-121.4336975 38.507466)
9484965367,2501,supermarket,Mi Tierra,POINT (-121.3914747 38.4953744)
9484980752,2501,supermarket,Goldstar Supermarket,POINT (-121.439819 38.5211653)
9484984848,2501,supermarket,Smart & Final,POINT (-121.4459615 38.5285708)
9485004159,2501,supermarket,New Asia Super Market,POINT (-121.4365227 38.509703)
9485015490,2501,supermarket,Mi Rancho Supermercado,POINT (-121.4834726 38.4973722)
9485051382,2501,supermarket,Pothong Market,POINT (-121.4563596 38.6314637)
9485061375,2501,supermarket,Your Family Groceries,POINT (-121.4355886 38.5391237)
9485064914,2501,supermarket,Welco Supermarket,POINT (-121.4211049 38.5245054)
9485067081,2501,supermarket,La Esperanza Supermarket,POINT (-121.4738866 38.5294548)
9485069140,2501,supermarket,La Superior Mercados,POINT (-121.4459108 38.5307638)
9485082862,2501,supermarket,King's Supermarkets,POINT (-121.457821 38.6104347)
9485106909,2501,supermarket,La Superior Mercados,POINT (-121.4745947 38.5332484)
9485113720,2501,supermarket,Safeway,POINT (-121.4837573 38.5408513)
9485114180,2501,supermarket,Viva Supermarket,POINT (-121.4301943 38.6376695)
9485198873,2501,supermarket,La Superior Mercados,POINT (-121.3583445 38.672591)
9487454376,2511,convenience,Boulder Creek Store,POINT (-118.0466123 36.5432346)
9499642687,2511,convenience,Mi Ranchito,POINT (-122.2923145 37.8684924)
9503737727,2016,market_place,Marconi's River Park Market,POINT (-121.4329202 38.5731657)
9503994847,2501,supermarket,Zanotto's,POINT (-121.89231 37.2754825)
9509147374,2511,convenience,Re-Up Refill Shop,POINT (-122.2523406 37.8485127)
9511842451,2501,supermarket,Indian Market,POINT (-121.2873084 37.8244271)
9511869429,2511,convenience,Two Guys Food & Fuel,POINT (-121.2872715 37.8266842)
9521822579,2511,convenience,B&E Market & Deli,POINT (-121.3351965 38.4820308)
9528614134,2511,convenience,Middle East Market Grocery Store,POINT (-122.292096 37.8682872)
9528614551,2511,convenience,Bombay Supermarket,POINT (-122.293993 37.8685537)
9528615517,2511,convenience,Bombay Spice House,POINT (-122.2936599 37.868632)
9546068543,2501,supermarket,Super King Food Center,POINT (-121.321771 38.02882)
9550208949,2016,market_place,McArthur Mart,POINT (-121.4026005 41.0501559)
9550208953,2016,market_place,The Bulldog Bite,POINT (-121.3994398 41.046958)
9550208955,2501,supermarket,Ray's Food Place,POINT (-121.4223949 41.0275532)
9550280845,2511,convenience,Safeway Convenience Store,POINT (-122.2728024 38.0133434)
9553055624,2511,convenience,The One Gift and Wireless,POINT (-122.2931495 37.8690806)
9553065684,2511,convenience,One Stop Mini Mart,POINT (-122.293025 37.8691084)
9556856341,2511,convenience,Happy Hollow Market,POINT (-121.858068 37.3183643)
9557107219,2511,convenience,Food Mart & Liquor,POINT (-122.3679267 40.6416652)
9571508928,2511,convenience,,POINT (-122.3045128 38.0040963)
9571544717,2511,convenience,,POINT (-120.9946337 37.6749377)
9571555426,2511,convenience,,POINT (-121.8106829 36.5235086)
9571573638,2511,convenience,Corner Stone,POINT (-122.0731187 37.0533979)
9571573639,2511,convenience,,POINT (-122.0737881 37.0534159)
9571576263,2511,convenience,,POINT (-122.0905972 37.6494685)
9571838926,2511,convenience,ExtraMile,POINT (-121.032451 37.6681625)
9571838927,2511,convenience,Food Mart,POINT (-121.0330185 37.6680917)
9571838941,2511,convenience,76,POINT (-121.0316517 37.658131)
9571838948,2511,convenience,,POINT (-121.030605 37.6601398)
9575908339,2511,convenience,Guru’s Market,POINT (-121.8812171 37.3526068)
9576175847,2511,convenience,,POINT (-121.292477 38.6488829)
9576665818,2501,supermarket,Grocery Outlet,POINT (-121.8457166 37.3701553)
9590491979,2501,supermarket,Spice Valley Groceries,POINT (-121.9717447 37.3216567)
9592698356,2511,convenience,Tres Pinos Market,POINT (-121.3218879 36.7905796)
9596138780,2511,convenience,ampm,POINT (-119.7734 36.742907)
9602333336,2511,convenience,S&B Grocery Liquors,POINT (-122.4186333 37.7871084)
9609742856,2511,convenience,TAK Market & Liquor,POINT (-121.8978083 37.3500101)
9609939408,2501,supermarket,99 Ranch Market,POINT (-121.8646412 37.2528526)
9610159598,2511,convenience,ExtraMile,POINT (-122.1296851 38.2214121)
9625790191,2501,supermarket,Smart & Final Extra!,POINT (-121.9923531 37.8241579)
9627760299,2511,convenience,,POINT (-121.0226417 39.2498425)
9634265628,2501,supermarket,99 Ranch Market,POINT (-121.9292613 37.4919798)
9634923421,2511,convenience,7-Eleven,POINT (-121.4158715 38.5892684)
9643875317,2511,convenience,C,POINT (-120.3571872 36.1362372)
9657413499,2501,supermarket,Save Mart,POINT (-121.599581 39.1430493)
9657626206,2511,convenience,Nick's Super Market,POINT (-122.4232073 37.7741196)
9665241462,2511,convenience,The Old Towne Station,POINT (-121.9956519 37.8143186)
9669219284,2511,convenience,Halal Food Market,POINT (-122.2925879 37.8696657)
9684162114,2511,convenience,Alliance Gasoline,POINT (-122.072816 37.3798418)
9708091634,2511,convenience,Sausalito Market,POINT (-122.4852177 37.8586486)
9712703246,2511,convenience,Food Mart,POINT (-122.3083164 37.9116204)
9716996484,2501,supermarket,FoodMaxx,POINT (-121.384466 38.7027309)
9717000900,2501,supermarket,Bel Air,POINT (-121.3305 38.6379171)
9717012015,2501,supermarket,WinCo Foods,POINT (-121.381167 38.6072589)
9717012664,2501,supermarket,Viva Supermarket,POINT (-121.3040377 38.5900618)
9717017525,2501,supermarket,Save Mart,POINT (-121.3601709 38.5485728)
9717032185,2501,supermarket,KP International Market,POINT (-121.2837467 38.5969987)
9727895570,2511,convenience,Loop,POINT (-122.2556192 38.138718)
9738075040,2016,market_place,La Barata,POINT (-121.2438231 36.3210805)
9738075044,2016,market_place,Economic Market,POINT (-121.2436816 36.3209312)
9765661898,2501,supermarket,Super Tehran,POINT (-122.0393451 37.9571735)
9768558628,2511,convenience,Plumas Stop n' shop,POINT (-121.5491984 39.020711)
9768558629,2511,convenience,Plumas Stop n' Shop II,POINT (-121.5462963 38.9788975)
9772015306,2511,convenience,,POINT (-122.3069589 37.9092848)
9776991701,2501,supermarket,Lucky,POINT (-122.6431783 38.2454624)
9787134136,2501,supermarket,Coconut Hill,POINT (-122.0178245 37.5866323)
9791517979,2016,market_place,Juquilita Market,POINT (-121.6504547 36.6982816)
9791518015,2016,market_place,Steve's Filipino Asian Market,POINT (-121.6518764 36.7007859)
9794184321,2501,supermarket,Boss Supermarket,POINT (-122.4912857 37.7534462)
9797324069,2511,convenience,,POINT (-122.3843846 40.5762991)
9816006014,2511,convenience,Food Mart,POINT (-122.3842484 40.8876654)
9818910728,2511,convenience,,POINT (-121.7781208 36.8948852)
9826766003,2511,convenience,ampm,POINT (-121.1895085 37.7979152)
9826816445,2511,convenience,Love's,POINT (-121.3919726 38.1177788)
9826861570,2511,convenience,,POINT (-120.9943472 37.5971089)
9826861572,2511,convenience,,POINT (-120.9944592 37.5662961)
9826861573,2511,convenience,,POINT (-120.8484639 37.4494229)
9827401393,2511,convenience,Food Mart,POINT (-121.9947031 37.8109595)
9830870617,2501,supermarket,99 Ranch Market,POINT (-121.125382 38.6906887)
9832375989,2511,convenience,Sunrise Market,POINT (-122.2347222 37.7877263)
9832378285,2511,convenience,Foothill Market,POINT (-122.239105 37.7880737)
9835057217,2501,supermarket,Coconut Hill Indian Grocery,POINT (-121.885488 37.4360557)
9842629556,2501,supermarket,88 Manor Supermarket,POINT (-121.7254895 37.7191893)
9842654986,2501,supermarket,Hidalgo's Market,POINT (-121.7394918 37.7052773)
9844493224,2511,convenience,Shell,POINT (-121.3619557 38.5468695)
9844503866,2511,convenience,7-Eleven,POINT (-121.3583367 38.5467897)
9844503883,2501,supermarket,,POINT (-121.3588357 38.5467562)
9848769235,2511,convenience,Hudson,POINT (-121.9282822 37.3683085)
9852645842,2511,convenience,J&J,POINT (-122.4085433 37.6546867)
9854064698,2501,supermarket,Elliott's Natural Foods,POINT (-121.385712 38.6108695)
9863215086,2511,convenience,Natural Market,POINT (-122.4321382 37.7880475)
9863235073,2511,convenience,7-Eleven,POINT (-121.8428016 37.3924524)
9863236231,2511,convenience,Franklin Market Deli,POINT (-122.4235471 37.788695)
9869339317,2501,supermarket,Spice 4 Less,POINT (-122.0681602 38.256579)
9869464068,2511,convenience,Nob Hill General Store,POINT (-122.4161675 37.7938439)
9875720717,2528,greengrocer,Sepay Groves Olive Oil,POINT (-122.1603856 38.0469426)
9891201172,2511,convenience,USA Mini Mart,POINT (-121.5199668 38.4918273)
9891749996,2511,convenience,,POINT (-118.2297392 36.8362145)
9892079806,2016,market_place,Pars Kosher Market,POINT (-121.9475622 37.2583521)
9892676282,2511,convenience,Of All Places Specialty Market,POINT (-122.2788989 37.8915393)
9892731455,2511,convenience,Johnstonville Market,POINT (-120.5864516 40.3844696)
9896481396,2511,convenience,Polk N Post Convenience Store,POINT (-122.4200542 37.7867126)
9898835536,2511,convenience,ampm,POINT (-121.9509053 38.863587)
9898947158,2511,convenience,,POINT (-122.6596318 39.0259941)
9898947196,2511,convenience,Power Market,POINT (-122.6747506 39.0213812)
9907266305,2016,market_place,Fusion Cash and Carry,POINT (-121.947445 37.7717036)
9908618530,2511,convenience,College Market,POINT (-122.4224598 37.7835229)
9919487317,2511,convenience,Smart and final,POINT (-119.0492113 36.0649231)
9925676928,2528,greengrocer,Guzman Produce Market,POINT (-122.44207 37.7149738)
9930597553,2511,convenience,Shell,POINT (-122.1930851 37.402793)
9934097979,2511,convenience,,POINT (-119.3945539 36.5453217)
9934964311,2511,convenience,,POINT (-120.9380092 37.5807953)
9936345018,2501,supermarket,Trader Joe's,POINT (-121.9520829 37.7641577)
9936346758,2511,convenience,Fast & Easy Mart,POINT (-121.9802083 37.775568)
9936346778,2511,convenience,Shell,POINT (-121.9797443 37.775751)
9937990320,2501,supermarket,Blue Lupine,POINT (-118.3961078 37.3612173)
9942244385,2511,convenience,Queen of Sheeba Market,POINT (-122.2689626 37.8543485)
9946419744,2501,supermarket,Central Market,POINT (-121.5161558 38.2423013)
9946545810,2511,convenience,Big Store,POINT (-121.5154383 38.2403836)
9951848385,2505,department_store,Big Lots,POINT (-122.3574507 40.568722)
9951848386,2505,department_store,Burlington,POINT (-122.3574911 40.568143)
9953502003,2505,department_store,Target,POINT (-122.5107493 37.8737389)
9955974083,2511,convenience,Mid City Market,POINT (-122.417614 37.7862911)
9956011492,2511,convenience,Salem Grocery and Liquor,POINT (-122.4186933 37.7861477)
9960377819,2510,general,Red's Meadow General Store,POINT (-119.0750705 37.6148488)
9960511440,2501,supermarket,Grocery Outlet,POINT (-122.3107833 38.3198916)
9962311257,2511,convenience,Qwik stop,POINT (-119.0491985 36.0799052)
9962919231,2511,convenience,7-Eleven,POINT (-121.2717939 38.605086)
9963370600,2511,convenience,Cruz Thru,POINT (-122.2411327 40.6378348)
9964352527,2501,supermarket,Smart & Final Extra!,POINT (-121.2709222 38.6653893)
9964982849,2511,convenience,7-Eleven,POINT (-121.4019704 38.5956554)
9966877629,2511,convenience,7-Eleven,POINT (-122.2927376 38.3086155)
9966907834,2501,supermarket,Lola’s Market,POINT (-122.3094774 38.2883254)
9976266125,2511,convenience,7-Eleven,POINT (-122.401163 37.7923826)
9980716209,2511,convenience,,POINT (-121.5056957 38.5497607)
9980843041,2511,convenience,ampm,POINT (-121.5016332 38.5136328)
9981118652,2505,department_store,dd's Discounts,POINT (-121.3060966 38.5888564)
9981719468,2511,convenience,ampm,POINT (-121.243665 38.5590075)
9982769643,2505,department_store,Target,POINT (-121.2858455 38.5960534)
9982769652,2505,department_store,Marshalls,POINT (-121.2857446 38.5950991)
9982769653,2505,department_store,Ross,POINT (-121.2857486 38.5947594)
9982769671,2501,supermarket,Grocery Outlet,POINT (-121.2873789 38.5959024)
9982793233,2511,convenience,Indian Market and Liquor,POINT (-122.4225349 37.7464738)
9982800259,2511,convenience,Hom's Grocery and Liquor,POINT (-122.4238326 37.763283)
9982832299,2511,convenience,ExtraMile,POINT (-121.2873031 38.5932415)
9985317450,2501,supermarket,Marshall's Market,POINT (-121.6428367 36.8888983)
9987185582,2505,department_store,Marshalls,POINT (-122.4204437 37.6388566)
9987379105,2511,convenience,ExtraMile,POINT (-121.266885 38.6032997)
9987580600,2511,convenience,Circle K,POINT (-121.3466271 38.6177371)
9987580601,2501,supermarket,Raley's,POINT (-121.3451622 38.5974959)
9987580603,2511,convenience,Circle K,POINT (-121.3456951 38.5963328)
9987584142,2505,department_store,Big Lots,POINT (-121.3294437 38.633167)
9987584143,2501,supermarket,Smart & Final Extra!,POINT (-121.3294818 38.6325509)
9991812620,2511,convenience,Maryland Market,POINT (-122.4142279 37.7828911)
9991815244,2511,convenience,T.L. Market & Deli,POINT (-122.413955 37.7829243)
9994003454,2511,convenience,Van Ness Market,POINT (-122.4208432 37.7841367)
9995635821,2511,convenience,Econo Market,POINT (-122.4143931 37.7855184)
9995709259,2501,supermarket,Namaste Plaza,POINT (-121.9134325 37.428478)
9998637638,2501,supermarket,Raley's,POINT (-121.7364623 37.942756)
9998637640,2505,department_store,Ross,POINT (-121.738494 37.9420623)
9998637676,2505,department_store,TJ Maxx,POINT (-121.7378715 37.94126)
10001015546,2511,convenience,Quik Stop,POINT (-120.8126696 38.6953765)
10003174710,2511,convenience,Cigarette Depot & Market,POINT (-122.483683 37.7821887)
10009481936,2511,convenience,,POINT (-120.8342646 37.0732731)
10011718786,2505,department_store,Burlington,POINT (-121.3048076 38.1139804)
10011745440,2511,convenience,ampm,POINT (-121.2590905 38.1158081)
10012556980,2511,convenience,7-Eleven,POINT (-121.2557497 38.1166533)
10015124787,2511,convenience,Power Market,POINT (-121.372396 38.42395)
10017342940,2511,convenience,A-Z Market,POINT (-122.4030064 37.7828286)
10018889298,2511,convenience,Circle K,POINT (-122.297048 37.8684434)
10018986297,2511,convenience,Elements Food Shop,POINT (-122.297432 37.8684107)
10019163098,2510,general,Gordon's Rim Rock Ranch Store,POINT (-121.4332981 40.6745654)
10023428672,2511,convenience,Starlight Market,POINT (-122.4129526 37.7849643)
10028625593,2511,convenience,,POINT (-124.1765606 40.7938247)
10032022818,2511,convenience,Mobil Mart,POINT (-122.2460715 37.8138232)
10032045761,2511,convenience,Chevron Food Mart,POINT (-122.2415054 37.8115482)
10035327834,2528,greengrocer,Market Hall Produce,POINT (-122.2525146 37.8435851)
10037896083,2511,convenience,,POINT (-122.4275578 37.7821458)
10038140517,2510,general,Alta Store,POINT (-120.8109603 39.2072227)
10038141089,2505,department_store,Kohl's,POINT (-120.3418115 37.9759836)
10038141103,2505,department_store,TJ Maxx,POINT (-120.3407631 37.9751769)
10039789573,2510,general,,POINT (-121.20464 39.3677929)
10041139225,2501,supermarket,Grocery Outlet,POINT (-124.144651 40.579369)
10048553863,2501,supermarket,SF Supermarket,POINT (-121.2693255 38.6018166)
10057579916,2501,supermarket,Island Cove Market,POINT (-122.3704466 37.8263913)
10059992538,2511,convenience,7-Eleven,POINT (-122.0200391 38.2496523)
10059992555,2511,convenience,ampm,POINT (-122.0308317 38.2449936)
10062517905,2511,convenience,Circle K,POINT (-122.0528601 38.2497877)
10062764047,2511,convenience,7-Eleven,POINT (-122.0171765 38.244019)
10062764064,2511,convenience,ExtraMile,POINT (-122.0180557 38.2441077)
10062774167,2511,convenience,7-Eleven,POINT (-121.989121 38.2402516)
10067480033,2511,convenience,7-Eleven,POINT (-121.426173 38.4688373)
10067495446,2511,convenience,7-Eleven,POINT (-121.9527833 38.3357872)
10067495456,2511,convenience,ampm,POINT (-121.9528218 38.3349167)
10067543628,2511,convenience,ExtraMile,POINT (-121.9734319 38.3461331)
10069437664,2501,supermarket,Seasons Asian Market,POINT (-121.415581 38.4224519)
10077749892,2511,convenience,California Produce,POINT (-122.4195347 37.7856223)
10080233615,2511,convenience,Silo Market,POINT (-121.7527051 38.5382058)
10084859820,2511,convenience,,POINT (-120.8027593 38.3776785)
10091245942,2501,supermarket,Safeway,POINT (-122.6389113 38.2697049)
10099818705,2505,department_store,Target,POINT (-122.0320126 37.0484763)
10115193447,2511,convenience,Shell,POINT (-121.9417599 37.7226593)
10127304609,2511,convenience,ampm,POINT (-121.8612758 39.7573103)
10129334768,2511,convenience,Chevron,POINT (-118.9039257 36.4426998)
10131645529,2501,supermarket,Damavand Market,POINT (-122.0194104 37.5500028)
10132982058,2511,convenience,Sutter Market,POINT (-122.419281 37.7879798)
10135647931,2511,convenience,Presidio Food Market,POINT (-122.4459569 37.797812)
10138384460,2501,supermarket,Bonfare,POINT (-122.2594604 37.471432)
10141304337,2511,convenience,,POINT (-120.0265638 36.9247353)
10141370314,2511,convenience,Love's,POINT (-120.096592 36.9956276)
10142579883,2511,convenience,Alcatraz Market,POINT (-122.2757392 37.8482818)
10158556336,2505,department_store,Marshalls,POINT (-121.7273091 38.6717796)
10158869659,2511,convenience,7-Eleven,POINT (-121.9810772 37.5451761)
10160036924,2501,supermarket,Halal Meats,POINT (-122.0311484 37.2961964)
10160413197,2501,supermarket,Grocery Outlet,POINT (-122.9167417 39.0342514)
10160413200,2501,supermarket,Bruno's Shop Smart,POINT (-122.9181453 39.0338629)
10160532358,2501,supermarket,Eataly,POINT (-121.9467007 37.3245783)
10174598980,2501,supermarket,Safeway,POINT (-120.9711073 38.6566414)
10179988713,2501,supermarket,Eshan Market,POINT (-121.4979769 38.6385812)
10202946277,2501,supermarket,Amazon Fresh,POINT (-121.4154495 38.4077467)
10211340907,2505,department_store,Ross,POINT (-121.4172697 38.4255113)
10218891993,2016,market_place,World Ginseng & Health Products,POINT (-121.883962 37.3866407)
10245994005,2511,convenience,San Cayetano Mini Market,POINT (-122.4129997 37.6319407)
10258375009,2501,supermarket,Five Spice Grocery,POINT (-121.9207814 37.4769293)
10261274327,2511,convenience,ampm,POINT (-120.253168 36.2546362)
10261525788,2016,market_place,Stonestown Farmers Market,POINT (-122.4799993 37.7301174)
10268093842,2505,department_store,TJ Maxx,POINT (-122.5142157 37.9635533)
10268976895,2511,convenience,Circle K,POINT (-122.0984711 37.3946011)
10273665424,2510,general,,POINT (-121.6874029 37.569578)
10276246644,2510,general,,POINT (-121.7032007 37.586507)
10292342264,2016,market_place,Lao Market,POINT (-122.3887068 40.5717601)
10297593904,2505,department_store,Big Lots,POINT (-120.3640587 37.9722544)
10297755173,2511,convenience,ampm,POINT (-120.3163252 37.9770525)
10297809014,2505,department_store,Ross,POINT (-120.3664454 37.9747872)
10297809026,2501,supermarket,Wilco,POINT (-120.3704805 37.975235)
10302060596,2511,convenience,7-Eleven,POINT (-122.0658314 37.9178518)
10309959735,2511,convenience,Grove St Market,POINT (-122.4250043 37.7777128)
10311776854,2501,supermarket,Safeway,POINT (-122.465134 37.7746125)
10555336001,2501,supermarket,India Metro Hypermarket,POINT (-121.895289 37.4347408)
10555418966,2511,convenience,Food Mart,POINT (-122.4078816 37.7647759)
10555756044,2511,convenience,G&H Liquor and Grocery,POINT (-122.4125961 37.7831082)
10560594653,2511,convenience,Wally's Community Market,POINT (-122.4122648 37.7857881)
10571849694,2511,convenience,Bonfare Market,POINT (-121.888482 37.4480465)
10573779784,2511,convenience,Fast Fill Market,POINT (-122.4379824 37.7737367)
10575716394,2511,convenience,AJ's Mini Mart,POINT (-122.9048501 38.7068222)
10593163026,2511,convenience,Brothers Market,POINT (-122.4445857 37.7125697)
10597559440,2511,convenience,7-Eleven,POINT (-121.8841669 37.4341298)
10602191995,2501,supermarket,New India Bazar,POINT (-121.9046758 37.4237117)
10609307759,2511,convenience,Pay and Save Grocery,POINT (-122.4236575 37.7616733)
10609321450,2511,convenience,Guerrero Market & Deli,POINT (-122.4235127 37.7598896)
10610255658,2501,supermarket,Whole Foods Market,POINT (-122.4763228 37.7290661)
10613546063,2501,supermarket,Nilgris Cash and Carry,POINT (-121.9081231 37.429059)
10617075322,2528,greengrocer,Jupiter Foods,POINT (-122.6401464 38.2342401)
10650519570,2511,convenience,GGP Market,POINT (-122.4108916 37.7527862)
10650773833,2511,convenience,W-K Market Super Discount,POINT (-122.4139194 37.7526634)
10650906957,2511,convenience,Mission Groceteria,POINT (-122.4112562 37.754389)
10651024023,2016,market_place,Ferry Plaza Farmers Market,POINT (-122.3923704 37.7952753)
10652821576,2511,convenience,Samy’s Liquor,POINT (-122.4089789 37.7527201)
10655776640,2016,market_place,De Anza College Farmers' Market,POINT (-122.04251 37.3203594)
10655777211,2016,market_place,Berryessa Farmers' Market,POINT (-121.8477815 37.4026102)
10656538218,2511,convenience,Liquor Grocery,POINT (-122.4096004 37.7591183)
10656542901,2511,convenience,King’ Market,POINT (-122.4095998 37.7560867)
10656645217,2505,department_store,JCPenney,POINT (-121.7632085 38.6621012)
10665597197,2511,convenience,I.C.U.,POINT (-122.4157598 37.7836406)
10666802082,2511,convenience,Main+ Market,POINT (-121.5201142 38.6417554)
10674834860,2511,convenience,California & Lyon Market,POINT (-122.4455577 37.7875505)
10676446533,2510,general,,POINT (-118.722977 37.4695586)
10677303581,2511,convenience,C&L,POINT (-122.2901785 37.8635931)
10677426997,2511,convenience,ExtraMile,POINT (-122.1936019 37.7299144)
10678634057,2510,general,,POINT (-118.7348981 37.4576363)
10679905650,2511,convenience,76,POINT (-122.269742 37.7990352)
10679932192,2528,greengrocer,J and S Produce,POINT (-122.4045663 37.7296251)
10679966671,2511,convenience,Berkeley Student Food Collective,POINT (-122.2604319 37.8684394)
10681200671,2510,general,,POINT (-118.6140378 37.2124374)
10681524709,2510,general,Bishop Creek Lodge Store,POINT (-118.566433 37.2340912)
10681524756,2510,general,Cardinal Village Resort Store,POINT (-118.5995646 37.2320753)
10684391856,2511,convenience,South Side Market,POINT (-121.5033693 38.5707973)
10691813137,2511,convenience,Valencia Exotic cigar & liquors,POINT (-122.4209538 37.7567679)
10693969339,2511,convenience,Food Shop,POINT (-121.9496428 37.3156612)
10696098509,2511,convenience,Maverik,POINT (-121.5769888 38.5716868)
10698712447,2511,convenience,7-Eleven,POINT (-122.2278529 38.1091881)
10705792753,2511,convenience,Rj's Travel Center,POINT (-119.4849872 36.4477315)
10719559987,2511,convenience,Salam Halal Market,POINT (-122.2849325 37.8029488)
10719858049,2511,convenience,7-Eleven,POINT (-119.4573179 36.6038238)
10724787968,2511,convenience,ExtraMile,POINT (-121.892024 37.3622745)
10733711745,2511,convenience,Plymouth Trading Post,POINT (-120.8453334 38.4815337)
10736113404,2511,convenience,Mulan's Market,POINT (-122.4911443 37.7537324)
10749443734,2528,greengrocer,Chong Hing Supermarket,POINT (-122.4085606 37.7965886)
10755155842,2505,department_store,Marshalls,POINT (-122.057684 37.9428699)
10755412749,2501,supermarket,Young’s Payless IGA,POINT (-121.1534949 38.156411)
10760296576,2501,supermarket,Indian Market,POINT (-121.9052652 37.4254179)
10785047734,2511,convenience,ExtraMile,POINT (-122.458364 37.7807789)
10794036402,2511,convenience,Telegraph Mini Market,POINT (-122.2647039 37.8290187)
10794112885,2501,supermarket,Royal Market,POINT (-122.4767481 37.7802753)
10794426478,2501,supermarket,Bel Air,POINT (-121.7398632 38.6637765)
10797501088,2016,market_place,Yuen Hop Company & Asian Food Products,POINT (-122.2709782 37.7996185)
10810580539,2501,supermarket,Encinal Market,POINT (-122.2335097 37.7563618)
10815634985,2501,supermarket,Grocery Outlet,POINT (-122.6319863 41.7394837)
10830451530,2505,department_store,Ross,POINT (-121.4769057 38.6280505)
10830451531,2505,department_store,dd's Discounts,POINT (-121.4769325 38.6285995)
10857431601,2511,convenience,Prime Market,POINT (-123.2083293 39.1451877)
10858358943,2511,convenience,Bourbon County,POINT (-122.4824572 37.7820065)
10858725623,2505,department_store,TJ Maxx,POINT (-122.3126969 37.9847074)
10858725625,2505,department_store,Burlington,POINT (-122.3113471 37.9856921)
10858725629,2501,supermarket,FoodMaxx,POINT (-122.310321 37.9866913)
10859142440,2511,convenience,Jack’s Market,POINT (-122.3962152 37.781776)
10873483702,2501,supermarket,Grocery Outlet,POINT (-121.8217252 38.4678154)
10874867136,2511,convenience,Niell’s Grocery & Liquor,POINT (-122.395368 37.781124)
10891957317,2511,convenience,A & P,POINT (-122.2613453 37.8255196)
10892501789,2511,convenience,Quick Pick Liquors,POINT (-123.0111474 38.7835827)
10892571137,2511,convenience,Redwood Market,POINT (-123.012806 38.7836292)
10892571318,2511,convenience,Freshwoods Market,POINT (-121.2636968 37.7851014)
10894495098,2016,market_place,Scotts Valley Farmers Market,POINT (-122.0110981 37.0550209)
10896618175,2511,convenience,Napa Valley Olive Oil Manufacturing Company,POINT (-122.4610087 38.5034401)
10896929485,2511,convenience,Oakville Grocery,POINT (-122.4029791 38.4373043)
10901127548,2511,convenience,ampm,POINT (-121.7984574 38.6771448)
10913702256,2016,market_place,La Tiendita De Lunahuaná,POINT (-121.8858299 38.0082869)
10914541739,2501,supermarket,La Superior Mercados,POINT (-121.8910642 38.0090389)
10914608546,2511,convenience,Wireless & Mini Mart,POINT (-122.2680442 37.8708368)
10917830073,2501,supermarket,R-N Market Visalia,POINT (-119.2623167 36.3239632)
10919361969,2511,convenience,,POINT (-119.9776948 38.9411373)
10942519290,2016,market_place,Shasta Produce Oakland Facility,POINT (-122.2749543 37.7962177)
10942519291,2016,market_place,Fujii Melon,POINT (-122.2752358 37.7957915)
10942519292,2016,market_place,RCI Produce,POINT (-122.2755261 37.7955912)
10942519293,2016,market_place,Ocean Produce,POINT (-122.275473 37.7954002)
10942519294,2016,market_place,All Seasons Produce Inc.,POINT (-122.2748614 37.7956494)
10942519295,2016,market_place,Pear Tree Produce,POINT (-122.2744886 37.795505)
10942519296,2016,market_place,Cali Fresh Produce,POINT (-122.2746124 37.7960628)
10942519297,2016,market_place,G & N Produce,POINT (-122.2743073 37.7959685)
10942519298,2016,market_place,Farmers Produce,POINT (-122.2740642 37.7961757)
10942519299,2016,market_place,S & Y Wholesale Produce,POINT (-122.2745475 37.7969129)
10942519300,2016,market_place,Golden State Fresh,POINT (-122.2746772 37.7966951)
10943532937,2016,market_place,Namaste India,POINT (-122.0526437 37.56713)
10943559707,2016,market_place,Spice House,POINT (-122.0829205 37.6090509)
10951060817,2501,supermarket,Grocery Outlet,POINT (-121.975159 37.2872266)
10958686834,2505,department_store,TJ Maxx,POINT (-121.9893694 37.2921909)
10967170137,2511,convenience,M&B Cordova Liquors,POINT (-121.2850399 38.5986804)
10968093081,2511,convenience,Shell,POINT (-122.1960487 37.4238673)
10969667014,2511,convenience,Johnston's Market,POINT (-122.2584253 37.8680148)
10969975320,2511,convenience,Sonic Mart,POINT (-122.4676606 37.7805203)
10975529037,2511,convenience,Berkeley discount mart,POINT (-122.276771 37.8708406)
10981579446,2501,supermarket,Indian Supermarket,POINT (-121.5031604 38.6520142)
10981800120,2501,supermarket,Sun’s Market,POINT (-122.3891478 37.5996297)
10981800149,2511,convenience,Ponyo Foods,POINT (-122.3928896 37.6015853)
10981800196,2511,convenience,Chevron,POINT (-122.3935956 37.6030204)
10981800203,2511,convenience,4PX Express,POINT (-122.3926911 37.6018019)
10981827520,2511,convenience,Valero,POINT (-122.3932055 37.6026851)
10981827534,2501,supermarket,Dean’s Produce,POINT (-122.3934223 37.6020052)
10996455315,2501,supermarket,La Plaza,POINT (-121.8370917 37.3751725)
11004963739,2511,convenience,Chevron,POINT (-121.7648763 38.6959195)
11011243622,2511,convenience,Loop,POINT (-122.388364 37.7531744)
11014367260,2511,convenience,7-Eleven,POINT (-122.3128757 38.3270796)
11018687792,2501,supermarket,WinCo Foods,POINT (-121.8576852 38.0113991)
11021220299,2511,convenience,Willow on the Green,POINT (-122.4664294 37.7634661)
11028508800,2511,convenience,Your Market,POINT (-122.5078743 37.7591827)
11029498046,2501,supermarket,Four Seasons Market,POINT (-122.4681512 37.7389988)
11035968909,2511,convenience,,POINT (-121.5140997 38.2418449)
11050120814,2528,greengrocer,El Rio Produce,POINT (-122.4830843 37.7822334)
11057637318,2501,supermarket,Tokyo Central,POINT (-122.2927056 37.8337921)
11060464542,2528,greengrocer,Valley Grocery,POINT (-124.2646742 40.5761334)
11064507175,2501,supermarket,Safeway,POINT (-122.3985422 37.7969036)
11077535348,2528,greengrocer,Marcato,POINT (-122.2498685 37.7997667)
11081478910,2510,general,Glacier Lodge General Store,POINT (-118.4369306 37.1238193)
11081708653,2510,general,Creekside RV Park General Store,POINT (-118.5653031 37.2365874)
11090679605,2511,convenience,K Mini Mart,POINT (-121.4944032 38.5794652)
11103498935,2501,supermarket,Carniceria Del Valle,POINT (-121.3640413 38.6965109)
11103498936,2501,supermarket,Good Taste Market,POINT (-121.3640845 38.695997)
11105501052,2501,supermarket,Antelope Market,POINT (-121.3806712 38.7190352)
11105689603,2511,convenience,Food Mart,POINT (-121.327927 38.7059847)
11105721296,2505,department_store,Ross,POINT (-121.3844031 38.6894075)
11105727416,2501,supermarket,Punjab Bazaar,POINT (-121.3267401 38.7047026)
11105727417,2511,convenience,Quik Stop,POINT (-121.3269147 38.7048045)
11105727439,2511,convenience,Food Mart,POINT (-121.3130907 38.7076724)
11105727467,2511,convenience,7-Eleven,POINT (-121.3313185 38.7019074)
11105727498,2505,department_store,Kohl's,POINT (-121.3472327 38.7023288)
11108076917,2511,convenience,Circle K,POINT (-121.0149989 37.1043748)
11112533797,2511,convenience,Circle K,POINT (-121.5709173 37.0204132)
11115142340,2511,convenience,Shell,POINT (-118.2899523 37.1658247)
11125652590,2511,convenience,ExtraMile,POINT (-121.9557879 38.8607048)
11125733535,2510,general,Grant Grove Market,POINT (-118.9633613 36.7409583)
11142562489,2511,convenience,Plaza Snacks & Deli,POINT (-122.4132553 37.7808783)
11144316503,2511,convenience,Bay Food Market,POINT (-122.4116839 37.7808371)
11155223692,2501,supermarket,Raley's O-N-E Market,POINT (-121.3570329 38.792964)
11156556950,2511,convenience,7-Eleven,POINT (-121.4960119 38.5808095)
11157745543,2528,greengrocer,Hudson Good's & Greens,POINT (-122.2814827 38.3015811)
11158331058,2510,general,Petrolia General Store,POINT (-124.2874436 40.324775)
11160010930,2505,department_store,TJ Maxx,POINT (-121.2561451 38.74326)
11162304805,2501,supermarket,Fruit Barn,POINT (-122.459482 37.7247268)
11162413118,2511,convenience,ExtraMile,POINT (-122.260103 37.856706)
11167615078,2501,supermarket,Safeway,POINT (-122.288318 40.4528535)
11167721409,2511,convenience,Shell,POINT (-122.2770953 37.7755877)
11173253438,2511,convenience,Discount Cigarettes,POINT (-122.2213862 38.1338808)
11183038020,2511,convenience,7-Eleven,POINT (-121.6957229 36.6051016)
11188337771,2511,convenience,,POINT (-118.7312704 36.6043555)
11208474948,2510,general,The Village Mercantile,POINT (-121.4940211 40.3603511)
11240205221,2511,convenience,99 Stores,POINT (-121.9636328 37.5107619)
11251863797,2511,convenience,Stop And Save,POINT (-120.9574976 37.6886053)
11253661826,2505,department_store,dd's Discounts,POINT (-121.783314 37.9656564)
11256355152,2501,supermarket,Guru Indian Grocery,POINT (-120.9568863 37.6886231)
11269658286,2016,market_place,Mellow Mercado,POINT (-122.4015253 37.7921582)
11271457733,2511,convenience,Palm Plaza Chevron,POINT (-119.672281 36.3421978)
11282335743,2511,convenience,Liquor & Food Market,POINT (-122.2342902 37.488755)
11285295760,2528,greengrocer,Guan's Mushrooms,POINT (-121.9834166 37.5781332)
11287043503,2505,department_store,Ross,POINT (-122.0358115 37.9575768)
11287043504,2505,department_store,dd's Discounts,POINT (-122.0356475 37.9572931)
11289802817,2511,convenience,,POINT (-121.5439864 36.8455415)
11296107122,2511,convenience,Food Basket Market,POINT (-122.4259306 37.7754314)
11296250849,2501,supermarket,Grocery Outlet,POINT (-122.5080891 37.9597203)
11303084098,2511,convenience,,POINT (-122.4855391 37.7802498)
11303681580,2511,convenience,Riviera Foods,POINT (-122.7289095 38.9521056)
11306504396,2511,convenience,Sharp Park Market,POINT (-122.4923983 37.6363902)
11306949954,2511,convenience,Panaderia y Taqueria Michoacan #1,POINT (-122.2034822 37.471078)
11319421474,2511,convenience,M D Market,POINT (-122.7406479 38.4268071)
11320027240,2511,convenience,Home Body Refill,POINT (-122.8242321 38.4029067)
11328419067,2501,supermarket,FoodMaxx,POINT (-121.6543016 36.7206052)
11328440138,2511,convenience,,POINT (-121.6546798 36.6808203)
11328462802,2505,department_store,Ross,POINT (-121.6677716 36.7070766)
11329957256,2501,supermarket,168 Market,POINT (-122.2533395 38.1271105)
11330013076,2501,supermarket,Smart & Final Extra!,POINT (-122.2564681 38.1280402)
11330110153,2501,supermarket,All Fresh Market,POINT (-122.4587607 37.724573)
11338977589,2505,department_store,Ross,POINT (-122.4737486 37.6707821)
11359314699,2501,supermarket,Namaste Plaza Indian Supermarket,POINT (-121.9790369 37.78125)
11363330409,2501,supermarket,Safeway,POINT (-122.4778321 37.6609627)
11363354953,2505,department_store,Marshalls,POINT (-122.4670558 37.678237)
11363364700,2501,supermarket,DashMart,POINT (-122.4683261 37.6773233)
11367874834,2501,supermarket,Whole Foods Market,POINT (-122.824025 38.4038177)
11372187158,2501,supermarket,Molsberry’s Market,POINT (-122.7513416 38.5016047)
11375428608,2511,convenience,ampm,POINT (-121.2255544 38.744407)
11378365216,2501,supermarket,East Market,POINT (-121.3851585 38.6107663)
11378580369,2511,convenience,Cotati Market,POINT (-122.705201 38.324961)
11380235166,2511,convenience,Sportman's Liquor Mini-mart,POINT (-121.4369593 41.0073249)
11402215869,2511,convenience,Sierra Express,POINT (-120.4659554 39.8121573)
11403590856,2511,convenience,ExtraMile,POINT (-122.2776347 37.8260194)
11421486737,2511,convenience,7-Eleven,POINT (-121.3910469 38.4956977)
11423890637,2511,convenience,Alcatraz Market,POINT (-122.4213818 37.8063854)
11425099297,2501,supermarket,Susanville Supermarket IGA,POINT (-120.6531188 40.4170984)
11430282557,2505,department_store,Target,POINT (-120.8433618 38.7102953)
11430282558,2501,supermarket,Save Mart,POINT (-120.8433747 38.7112018)
11430282559,2505,department_store,Ross,POINT (-120.8433269 38.7116063)
11430282567,2505,department_store,TJ Maxx,POINT (-120.8388661 38.7141609)
11430295019,2501,supermarket,Raley's,POINT (-120.8355986 38.7272685)
11430295025,2501,supermarket,Grocery Outlet,POINT (-120.8330477 38.7230379)
11451705199,2501,supermarket,Vijetha Indian Super Market,POINT (-121.9735444 37.772365)
11454987400,2511,convenience,Mabury Market,POINT (-121.8689246 37.3668212)
11461014444,2501,supermarket,Food Barn,POINT (-122.2503036 38.127596)
11464495304,2511,convenience,,POINT (-121.6186497 36.6592254)
11464554393,2511,convenience,ampm,POINT (-121.3555595 38.7924114)
11467334943,2511,convenience,ampm,POINT (-121.7501552 38.005717)
11471313010,2511,convenience,Chevron,POINT (-121.7055923 37.9248749)
11471924913,2511,convenience,Valero,POINT (-122.1491778 37.4281662)
11472341360,2501,supermarket,Grocery Outlet,POINT (-121.6954422 37.9451802)
11474765941,2511,convenience,ampm,POINT (-121.6952446 37.9546141)
11474794997,2505,department_store,Big Lots,POINT (-122.0682517 38.2598541)
11474843460,2511,convenience,Rotten Robbie,POINT (-121.725997 37.9622654)
11477281097,2511,convenience,Marina Gas & Mart,POINT (-122.8429732 39.1224951)
11479314783,2510,general,Anchor Bay Store,POINT (-123.5779494 38.803327)
11492080699,2511,convenience,ampm,POINT (-121.3356798 38.5433425)
11492226485,2511,convenience,ampm,POINT (-121.2376463 37.9347003)
11506373285,2511,convenience,Eagle Mini Mart,POINT (-122.2171441 37.7702854)
11506413569,2511,convenience,Valero,POINT (-122.1777323 37.7657824)
11507930081,2511,convenience,7-Eleven,POINT (-121.5304444 38.6145112)
11509744692,2511,convenience,,POINT (-122.5016701 37.7565389)
11511905230,2511,convenience,Market 170,POINT (-121.8886906 37.3327896)
11516962860,2511,convenience,Snack Shop,POINT (-122.2413509 37.7664295)
11520033703,2511,convenience,Shell,POINT (-122.1957111 37.744187)
11520448421,2511,convenience,Diamond Food Mart,POINT (-121.9703683 38.881276)
11521258594,2511,convenience,Yolo Market,POINT (-121.8062631 38.7326172)
11527326463,2505,department_store,Big Lots,POINT (-121.7865756 38.6799917)
11527326464,2501,supermarket,La Superior Mercados,POINT (-121.7858835 38.6800122)
11528886497,2511,convenience,ExtraMile,POINT (-120.948426 39.0952364)
11529344293,2511,convenience,Chevron,POINT (-122.1974657 37.7376553)
11548194283,2511,convenience,Mobil Food Mart,POINT (-122.2701873 37.8394273)
11548234544,2511,convenience,N&A Market,POINT (-122.2812156 37.8236966)
11548913634,2505,department_store,dd's Discounts,POINT (-122.0356596 38.2747048)
11548913647,2511,convenience,ampm,POINT (-122.0346619 38.2711431)
11556085319,2511,convenience,M & W Market,POINT (-122.3979356 37.7549065)
11582939955,2511,convenience,Parkside Market,POINT (-122.4429242 37.7744644)
11583025630,2511,convenience,Lewis Grocery,POINT (-121.7724317 37.6841984)
11588781246,2510,general,Duncans Mills General Store,POINT (-123.0544771 38.4534282)
11590419258,2505,department_store,Ross,POINT (-121.3925931 36.8424044)
11590419261,2505,department_store,T.J. Maxx,POINT (-121.3928291 36.842956)
11593212866,2505,department_store,dd's Discounts,POINT (-121.8610502 38.0114804)
11595494905,2501,supermarket,Safeway,POINT (-121.9518383 37.3009318)
11621305810,2511,convenience,Circle K,POINT (-121.0707716 38.6548459)
11639215150,2511,convenience,Eli's Market,POINT (-121.4488397 38.5372897)
11643324687,2501,supermarket,Save Mart,POINT (-121.4367455 37.72399)
11648313285,2501,supermarket,Safeway,POINT (-121.9666878 37.2932065)
11650879599,2511,convenience,ExtraMile,POINT (-121.4138968 37.7619386)
11654521843,2505,department_store,dd's Discounts,POINT (-119.3117257 36.2993476)
11654521844,2501,supermarket,Smart & Final Extra!,POINT (-119.3117257 36.2997469)
11654865040,2016,market_place,Winter Sister Farm,POINT (-122.8004477 38.3884874)
11655460631,2511,convenience,7-Eleven,POINT (-121.4827066 38.5252375)
11658327171,2505,department_store,Burlington,POINT (-119.3106523 36.2958751)
11664527018,2511,convenience,7-Eleven,POINT (-122.0324868 37.9953292)
11664972458,2511,convenience,Q&S Market,POINT (-122.167117 37.7431728)
11664972699,2511,convenience,Lucky Two,POINT (-122.1623301 37.7423882)
11685860036,2501,supermarket,Grocery Outlet,POINT (-121.8048637 39.7256788)
11686500755,2505,department_store,Marshalls,POINT (-119.3154737 36.3030443)
11689605418,2501,supermarket,Cardenas,POINT (-122.1164319 37.6644461)
11692374514,2511,convenience,Wah Fay,POINT (-122.2448761 37.7982926)
11694828615,2016,market_place,Uptown Market,POINT (-122.2686666 37.8090511)
11699762310,2511,convenience,Tip Top Market,POINT (-122.4105073 37.7833669)
11699777853,2511,convenience,Ed's Market,POINT (-122.4116354 37.7830042)
11699784772,2511,convenience,SF Discount Market,POINT (-122.4140198 37.7833078)
11699784773,2511,convenience,Empire Market,POINT (-122.4140931 37.7836392)
11702308289,2511,convenience,Radman's Produce Market,POINT (-122.4129286 37.7828339)
11709378347,2511,convenience,ampm,POINT (-119.3916704 36.330085)
11720565281,2511,convenience,ExtraMile,POINT (-119.3318045 36.2979154)
11721667608,2501,supermarket,Grocery Outlet,POINT (-121.4493707 38.6105293)
11721667630,2511,convenience,Lucky Market,POINT (-121.4472236 38.6118791)
11737694237,2511,convenience,Tahona Mercado,POINT (-122.4158236 37.7920843)
11738013435,2505,department_store,Marshalls,POINT (-121.9324284 37.2893557)
11738043272,2511,convenience,Quik Stop,POINT (-120.8760935 37.5214667)
11739971033,2528,greengrocer,Apricot Hill Fruit Stand,POINT (-120.9983183 37.0571671)
11742191287,2016,market_place,Micro-Market Spaces,POINT (-122.2734159 37.8015951)
11742852412,2501,supermarket,Bret Harte Super Grocery,POINT (-122.5203578 37.9629387)
11751903589,2511,convenience,,POINT (-122.2391723 37.4914973)
11751903592,2511,convenience,76,POINT (-122.2360365 37.4930429)
11751903604,2501,supermarket,La Paradita Peru,POINT (-122.2370588 37.4948258)
11760053879,2505,department_store,dd's Discounts,POINT (-121.4310133 38.473467)
11772926047,2511,convenience,7-Eleven,POINT (-121.834311 39.7613438)
11776507190,2511,convenience,Power Market,POINT (-122.1227452 38.2435996)
11777394346,2511,convenience,Welcome Supermarket,POINT (-122.4086566 37.7759233)
11779843658,2511,convenience,Ahwahnee Sweet Shop,POINT (-119.5740734 37.7461937)
11806415061,2511,convenience,Vic’s Grocery Liquor,POINT (-122.4161787 37.7492885)
11810529407,2016,market_place,Saba Grocers,POINT (-122.2757595 37.7956436)
11811031714,2511,convenience,Store 24,POINT (-122.6130801 38.7545224)
11817396086,2528,greengrocer,SOMA Produce,POINT (-122.4085845 37.7806576)
11817396087,2511,convenience,I. C. U. Market,POINT (-122.4084054 37.780502)
11817396091,2511,convenience,6th Gift & More,POINT (-122.4079973 37.7805908)
11820049975,2511,convenience,,POINT (-119.0390903 36.0218616)
11821051728,2511,convenience,ampm,POINT (-121.5391619 38.5579136)
11829009216,2501,supermarket,Tajrish Bazaar,POINT (-122.0621435 37.9289424)
11829287601,2511,convenience,ExtraMile,POINT (-121.3341508 36.4296255)
11840220393,2511,convenience,Hye Market,POINT (-119.8266726 36.8235695)
11843070048,2505,department_store,Kohl's,POINT (-119.8614444 36.8058718)
11843070049,2505,department_store,dd's Discounts,POINT (-119.8604018 36.8059361)
11843070050,2501,supermarket,Foods Co,POINT (-119.8596289 36.8058782)
11846391884,2501,supermarket,Save Mart,POINT (-119.8246784 36.7922572)
11846391937,2501,supermarket,Vallarta,POINT (-119.8350155 36.7708458)
11851236702,2511,convenience,Gateway Food and Liquor,POINT (-121.9382769 37.3375207)
11855411948,2501,supermarket,Young's Market,POINT (-120.8402827 40.0751095)
11863327449,2501,supermarket,Lucky,POINT (-122.4766881 38.3002767)
11867778701,2505,department_store,Marshalls,POINT (-119.7890522 36.8449379)
11875044324,2510,general,Soccer Express,POINT (-119.792201 36.8514437)
11880170970,2501,supermarket,Grocery Outlet,POINT (-122.3468963 37.9616469)
11880436686,2505,department_store,Big Lots,POINT (-119.7889885 36.8440053)
11882306299,2501,supermarket,Grocery Outlet,POINT (-122.4523326 37.6654635)
11882462598,2511,convenience,Treading Post,POINT (-119.3466713 36.864115)
11882478816,2501,supermarket,Ponderosa Market,POINT (-119.4849116 37.0775693)
11882537614,2511,convenience,MR5 Food Mart,POINT (-119.379605 36.8201068)
11887839018,2511,convenience,DL Brazuca,POINT (-121.9948374 37.3824731)
11887904661,2511,convenience,7-Eleven,POINT (-121.2912031 38.7224156)
11889588912,2501,supermarket,Smart & Final Extra!,POINT (-119.7881552 36.8210667)
11892953433,2501,supermarket,Sunrise Indian Market,POINT (-121.2664426 38.5914915)
11897570031,2501,supermarket,Chaat Corner Indian Grocery,POINT (-122.3989177 37.7835778)
11904573024,2511,convenience,Cottage Mart,POINT (-121.4460559 38.5536508)
11906698583,2511,convenience,,POINT (-122.4070092 37.7057111)
11911123690,2505,department_store,Macy's,POINT (-119.755571 36.8094336)
11918627087,2016,market_place,West Oakland Farmers' Market,POINT (-122.2919127 37.8144378)
11918971279,2501,supermarket,Groccery Outlet,POINT (-121.0002978 38.6975599)
11919222984,2511,convenience,Retro Junction,POINT (-119.7532991 36.8377158)
11921596314,2501,supermarket,R-N Market,POINT (-119.7522239 36.8351018)
11924014394,2501,supermarket,Crossroads Specialty Foods,POINT (-122.0619326 37.69389)
11927617748,2501,supermarket,Eataly,POINT (-121.9459244 37.3246529)
11928904402,2511,convenience,The Market at North Park,POINT (-121.9415 37.4066259)
11935097205,2505,department_store,Ross,POINT (-121.2613719 38.7466126)
11944365235,2505,department_store,Macy's,POINT (-119.7797664 36.8063313)
11944365236,2505,department_store,JCPenney,POINT (-119.7779494 36.8065747)
11950809144,2501,supermarket,Trader Joe's,POINT (-122.4264269 37.7781179)
11964033085,2510,general,Mainland,POINT (-119.7745988 36.8068065)
11964033121,2505,department_store,Macy's,POINT (-119.7759033 36.8058253)
11965760605,2505,department_store,Ross,POINT (-119.7932528 36.8453062)
11965875499,2510,general,Grocery Outlet,POINT (-121.9362111 37.706867)
11968367291,2510,general,Korea Mart,POINT (-119.7826296 36.8075196)
11969896817,2501,supermarket,Classic Wine Vinegar Co.,POINT (-120.9799027 37.5789123)
11971191448,2016,market_place,Prescott Night Market,POINT (-122.2924621 37.8144672)
11974004195,2528,greengrocer,Wo Chong Company,POINT (-122.4076271 37.7949166)
11974004198,2511,convenience,Dai Lee Food Inc.,POINT (-122.4077393 37.7950712)
11974380146,2511,convenience,,POINT (-121.274366 38.7558127)
11974704549,2501,supermarket,FoodMaxx,POINT (-121.7767471 36.9153905)
11990617962,2528,greengrocer,Hop Hing Market,POINT (-122.4086457 37.7969816)
11990881843,2501,supermarket,Sprouts Farmers Market,POINT (-120.9931687 37.6694806)
11992653967,2511,convenience,,POINT (-119.4253863 36.3505534)
11992987827,2501,supermarket,Raley's,POINT (-121.5495199 39.5071)
11992987830,2505,department_store,Marshalls,POINT (-121.5489457 39.5063432)
11993169817,2501,supermarket,Grocery Outlet,POINT (-121.5630783 39.5014164)
11993169818,2501,supermarket,FoodMaxx,POINT (-121.5616269 39.5023491)
11993169823,2511,convenience,ampm,POINT (-121.5711502 39.4985617)
11993169824,2505,department_store,Ross,POINT (-121.5739409 39.4969567)
11993193510,2511,convenience,Circle K,POINT (-121.6337725 39.1277188)
11993193513,2505,department_store,Kohl's,POINT (-121.6382692 39.1350625)
11997979232,2510,general,Falling Prices,POINT (-121.4102484 38.5484699)
12001843175,2511,convenience,7-Eleven,POINT (-122.8394065 38.3992001)
12001843192,2528,greengrocer,Jewels of the Forest,POINT (-122.8390396 38.3990911)
12003516635,2511,convenience,Dino Mart,POINT (-119.2783307 36.3414377)
12004045641,2511,convenience,Ben Maddox Pik N Go,POINT (-119.2784418 36.3391147)
12012822110,2501,supermarket,Grocery Outlet,POINT (-119.3155425 36.3089999)
12017129545,2501,supermarket,Circle K,POINT (-121.555345 39.1140608)
12022251924,2511,convenience,,POINT (-123.7871126 40.0680507)
12026116499,2501,supermarket,Safeway,POINT (-119.9674009 38.9440488)
12026312330,2501,supermarket,Safeway,POINT (-119.9673771 38.9440977)
12027551471,2501,supermarket,Sprouts Farmers Market,POINT (-121.7541648 38.6762199)
12035679399,2505,department_store,Target,POINT (-120.9960041 37.6873429)
12035679400,2505,department_store,Target,POINT (-119.7709215 36.7807258)
12036982476,2511,convenience,,POINT (-124.0858623 41.5848519)
12044046584,2511,convenience,Civic Center Market,POINT (-122.4153964 37.7784827)
12048103213,2511,convenience,7-Eleven,POINT (-121.9310667 37.3104738)
12052113202,2501,supermarket,El Realito de Oro,POINT (-120.0572818 36.9575021)
12052328555,2511,convenience,Hayes Market,POINT (-122.4277764 37.7764031)
12052438821,2511,convenience,7-Eleven,POINT (-121.9548241 37.271891)
12060178362,2501,supermarket,Island Savoy Market,POINT (-122.2643792 37.7746417)
12064198313,2501,supermarket,El Changarro MX,POINT (-120.0535387 36.9655748)
12069981201,2501,supermarket,Fresh Meat Factory,POINT (-121.8696278 37.7000113)
12078857944,2501,supermarket,Pine Grove Market,POINT (-120.6669079 38.4126705)
12081810316,2501,supermarket,Shop N' Save Market,POINT (-122.150002 39.1555576)
12085934302,2528,greengrocer,A&M Video Store,POINT (-122.2649762 37.7747237)
12085989636,2501,supermarket,ALDI,POINT (-119.3112858 36.29077)
12090801007,2501,supermarket,Apna Market,POINT (-121.9025185 37.6896049)
12090906396,2501,supermarket,Kumar Market & Kitchen,POINT (-121.8762879 37.6769228)
12097627008,2511,convenience,Mini Market,POINT (-122.2691475 37.8025071)
12098139222,2501,supermarket,Tienda Guatemalteca El Quetzal,POINT (-121.2747664 37.9668564)
12100180761,2511,convenience,,POINT (-121.1647823 37.4654403)
12100184996,2511,convenience,,POINT (-119.3320933 36.1811274)
12100186373,2511,convenience,,POINT (-121.1436197 37.7558506)
12100213266,2511,convenience,,POINT (-121.630092 36.665196)
12101505075,2511,convenience,,POINT (-121.276271 37.8561942)
12103411410,2511,convenience,JJ Land,POINT (-121.8868734 37.5940283)
12103411451,2528,greengrocer,Kumar Market,POINT (-121.8762957 37.6769774)
12109983621,2511,convenience,PS Market,POINT (-121.4738913 38.5626263)
12110757119,2511,convenience,Oakland Grab & Go Market,POINT (-122.2647892 37.8295631)
12115187599,2511,convenience,,POINT (-124.1776444 40.7919971)
12117681668,2511,convenience,7-Eleven,POINT (-122.6107612 38.2329362)
12118885375,2511,convenience,Lazzini's Market,POINT (-122.6799256 38.4314976)
12135368551,2511,convenience,Stop and Save Market,POINT (-122.2727655 37.871439)
12140956460,2016,market_place,Friant Trading Post,POINT (-119.7152416 36.9835049)
12143173801,2511,convenience,Urban Roots,POINT (-121.8448824 39.7278764)
12145177141,2511,convenience,Sanjha Punjab,POINT (-119.7316341 36.8531169)
12146625518,2511,convenience,Fast N Esy #7,POINT (-119.6736619 36.7788749)
12147212608,2016,market_place,Davis Farmer's Market,POINT (-121.7440979 38.5447817)
12152183750,2511,convenience,76,POINT (-122.1807261 37.8785044)
12152380009,2511,convenience,Shell,POINT (-122.186106 37.8805024)
12170405702,2511,convenience,A Street Corner,POINT (-122.2404541 37.7672787)
12171067758,2511,convenience,,POINT (-121.8565582 39.7510021)
12178558276,2511,convenience,Pat's Market,POINT (-124.1570909 40.7982094)
12180673281,2016,market_place,Iron Door General Store,POINT (-120.2298822 37.8393284)
12180684331,2511,convenience,Xpress Mart,POINT (-120.225044 37.8401149)
12183320986,2511,convenience,Valero,POINT (-122.9301149 40.7228495)
12187401229,2511,convenience,7-Eleven,POINT (-121.2046388 38.8062188)
12187401255,2511,convenience,ampm,POINT (-121.2063091 38.8059898)
12189339799,2501,supermarket,TAJ Supermarket,POINT (-121.4144092 38.4702103)
12191240873,2501,supermarket,Sunrise Halal Market,POINT (-121.4368793 38.5005277)
12197916888,2511,convenience,Carmel Highlands General Store,POINT (-121.9362179 36.505332)
12202821755,2511,convenience,Taiwan Convience Store,POINT (-121.997102 37.5218061)
12216450093,2511,convenience,Mega Mart,POINT (-122.2896946 37.839711)
12222723893,2511,convenience,Wild Plum Provisions Store,POINT (-120.6264801 39.5684734)
12222735721,2511,convenience,Higgin's Market,POINT (-120.6349282 39.5656553)
12229014399,2505,department_store,Big Lots,POINT (-119.2465657 35.7894115)
12229232047,2501,supermarket,Young’s Payless Market IGA,POINT (-120.5351823 38.4430205)
12244927820,2511,convenience,J & A Middle Eastern Goods,POINT (-122.7043852 38.3246458)
12246421387,2511,convenience,Dollar Tree,POINT (-122.6975122 38.3288315)
12247786101,2511,convenience,ABC Market,POINT (-121.8406777 39.7214248)
12251716416,2501,supermarket,Chavez Supermarket,POINT (-122.2353958 37.4885239)
12251716428,2505,department_store,Kohl's,POINT (-122.2252766 37.4928403)
12254182692,2511,convenience,South Pacific and Asian Mart,POINT (-121.2830607 38.5962132)
12264385385,2511,convenience,ampm,POINT (-121.5904943 39.1427981)
12264464830,2511,convenience,7-Eleven,POINT (-121.5911721 39.1404933)
12264885568,2501,supermarket,Super X Market,POINT (-121.5621747 39.1266792)
12265521100,2501,supermarket,Bel Air,POINT (-121.6458612 39.147698)
12269674570,2511,convenience,ampm,POINT (-121.4902705 38.4656293)
12269674572,2511,convenience,7-Eleven,POINT (-121.4898967 38.4669165)
12272074076,2511,convenience,Martha's Market & Deli,POINT (-122.7388025 38.334198)
12280371943,2511,convenience,7-Eleven,POINT (-122.0596614 37.9069264)
12295743941,2510,general,Village General Store & Refillery,POINT (-121.2866951 38.7471618)
12297513702,2511,convenience,Nick's Foods,POINT (-122.4214564 37.7731747)
12299979589,2511,convenience,El Toro Loco Carniceria,POINT (-122.1504024 39.1541376)
12302303875,2501,supermarket,Mercado y Panaderia Hernandez,POINT (-122.4120947 37.65576)
12308559632,2511,convenience,Mountain Market,POINT (-122.3844643 41.4249667)
12309103968,2511,convenience,DashMart,POINT (-121.8860164 37.3294164)
12310458986,2528,greengrocer,GNC,POINT (-122.1569573 37.7248095)
12310579623,2511,convenience,Blaze N' Max,POINT (-122.1540739 37.7226524)
12310905717,2505,department_store,Burlington,POINT (-121.4592063 37.7593737)
12316321383,2501,supermarket,Raley's,POINT (-122.3250715 37.9618438)
12316420243,2501,supermarket,Smart & Final,POINT (-122.1164407 37.6614104)
12319890713,2511,convenience,ampm,POINT (-121.4590339 38.610831)
12321440861,2511,convenience,Chevron,POINT (-122.2762183 37.7776242)
12327734798,2505,department_store,Kohl's,POINT (-121.8112719 39.7311347)
12335364739,2511,convenience,7-Eleven,POINT (-121.8507688 37.2399582)
12335612372,2501,supermarket,Cardenas,POINT (-121.7668113 36.9270895)
12335788687,2528,greengrocer,Fruteria Ortiz,POINT (-121.8526972 37.3321012)
12335832565,2505,department_store,Ross,POINT (-121.7760668 36.9152528)
12338362406,2511,convenience,Central Park Natural,POINT (-122.447838 37.7738194)
12345229724,2501,supermarket,Food 4 Less,POINT (-122.0355155 38.2635699)
12357027966,2511,convenience,Dino Mart,POINT (-120.968576 38.658416)
12372624811,2501,supermarket,Grocery Outlet,POINT (-121.0305779 37.6730657)
12372624812,2505,department_store,American Freight,POINT (-121.0301086 37.6731037)
12372624813,2505,department_store,dd's Discounts,POINT (-121.029661 37.6730815)
12372809035,2505,department_store,dd's Discounts,POINT (-121.2977021 38.0195299)
12383756077,2511,convenience,Green Leaf Market,POINT (-122.2939689 37.8753925)
12387173502,2511,convenience,Myu Myu,POINT (-121.7410304 38.5435351)
12387627947,2511,convenience,Popeye's Tobacco & Grocery,POINT (-122.2799466 37.8708372)
12396709776,2511,convenience,Star Liquor,POINT (-122.1816377 37.7567972)
12396709794,2511,convenience,Maineline Groceries,POINT (-122.1844224 37.7581236)
12397139681,2511,convenience,Oakland Express Market,POINT (-122.1679361 37.740158)
12397139695,2511,convenience,Abe's,POINT (-122.1688437 37.7415296)
12397141010,2511,convenience,,POINT (-122.1699397 37.7442739)
12397141043,2511,convenience,Food King,POINT (-122.1749056 37.7507212)
12397145823,2511,convenience,Sky Market,POINT (-122.1774495 37.7533376)
12397145824,2511,convenience,East Bay Market,POINT (-122.1772557 37.7538098)
12397145845,2511,convenience,Nation Liquor & Market,POINT (-122.1783849 37.7546596)
12398819474,2501,supermarket,Latinos Unidos,POINT (-122.1831188 37.7368162)
12398819490,2511,convenience,76,POINT (-122.1841671 37.7363391)
12400728848,2501,supermarket,Raley's O-N-E Market,POINT (-120.1550872 39.3197303)
12401159793,2511,convenience,Los Camellos Tienda Liquor & Grocery,POINT (-122.19937 37.7648575)
12404425505,2501,supermarket,La Princesa Market #14,POINT (-121.7632376 36.9264333)
12404425709,2501,supermarket,Mi Ranchito Supermercado,POINT (-121.7593826 36.913524)
12404425718,2501,supermarket,Marketa Oaxaca,POINT (-121.7588544 36.9128238)
12405680772,2016,market_place,Folsom Blvd Fle Market,POINT (-121.389765 38.5489515)
12406888085,2511,convenience,,POINT (-121.2955374 37.9127227)
12408162053,2511,convenience,Oak Tree Market,POINT (-122.2137151 37.7727735)
12409985109,2511,convenience,Nawah Market 2,POINT (-122.2101663 37.7703118)
12410022308,2511,convenience,Food Mart,POINT (-122.2217799 37.7752705)
12410022328,2528,greengrocer,International Produce Market,POINT (-122.219313 37.7742845)
12410045785,2511,convenience,K-Market,POINT (-122.2235993 37.7763448)
12410045788,2511,convenience,Oakland Discount Liquor and Market,POINT (-122.2232297 37.7765438)
12413960483,2511,convenience,Penny Saver Market,POINT (-122.2072544 37.7728851)
12413960486,2511,convenience,Fremont Market & Deli,POINT (-122.2086894 37.7730714)
12413982695,2511,convenience,Food Mart,POINT (-122.221104 37.7869386)
12413999542,2511,convenience,U & I Liquors and Market #2,POINT (-122.2274593 37.7847013)
12417394370,2511,convenience,A & M Supermarket,POINT (-122.2453773 37.7910619)
12417411722,2511,convenience,Valero,POINT (-122.2381524 37.7839188)
12421172649,2511,convenience,ampm,POINT (-122.1519145 37.7429547)
12432024354,2501,supermarket,Trader Joe's,POINT (-121.2814367 38.7877683)
12432024544,2505,department_store,Big Lots,POINT (-121.2810318 38.7876448)
12437778056,2511,convenience,Chico's Market,POINT (-122.182157 37.7697823)
12437778072,2511,convenience,,POINT (-122.1815215 37.7706769)
12437909596,2511,convenience,Foothill Discount Grocery,POINT (-122.1827368 37.7706509)
12437917044,2511,convenience,Chevron,POINT (-122.2123604 37.7747545)
12437917058,2511,convenience,Food Shop,POINT (-122.2117829 37.7752257)
12453616792,2511,convenience,Rebel,POINT (-122.1799187 37.7054024)
12455051981,2511,convenience,Food Shop,POINT (-122.2571924 37.8259762)
12458534873,2505,department_store,Ross,POINT (-122.0655174 37.6019805)
12458534874,2505,department_store,Burlington,POINT (-122.0647679 37.601864)
12458792174,2511,convenience,7-Eleven,POINT (-121.7665625 36.9279289)
12466229335,2511,convenience,Columbia Market and Deli,POINT (-120.4052803 38.0325055)
12469569005,2501,supermarket,Loving Hut Vegan Supply,POINT (-121.9181077 37.3828603)
12470391960,2501,supermarket,Walmart Neighborhood Market,POINT (-121.3917949 38.4101035)
12473907395,2511,convenience,Quick Mart Liquor,POINT (-121.4359335 37.7544775)
12475196081,2510,general,Bodega County Store,POINT (-122.9738841 38.3457657)
12478556105,2511,convenience,Speedway,POINT (-120.8531747 37.7635078)
12497363359,2511,convenience,,POINT (-117.9456802 36.0477311)
12501961553,2528,greengrocer,Grand Bazaar Grocery and Meat,POINT (-122.2587315 37.5046836)
12507513514,2511,convenience,Penngrove Market,POINT (-122.6662294 38.2964569)
12517663646,2511,convenience,Come N Go,POINT (-122.2171366 38.1063967)
12522217330,2501,supermarket,Samiramis Imports,POINT (-122.4183513 37.7492175)
12522217331,2528,greengrocer,La Loma Produce,POINT (-122.4185751 37.7514372)
12525827939,2528,greengrocer,Desi Bazar Desi Kitchen,POINT (-122.0131887 37.3664116)
12530023760,2016,market_place,Mi Rancho Market,POINT (-121.8969738 37.3244971)
12530150328,2528,greengrocer,Phnom Penh Market,POINT (-121.8480592 37.3677673)
12531596958,2511,convenience,,POINT (-122.247053 37.8437958)
12538748158,2511,convenience,7-Eleven,POINT (-122.2851102 37.9936727)
12539634881,2511,convenience,K & D Market,POINT (-122.2824118 37.8170714)
12540025589,2511,convenience,ampm,POINT (-121.8092243 37.3241058)
12540025603,2511,convenience,ampm,POINT (-121.9040004 37.2323559)
12540029302,2511,convenience,ampm,POINT (-121.8035787 37.256935)
12550458577,2501,supermarket,MEGA MART,POINT (-121.9867378 37.5489418)
12552871457,2501,supermarket,Patterson Food Center,POINT (-121.130868 37.4746115)
12552956040,2511,convenience,Grab N Go,POINT (-121.1763451 37.4649395)
12552960334,2501,supermarket,Grocery Outlet,POINT (-121.1746494 37.4638166)
12554835485,2511,convenience,,POINT (-123.3535605 39.4097077)
12554835492,2510,general,,POINT (-123.354677 39.4104556)
12554939555,2501,supermarket,Harvest Market,POINT (-123.8063741 39.4215648)
12555036084,2510,general,Comptche Store,POINT (-123.5915315 39.2649454)
12555064446,2510,general,Westport Community Store,POINT (-123.7846817 39.63835)
12556901787,2016,market_place,Don Mateo Foods,POINT (-121.8694044 37.3460921)
12557517971,2511,convenience,Jenn's,POINT (-123.0090477 38.4680904)
12564054793,2501,supermarket,FoodMaxx,POINT (-122.3316506 37.9524029)
12580277271,2511,convenience,Express Gas & Mart,POINT (-122.2011986 37.7843357)
12582654793,2501,supermarket,K Food Mall,POINT (-121.9875643 37.3521095)
12588652792,2511,convenience,Maverik,POINT (-122.295592 40.4575762)
12591581435,2511,convenience,Chevron,POINT (-122.2976924 40.4542251)
12594196676,2501,supermarket,Del Monte Asian Market,POINT (-121.8040078 36.6824982)
12594302845,2501,supermarket,Asian Market,POINT (-121.8041833 36.682298)
12594987732,2501,supermarket,Grocery Outlet,POINT (-120.8635663 37.4914447)
12597079983,2511,convenience,The Superette Market,POINT (-123.2022953 39.2333073)
12599155367,2501,supermarket,Bel Air,POINT (-121.3635561 38.5947576)
12606141783,2511,convenience,Frontier Mini Mart,POINT (-120.652406 38.4103457)
12606141784,2511,convenience,Pine Grove Stage Stop,POINT (-120.6601293 38.4133329)
12610065268,2511,convenience,Stratford Marketplace,POINT (-119.8285934 36.1891898)
12616856232,2501,supermarket,Walmart Neighborhood Market,POINT (-121.9732023 37.3216457)
12616938742,2511,convenience,O'Neals Marketplace,POINT (-119.7362486 37.1251441)
12617690771,2511,convenience,Fresh Fill Modern Market,POINT (-119.7988581 36.922261)
12620939177,2511,convenience,Both Side Convenience,POINT (-122.2701334 37.8065021)
12624258902,2501,supermarket,Shah Groceries,POINT (-120.8757084 37.4939875)
12626372127,2505,department_store,Target,POINT (-120.8783374 37.5208345)
12637859032,2511,convenience,Mainstay Markets,POINT (-122.3878755 37.7578731)
12639784359,2505,department_store,Burlington,POINT (-122.4831449 37.7001544)
12648992947,2511,convenience,Herald Store,POINT (-121.2440897 38.2949893)
12662380832,2510,general,Nessan Market,POINT (-120.8482795 37.5182189)
12663491390,2510,general,Best K Market,POINT (-120.8496543 37.5137125)
12669173963,2505,department_store,Ross,POINT (-121.7942986 39.7175174)
12675388739,2511,convenience,Desi Market and Grill,POINT (-121.5111945 38.6472443)
12682386975,2501,supermarket,Village Fresh Market,POINT (-120.8244549 37.4995094)
12684104968,2511,convenience,Snack Shop,POINT (-122.2047526 37.7917086)
12691775968,2511,convenience,Shell,POINT (-120.2389334 36.2531218)
12703815721,2511,convenience,East Bay Trails Market,POINT (-122.2123395 37.709412)
12703815722,2511,convenience,Oakland Dash House,POINT (-122.2122272 37.709517)
12706052201,2501,supermarket,,POINT (-121.4114461 38.4949518)
12717366198,2511,convenience,Bear Market,POINT (-122.2600848 37.8673388)
12727136942,2528,greengrocer,Castro Valley Natural Grocery,POINT (-122.0787037 37.6951127)
12727136947,2510,general,Amphora Nueva Olive Oil Works,POINT (-122.0787037 37.6953455)
12739709154,2016,market_place,Kim’s Aisian Food Mart,POINT (-121.7412885 38.5458022)
12745213591,2511,convenience,The Bottle Shop,POINT (-121.9607827 37.5335413)
12750878515,2511,convenience,Quik Stop,POINT (-121.9943811 37.5577041)
12758069293,2510,general,The Peg House,POINT (-123.7280294 39.8783273)
12758797115,2511,convenience,Strauch & Co,POINT (-121.1796024 38.6533674)
12760859559,2511,convenience,7-Eleven,POINT (-121.7436832 38.6767881)
12769283078,2511,convenience,Bob's Food & Liquor,POINT (-121.7945574 38.6726802)
12771231362,2511,convenience,,POINT (-122.1405399 37.7346559)
12776861577,2511,convenience,Star Mart,POINT (-121.9643532 37.5105635)
12784331569,2501,supermarket,Wolfe India Bazar,POINT (-121.9312134 37.2821522)
12784621428,2511,convenience,Rosenberg's Market,POINT (-122.43329 37.764629)
12785163014,2511,convenience,Loop,POINT (-121.3852618 38.4094101)
12787328642,2511,convenience,Black Diamond Gift Shop,POINT (-122.2940048 37.8755084)
12787698788,2511,convenience,Andreas Market,POINT (-122.4040486 37.6126175)
12788613095,2501,supermarket,Gold Star Market,POINT (-121.4333068 37.7657984)
12790416278,2505,department_store,dd's Discounts,POINT (-121.4410637 38.5188334)
12790627813,2505,department_store,Ross,POINT (-121.4460466 38.528758)
12790695602,2511,convenience,7-Eleven,POINT (-121.4288767 38.4964415)
12798608303,2501,supermarket,Trinethra Supermarket,POINT (-121.8657787 37.266854)
12803459677,2511,convenience,,POINT (-121.823148 38.4667134)
12806626082,2511,convenience,Chevron,POINT (-121.7474879 38.6766917)
12806838830,2511,convenience,Chevron,POINT (-121.7272551 38.6765859)
12816926991,2528,greengrocer,Produce Land,POINT (-122.4059294 37.7942479)
12821208874,2511,convenience,,POINT (-121.5574704 39.5229677)
12821339554,2511,convenience,,POINT (-121.5252679 39.4673986)
12827514953,2505,department_store,TJ Maxx,POINT (-124.1890036 40.7798748)
12832853962,2501,supermarket,Foodle Market,POINT (-121.935955 37.7042097)
12834791124,2528,greengrocer,A&J Produce,POINT (-121.9088493 37.3699152)
12840662242,2501,supermarket,Super X Market,POINT (-121.452652 38.6170776)
12840892759,2511,convenience,ExtraMile,POINT (-121.9600302 37.3605807)
12842907110,2511,convenience,Alliance gas station,POINT (-122.3602211 37.1654946)
12844596111,2511,convenience,,POINT (-121.7835779 38.6778038)
12851270001,2501,supermarket,Indian Bazaar,POINT (-121.3623184 38.7128393)
12852141714,2511,convenience,,POINT (-122.1462938 39.1565351)
12854606431,2511,convenience,Circle K,POINT (-122.4410589 37.7170763)
12854606433,2511,convenience,Adel Market,POINT (-122.4408246 37.7164747)
12858678390,2511,convenience,,POINT (-121.4464781 38.622939)
12862025569,2501,supermarket,Grocery Outlet,POINT (-121.8467436 37.998927)
12863374035,2501,supermarket,Mission Food Center,POINT (-122.4192758 37.7592127)
12863374037,2511,convenience,Jasmine Market,POINT (-122.4189408 37.7587948)
12873855951,2511,convenience,Shell,POINT (-122.2825924 37.8021767)
12875849326,2511,convenience,Ismael Mini Market,POINT (-122.2693745 37.8020482)
12877885139,2501,supermarket,Barg Afghan Market & Restaurants,POINT (-121.4288279 38.4754279)
12878460158,2501,supermarket,Diablo Foods,POINT (-122.1246006 37.890762)
12878460166,2511,convenience,Chevron,POINT (-122.1261073 37.8914182)
12878460171,2511,convenience,,POINT (-122.1176103 37.8919332)
12882426016,2511,convenience,Discount Market & Tobacco Store,POINT (-122.2718295 37.8169441)
12882788502,2511,convenience,Food Mart,POINT (-122.2714265 37.8271677)
12895996039,2501,supermarket,Roy's Supermarket,POINT (-122.1521858 39.1533463)
12898340594,2511,convenience,Love's,POINT (-122.1439439 39.1677365)
12900454244,2528,greengrocer,Epicurean Trader,POINT (-122.432112 37.7652928)
12903985832,2511,convenience,Circle K,POINT (-121.5866269 39.1479309)
12918135186,2511,convenience,KOA Camp Store,POINT (-121.4692693 40.7408935)
12922397969,2510,general,Holiday Harbor Resort and Marina General Store,POINT (-122.3110869 40.8031379)
12922642105,2511,convenience,Wintun Mini Mart,POINT (-122.030525 39.2574673)
12924837543,2511,convenience,Bear River Pump & Play,POINT (-124.2096019 40.6262523)
12926574664,2511,convenience,Loma Mar Outpost,POINT (-122.3088379 37.2696974)
12941401423,2511,convenience,Isaac's Market,POINT (-122.4142349 37.7556103)
12941565560,2501,supermarket,O'Brien's Market,POINT (-121.0040926 37.6614988)
12941850701,2501,supermarket,dollar tree,POINT (-118.3960654 37.3643805)
12941858705,2501,supermarket,African Food and Market Plus,POINT (-121.9323691 37.2933308)
12945147729,2501,supermarket,Sunny's Food Mart,POINT (-121.0318284 37.6822333)
12945147734,2501,supermarket,Spice Mart & Deli,POINT (-121.0323551 37.6822413)
12947599121,2501,supermarket,Dollar General Market,POINT (-121.0131749 37.6735757)
12947723693,2511,convenience,Quarts n Pints,POINT (-122.489952 37.7537866)
12947723694,2528,greengrocer,Noriega Market,POINT (-122.4901268 37.7537708)
12950003834,2505,department_store,Burlington,POINT (-120.9951389 37.6733931)
12950020568,2501,supermarket,Asian Market,POINT (-120.9952693 37.6772541)
12950509033,2501,supermarket,,POINT (-122.35733 37.9556283)
12954610802,2501,supermarket,Smart & Final,POINT (-121.0490918 37.6835504)
12954712302,2501,supermarket,Save Mart,POINT (-121.0324641 37.6884555)
12954719757,2528,greengrocer,House of Produce,POINT (-122.1972969 37.7903294)
12954733704,2511,convenience,7-Eleven,POINT (-121.0319674 37.6903473)
12956863201,2511,convenience,College Market,POINT (-121.0073169 37.6743316)
12957209633,2511,convenience,7-Eleven,POINT (-122.3285232 37.9435493)
12960197417,2511,convenience,,POINT (-121.8264694 39.7213351)
12960332734,2511,convenience,,POINT (-120.9309619 37.638736)
12961807301,2501,supermarket,FoodMaxx,POINT (-121.0292647 37.669503)
12965157857,2511,convenience,Montclair Gas,POINT (-122.2127163 37.8344657)
12974807492,2505,department_store,Ross,POINT (-119.6971493 36.836206)
12976070755,2511,convenience,,POINT (-119.7083978 37.2183125)
12976103524,2501,supermarket,FoodMaxx,POINT (-119.7881573 36.8167919)
12976266032,2016,market_place,Santa Rosa Community Farmers Market,POINT (-122.6893299 38.4341134)
12978828331,2501,supermarket,Hidalgo Little Market,POINT (-121.770748 37.6834053)
12981474210,2501,supermarket,Rice N Spice Indian Supermarket,POINT (-121.779436 37.6618872)
12986170828,2511,convenience,,POINT (-121.1287411 40.2770132)
12990070940,2510,general,Emerald Cove Marina General Store,POINT (-121.1430027 39.3945596)
12993110980,2511,convenience,Quik Stop,POINT (-121.9382173 37.530673)
13000121036,2510,general,Needful Things,POINT (-121.7999238 39.644842)
13000134548,2511,convenience,Durham Country Market,POINT (-121.8003854 39.6458537)
13000933261,2501,supermarket,Safeway,POINT (-121.4190044 38.3923914)
13007249701,2501,supermarket,Save Mart,POINT (-120.2467143 37.1256437)
13009349922,2511,convenience,Food Stop,POINT (-121.4371646 38.3935281)
13022393820,2511,convenience,,POINT (-121.7471543 36.9205071)
13027738015,2511,convenience,ExtraMile,POINT (-121.2406363 38.5589733)
13030734577,2511,convenience,That's It,POINT (-122.4184381 37.7539648)
13030816308,2511,convenience,Porter Market,POINT (-122.0658952 36.9941999)
13031903015,2511,convenience,ampm,POINT (-119.1038318 36.2040272)
13031931627,2501,supermarket,Save Mart,POINT (-119.1016505 36.2022595)
13043484278,2511,convenience,A & J Oriental Market,POINT (-119.9820032 38.9275322)
13044298689,2501,supermarket,Frontline Electrical Services,POINT (-122.1327538 38.0652735)
13057171185,2511,convenience,,POINT (-121.8383522 39.7413039)
13058255463,2511,convenience,Flyers Snack Cycle,POINT (-120.9766464 37.5942966)
13058710082,2511,convenience,Food Mart,POINT (-121.5494743 39.5050593)
13058753782,2511,convenience,,POINT (-121.5486928 39.5001906)
13058855953,2501,supermarket,Grocery Outlet,POINT (-122.1962929 39.9294225)
13058863950,2511,convenience,7-Eleven,POINT (-122.1851956 39.9275665)
13058886935,2511,convenience,,POINT (-122.193502 39.9276661)
13058886937,2501,supermarket,SAV•MOR Foods,POINT (-122.1726547 39.9286955)
13060045637,2501,supermarket,Richmond Food Center,POINT (-122.347912 37.924991)
13069359115,2501,supermarket,Luke's Local,POINT (-122.4662511 37.7646119)
13071724640,2511,convenience,76,POINT (-119.7371651 36.6784635)
13071724656,2511,convenience,ampm,POINT (-119.7373935 36.6773987)
13071724672,2511,convenience,ExtraMile,POINT (-119.7359498 36.6773544)
13072781257,2511,convenience,7-Eleven,POINT (-119.7991578 36.8080839)
13075467702,2501,supermarket,Lucky,POINT (-122.5802735 38.1087429)
13085201494,2511,convenience,C and V Market,POINT (-124.1638052 40.7921925)
13089639302,2511,convenience,Noe Valley Market,POINT (-122.4334374 37.7657173)
13091734701,2501,supermarket,Apni Mandi Farmers Market,POINT (-121.9596719 37.5317757)
13095779910,2501,supermarket,Lucky,POINT (-122.839987 38.4073405)
13109905778,2511,convenience,Reich's Outpost,POINT (-120.1985663 38.0618636)
13113988398,2016,market_place,Etna Farmer's Market,POINT (-122.8965129 41.4635578)
13114982255,2501,supermarket,Grocery Outlet,POINT (-119.8575898 36.8091605)
13116766407,2511,convenience,Food Shop,POINT (-119.853946 36.793323)
13116766422,2511,convenience,ampm,POINT (-119.852891 36.7932179)
13121923502,2511,convenience,Pacific Food Mart,POINT (-122.4364045 37.7855621)
13121933539,2501,supermarket,FoodMaxx,POINT (-119.8502695 36.8068936)
13121933542,2501,supermarket,New India Sweets & Spices,POINT (-119.8490365 36.806898)
13122003895,2501,supermarket,Sunrise Health Foods,POINT (-119.8460687 36.8073305)
13122003896,2505,department_store,Ross,POINT (-119.845602 36.8071931)
13122148930,2501,supermarket,Quickeroo,POINT (-119.8259096 36.8099298)
13123599014,2501,supermarket,Papaya Fresh,POINT (-119.827497 36.8075259)
13124392657,2511,convenience,Sausalito Mini Mart,POINT (-122.4813835 37.8574002)
13148897776,2511,convenience,Jimmy's One Stop,POINT (-121.2697242 37.6739512)
13164439312,2511,convenience,Express Stop,POINT (-121.3922501 38.5483066)
13175639248,2511,convenience,Don's Deli & Market,POINT (-121.3973524 41.8996549)
13182736244,2501,supermarket,Pal Market,POINT (-122.1392513 37.4711881)
13189879501,2511,convenience,7-Eleven,POINT (-122.3603331 37.9254748)
13196780670,2511,convenience,Falling Rock Mini Mart,POINT (-121.6047722 39.4318298)
13197031188,2501,supermarket,Citrus Plaza Market,POINT (-121.2906671 38.6797149)
13197031190,2501,supermarket,Pacific Coast Food,POINT (-121.2955438 38.6787975)
13199950040,2511,convenience,ampm,POINT (-121.4384906 38.4967972)
13201601758,2505,department_store,Ross,POINT (-120.4883485 37.3204417)
13201652257,2505,department_store,Burlington,POINT (-120.4855124 37.320819)
13201652267,2511,convenience,ampm,POINT (-120.5057842 37.3198814)
13201652269,2511,convenience,7-Eleven,POINT (-120.5042889 37.3197234)
13204092055,2511,convenience,India Market,POINT (-121.3429004 38.6881576)
13206179170,2511,convenience,Center Street Market,POINT (-123.692297 38.9095822)
13226836601,2511,convenience,Circle K,POINT (-121.6396283 39.1414893)
13228872141,2501,supermarket,L. A. Merchandise,POINT (-121.6338159 39.1300538)
13228872148,2501,supermarket,La Superior Mercados,POINT (-121.6307388 39.1328831)
13233405991,2501,supermarket,Beryozka European Market,POINT (-121.3317708 38.5621753)
13239734075,2511,convenience,,POINT (-121.2785668 38.7436175)
13240343101,2501,supermarket,,POINT (-121.289746 38.7880059)
13241093110,2501,supermarket,Grocery Outlet,POINT (-121.2957676 38.7999897)
13241223915,2511,convenience,GetGo,POINT (-119.7911153 36.8009491)
13244850451,2501,supermarket,Beryozka,POINT (-121.2632315 38.7781853)
13245114977,2511,convenience,Sebona Euro Deli,POINT (-121.5031912 38.6513658)
13254398223,2501,supermarket,R&H Distressed Properties - Sacramento,POINT (-121.4838622 38.5243027)
13276423579,2511,convenience,ExtraMile,POINT (-119.9128726 35.9336383)
13287870317,2501,supermarket,Smart & Final Extra!,POINT (-120.9911934 37.6445357)
13289615634,2501,supermarket,Grocery Outlet,POINT (-121.229289 38.6798659)
13293816577,2511,convenience,M&K Market,POINT (-122.4664235 37.7788922)
13294918037,2501,supermarket,Vallarta,POINT (-121.0667773 37.6988832)
13295227563,2510,general,Tung Fong Trading Company,POINT (-122.4069595 37.7942797)
13295856480,2511,convenience,,POINT (-122.8879774 39.0215844)
13298414552,2511,convenience,,POINT (-119.017985 36.0700071)
13304983910,2501,supermarket,Dollar General Market,POINT (-119.8183456 36.7653317)
13305186745,2501,supermarket,Sprouts Farmers Market,POINT (-122.1567401 37.7261635)
13307463101,2511,convenience,Peralta Discount Liquors,POINT (-122.0142495 37.5566183)
13311274107,2501,supermarket,Ha Mini Mart,POINT (-122.4064339 37.7943706)
13311321516,2501,supermarket,Besan's International Market,POINT (-122.4110853 37.6239674)
13311321518,2501,supermarket,Neelam Pacific Market,POINT (-122.4110811 37.6242775)
13312053327,2510,general,Ng Hing Kee Inc.,POINT (-122.4060828 37.7962055)
13312053331,2510,general,Tai Shing Trading Co.,POINT (-122.4076914 37.7949128)
13312734906,2501,supermarket,New Sang Chong Market,POINT (-122.1755084 37.6993471)
13323181901,2505,department_store,Costco,POINT (-124.1830152 40.7922244)
13329284531,2511,convenience,Grappa Market,POINT (-121.1415416 37.7476346)
13347063708,2501,supermarket,SAV MOR,POINT (-122.1858654 39.747986)
13351767229,2511,convenience,Seacliff Plaza Store,POINT (-121.9127539 36.974579)
13352532963,2511,convenience,ExtraMile,POINT (-121.2176286 37.8145161)
13352532964,2501,supermarket,Save Mart,POINT (-121.2154176 37.8132366)
13360556722,2501,supermarket,Grocery Outlet,POINT (-121.3469208 38.6184798)
13362386401,2511,convenience,Bohemian Market,POINT (-122.9473293 38.4072734)
13365357095,2511,convenience,Loop,POINT (-122.4356708 37.7882865)
13373117515,2511,convenience,La Esquina,POINT (-122.3039815 38.294772)
13373250109,2511,convenience,Rups Market,POINT (-118.9818421 36.0547946)
13373250118,2501,supermarket,Family Foods,POINT (-118.9665329 36.0553642)
13374649054,2511,convenience,Chevron,POINT (-122.3480815 40.5382434)
13374668608,2505,department_store,Ross,POINT (-122.3490503 40.5412262)
13374668667,2511,convenience,,POINT (-122.3495347 40.5384484)
13390415683,2511,convenience,,POINT (-121.2727845 38.663464)
13391164015,2528,greengrocer,San Marzano Market,POINT (-122.3905008 40.5842974)
13392136601,2501,supermarket,Trader Joe's,POINT (-121.0485431 37.6871047)
13392202276,2511,convenience,Shell Shop,POINT (-121.8740523 37.3738426)
13392305577,2016,market_place,Creekside Farmers' Market,POINT (-122.015253 37.3165507)
13393657376,2501,supermarket,Meimei Market,POINT (-122.0678258 37.6941001)
13396686708,2511,convenience,Rocket,POINT (-120.9392203 37.5942444)
13411788954,2511,convenience,Circle K,POINT (-119.6726909 36.3131019)
13411788995,2501,supermarket,El Rey Supermercado,POINT (-119.6511574 36.3124914)
13429906359,2511,convenience,ampm,POINT (-120.8312446 38.7203383)
13431224976,2511,convenience,Circle J,POINT (-121.8314311 39.724357)
13441667121,2501,supermarket,FoodMaxx,POINT (-121.6970224 37.9269122)
13453193038,2016,market_place,,POINT (-122.2585405 37.8229744)
13461264601,2511,convenience,K&J Market,POINT (-122.3931933 37.7222067)
13469779084,2505,department_store,dd's Discounts,POINT (-120.8361793 37.0552514)
13469779085,2501,supermarket,Grocery Outlet,POINT (-120.8357708 37.0552421)
13481068415,2511,convenience,Calpella Express,POINT (-123.2033587 39.2321761)
13485152539,2511,convenience,ampm,POINT (-122.2441196 37.7620897)
13502812710,2501,supermarket,El Super,POINT (-119.7893961 36.7836929)
13504919565,2511,convenience,Chevron,POINT (-121.8924426 37.3638071)
13505600748,2511,convenience,Chevron,POINT (-120.5421397 41.4940894)
13506371342,2501,supermarket,Nugget Markets,POINT (-121.2249389 38.7425425)
13511257765,2501,supermarket,Mar-Val,POINT (-120.8271457 38.1916683)
13522913087,2501,supermarket,Pita,POINT (-121.3954785 38.5963056)
13525576428,2016,market_place,Harris & K Market,POINT (-124.1577336 40.7802168)
13531476364,2511,convenience,Redwood Market,POINT (-123.2079814 39.191499)
13535568120,2501,supermarket,Oak Park Market,POINT (-121.470864 38.5408887)
13542194383,2511,convenience,,POINT (-122.2502088 37.8374089)
13544083467,2511,convenience,,POINT (-121.8563367 39.767197)
13556719850,2501,supermarket,Harvest Market at Mendosa's,POINT (-123.7986456 39.3073862)
13564640410,2501,supermarket,Corners of the Mouth Food Co-Op,POINT (-123.7994528 39.305997)
13565871123,2511,convenience,Kerman U Save,POINT (-120.0596733 36.7320987)
13566119587,2511,convenience,,POINT (-122.1137452 37.66553)
13567049061,2511,convenience,,POINT (-119.7266697 36.8008297)
13569303152,2511,convenience,,POINT (-121.4186977 38.6201449)
13570816099,2501,supermarket,North Fresno Foods,POINT (-119.8091626 36.8441324)
13585738349,2501,supermarket,Sekhri Mart,POINT (-122.0308996 37.5709031)
13592723111,2501,supermarket,La Monarca Market,POINT (-122.6096223 38.9104745)
13599887621,2505,department_store,Marshalls,POINT (-121.5215422 38.4937912)
13606734813,2501,supermarket,India Cash & Carry,POINT (-121.9990444 37.530018)
13606734814,2501,supermarket,Arteaga's Food Center,POINT (-122.0257257 37.5414666)
13606734815,2501,supermarket,Middle East Food Market,POINT (-122.0077095 37.5573839)
13606734816,2501,supermarket,Zamzam Halal Supermarket & Restaurant,POINT (-121.9651449 37.5345676)
13606734817,2501,supermarket,Yezi Fresh,POINT (-121.921044 37.4762134)
13606734818,2501,supermarket,Dulhan Grocery,POINT (-122.0438405 37.575479)
13606738756,2501,supermarket,Chavez Supermarket,POINT (-122.0271945 37.5437608)
13606738757,2501,supermarket,Rythu Bazaar,POINT (-121.9809218 37.5509156)
13606738758,2501,supermarket,Irvington Farmers' Market,POINT (-121.9603491 37.5328167)
13606738759,2501,supermarket,Niles Farmer's Market,POINT (-121.9773821 37.576823)
13608214526,2528,greengrocer,El Chavo Supermercado,POINT (-122.4365258 37.7236406)
13615916795,2511,convenience,,POINT (-121.8204549 39.7217585)
13617478104,2511,convenience,,POINT (-121.812588 39.7147382)
13621754938,2511,convenience,ampm,POINT (-121.383568 38.6365836)
13624447081,2511,convenience,Chevron,POINT (-122.0704765 37.5896379)
13631136502,2511,convenience,George's Market,POINT (-122.4150307 37.7523349)
13639310725,2511,convenience,George's Market,POINT (-122.4150307 37.7523348)
259915965,2501,supermarket,Saigon City Marketplace,POINT (-117.9561985 33.7382341)
270042537,2501,supermarket,99 Ranch Market,POINT (-118.100828 34.0776395)
273593057,2501,supermarket,Ralphs,POINT (-117.232061 32.8663098)
273593515,2501,supermarket,Trader Joe's,POINT (-117.232406 32.865636)
274193121,2501,supermarket,Sprouts Farmers Market,POINT (-117.1837196 32.8242878)
276595352,2501,supermarket,Ralphs,POINT (-118.4076922 34.0172999)
276600064,2501,supermarket,Trader Joe's,POINT (-118.422068 34.0203234)
276606426,2501,supermarket,Trader Joe's,POINT (-118.3930604 34.0252586)
316542113,2501,supermarket,Ralphs,POINT (-117.1546337 32.749375)
332436996,2501,supermarket,Gerrard's Market,POINT (-117.1840753 34.0426024)
339046430,2501,supermarket,168 Market,POINT (-118.1099551 34.080386)
339047662,2501,supermarket,168 Market,POINT (-118.0873216 34.1045388)
339167460,2511,convenience,7-Eleven,POINT (-117.169481 32.7221378)
344727062,2501,supermarket,Sprouts Farmers Market,POINT (-118.3187822 34.1869185)
347054514,2501,supermarket,Mitsuwa Marketplace,POINT (-118.106821 34.1027317)
348183511,2501,supermarket,Super A Foods,POINT (-118.918849 34.3971162)
360051491,2511,convenience,7-Eleven,POINT (-118.323967 34.2599712)
361335403,2511,convenience,7-Eleven,POINT (-118.1249447 33.8722174)
362643511,2511,convenience,7-Eleven,POINT (-117.882196 33.6659023)
362650936,2511,convenience,7-Eleven,POINT (-117.886193 33.6803294)
363121987,2511,convenience,7-Eleven,POINT (-117.8842168 33.6819885)
364554102,2501,supermarket,Trader Joe's,POINT (-117.8375537 33.6503583)
365319358,2501,supermarket,Albertsons,POINT (-117.075597 32.6264844)
365319363,2501,supermarket,Albertsons,POINT (-117.05952 33.1318495)
365319366,2501,supermarket,Ralphs,POINT (-117.254304 32.7942263)
365319369,2501,supermarket,Minute Mart,POINT (-117.086522 32.757146)
365319372,2501,supermarket,Smart & Final,POINT (-117.140395 32.7481139)
365319375,2501,supermarket,Foodland Iga #3,POINT (-117.085641 32.720976)
365319386,2501,supermarket,Seafood City,POINT (-117.1315685 32.9137858)
365319393,2501,supermarket,Albertsons,POINT (-117.1384078 33.1400088)
365319431,2501,supermarket,Lucky,POINT (-117.12427 32.9189539)
365319435,2501,supermarket,Carnival Supermarket,POINT (-117.160587 32.808766)
365319438,2501,supermarket,Gelson's,POINT (-117.2491477 32.9790506)
365319442,2501,supermarket,Sprouts Farmers Market,POINT (-117.291178 33.244442)
365319447,2501,supermarket,Vons,POINT (-116.9664562 32.6458007)
365319460,2501,supermarket,Foodland Iga #2,POINT (-117.099599 32.682715)
365319491,2501,supermarket,Northgate Supermarket,POINT (-117.070391 32.5759506)
365319500,2501,supermarket,Wisteria Candy Cottage,POINT (-116.288345 32.668419)
365319534,2501,supermarket,Vons,POINT (-117.0242861 32.7653189)
365319538,2501,supermarket,Harvest International Market,POINT (-117.2001002 32.812549)
365319546,2501,supermarket,Food 4 Less,POINT (-117.085871 32.660204)
365319547,2501,supermarket,Ralphs,POINT (-117.0428558 33.1404803)
365319549,2501,supermarket,Harvest Ranch Market #4,POINT (-117.2648732 32.9594827)
365319550,2501,supermarket,El Super,POINT (-117.089328 32.658835)
365319551,2501,supermarket,Northgate Market,POINT (-117.1039822 32.6916119)
365319568,2501,supermarket,Pancho Villa Farmer's Market,POINT (-117.1233809 32.7545883)
365319579,2501,supermarket,Albertsons,POINT (-116.937744 32.7393034)
365319590,2501,supermarket,El Tigre Foods Warehouse,POINT (-117.249825 33.368481)
365319606,2501,supermarket,Pay-Low Super Market,POINT (-117.027292 32.698243)
365319612,2501,supermarket,Albertsons,POINT (-116.920103 32.8089693)
365319644,2501,supermarket,Albertsons,POINT (-117.008632 32.708019)
365319668,2501,supermarket,Albertsons,POINT (-117.105855 33.1087912)
365319679,2501,supermarket,Food 4 Less,POINT (-116.985351 32.8480954)
365319696,2501,supermarket,Albertsons,POINT (-116.96407 32.796004)
365319706,2501,supermarket,Jonathans Of La Jolla,POINT (-117.274095 32.842531)
365319710,2501,supermarket,Albertsons,POINT (-117.0452275 32.7436452)
365319724,2501,supermarket,Alpine Ranch Market,POINT (-116.7544712 32.8350132)
365319753,2501,supermarket,Food Giant,POINT (-117.086173 32.696312)
365319757,2501,supermarket,Food 4 Less,POINT (-117.068158 32.750884)
365319764,2501,supermarket,La Jolla Shores Market,POINT (-117.254215 32.853574)
365319768,2501,supermarket,Ralphs,POINT (-117.2109327 32.751781)
365319772,2501,supermarket,Stump's Family Marketplace,POINT (-117.2291935 32.7412777)
365319785,2501,supermarket,Albertsons,POINT (-117.061518 33.0178029)
365319802,2501,supermarket,Albertsons,POINT (-117.296568 33.1796149)
365319815,2501,supermarket,Food 4 Less,POINT (-117.0829379 32.6026504)
365319834,2501,supermarket,Dons Market,POINT (-116.6749675 33.1093752)
365319898,2501,supermarket,El Super,POINT (-117.05133 32.5548088)
365319914,2501,supermarket,Gelson's,POINT (-117.267067 33.0873168)
365319922,2501,supermarket,Ralphs,POINT (-117.054379 32.769245)
365319926,2501,supermarket,Albertsons,POINT (-117.248091 33.1668328)
365319933,2501,supermarket,Salsa Market,POINT (-116.967177 32.781016)
365319945,2501,supermarket,Food Palace,POINT (-117.117565 32.697051)
365319948,2501,supermarket,Smart & Final Extra!,POINT (-116.9721883 32.8564347)
365319952,2501,supermarket,Albertsons,POINT (-116.8771513 33.0394304)
365319956,2501,supermarket,Harvest Ranch Market #2,POINT (-117.2381936 33.0356349)
365319961,2501,supermarket,Hometown Iga #2,POINT (-117.0955849 32.6401684)
365319984,2501,supermarket,Food 4 Less,POINT (-117.2509145 33.1929312)
365320007,2501,supermarket,Ralphs,POINT (-117.038896 32.676575)
365320031,2501,supermarket,Market Place #204,POINT (-117.1175361 32.7495176)
365327846,2511,convenience,7-Eleven,POINT (-116.9057243 32.8334344)
365327854,2511,convenience,7-Eleven,POINT (-117.1021033 33.1135696)
365327858,2511,convenience,7-Eleven,POINT (-116.993241 32.642313)
365327863,2511,convenience,7-Eleven,POINT (-117.047775 32.554101)
365327872,2511,convenience,7-Eleven,POINT (-117.3016427 33.0649835)
365327879,2511,convenience,7-Eleven,POINT (-116.966267 32.800463)
365327894,2511,convenience,7-Eleven,POINT (-116.961534 32.763124)
365327898,2511,convenience,7-Eleven,POINT (-116.9612802 32.7295259)
365327902,2511,convenience,7-Eleven,POINT (-117.180297 32.817122)
365327911,2511,convenience,7-Eleven,POINT (-116.9004943 32.8609781)
365327920,2511,convenience,7-Eleven,POINT (-117.09992 33.158349)
365327924,2511,convenience,7-Eleven,POINT (-117.2796415 33.0365202)
365327928,2511,convenience,7-Eleven,POINT (-117.2094062 32.7500269)
365327937,2511,convenience,7-Eleven,POINT (-117.1052989 32.5833837)
365327946,2511,convenience,7-Eleven,POINT (-117.2460145 32.798286)
365327953,2511,convenience,7-Eleven,POINT (-116.97922 32.794693)
365327976,2511,convenience,7-Eleven,POINT (-117.058311 33.130742)
365327983,2511,convenience,7-Eleven,POINT (-117.080108 32.64545)
365327992,2511,convenience,7-Eleven,POINT (-116.966295 32.780746)
365327995,2511,convenience,7-Eleven,POINT (-117.2539937 32.8056506)
365328001,2511,convenience,7-Eleven,POINT (-117.073368 32.681565)
365328011,2511,convenience,7-Eleven,POINT (-116.9831611 32.8311612)
365328167,2511,convenience,7-Eleven,POINT (-117.128601 32.762696)
365328173,2511,convenience,7-Eleven,POINT (-116.9838746 32.8548504)
365328183,2511,convenience,7-Eleven,POINT (-117.362651 33.175353)
365328189,2511,convenience,7-Eleven,POINT (-117.09854 32.678502)
365328198,2511,convenience,7-Eleven,POINT (-117.053806 32.57418)
365328203,2511,convenience,7-Eleven,POINT (-117.08377 33.131263)
365328208,2511,convenience,7-Eleven,POINT (-117.084474 32.583488)
365328215,2511,convenience,7-Eleven,POINT (-117.367331 33.18443)
365328224,2511,convenience,7-Eleven,POINT (-117.2811461 33.0192044)
365328228,2511,convenience,7-Eleven,POINT (-116.962675 32.787997)
365328231,2511,convenience,7-Eleven,POINT (-116.9217728 32.8626651)
365328239,2511,convenience,7-Eleven,POINT (-117.057284 32.617343)
365328241,2511,convenience,7-Eleven,POINT (-117.0330437 32.7608951)
365328258,2511,convenience,7-Eleven,POINT (-117.083819 32.617635)
365328264,2511,convenience,7-Eleven,POINT (-117.149661 33.1454406)
365328268,2511,convenience,7-Eleven,POINT (-117.2549988 32.7941989)
365328272,2511,convenience,7-Eleven,POINT (-117.051871 32.600478)
365328277,2511,convenience,7-Eleven,POINT (-117.086657 33.134231)
365328306,2511,convenience,7-Eleven,POINT (-117.1454271 32.9048684)
365328310,2511,convenience,7-Eleven,POINT (-117.2283213 32.8023308)
365328314,2511,convenience,7-Eleven,POINT (-117.1246934 33.1549453)
365328317,2511,convenience,7-Eleven,POINT (-117.2978689 33.2376228)
365328334,2511,convenience,7-Eleven,POINT (-117.1406053 32.7153608)
365328338,2511,convenience,7-Eleven,POINT (-117.055726 33.1446991)
365328342,2511,convenience,7-Eleven,POINT (-117.0589535 32.7461227)
365328345,2511,convenience,7-Eleven,POINT (-117.1439395 32.7548486)
365328349,2511,convenience,7-Eleven,POINT (-117.2446082 33.2215087)
365328354,2511,convenience,7-Eleven,POINT (-117.2572123 33.0465898)
365328365,2511,convenience,7-Eleven,POINT (-117.09281 33.13614)
365328373,2511,convenience,7-Eleven,POINT (-116.951286 32.818698)
365328377,2511,convenience,7-Eleven,POINT (-116.9277811 32.7452344)
365328381,2511,convenience,7-Eleven,POINT (-117.044176 32.55861)
365328390,2511,convenience,7-Eleven,POINT (-117.1750022 32.7735046)
365328398,2511,convenience,7-Eleven,POINT (-117.0181446 32.7787701)
365328402,2511,convenience,7-Eleven,POINT (-116.959515 32.819525)
365328406,2511,convenience,7-Eleven,POINT (-117.0200792 32.671641)
365328410,2511,convenience,7-Eleven,POINT (-117.1080951 32.9512344)
365328413,2511,convenience,7-Eleven,POINT (-117.20767 33.1317663)
365328418,2511,convenience,7-Eleven,POINT (-117.1297548 32.5836745)
365328422,2511,convenience,7-Eleven,POINT (-116.946802 32.861088)
365328429,2511,convenience,7-Eleven,POINT (-117.232356 33.210704)
365328437,2511,convenience,7-Eleven,POINT (-117.138524 32.7487391)
365328443,2511,convenience,7-Eleven,POINT (-117.08585 32.620851)
365328446,2511,convenience,7-Eleven,POINT (-117.0895225 32.9774909)
365328455,2511,convenience,7-Eleven,POINT (-117.247107 32.949507)
365328458,2511,convenience,7-Eleven,POINT (-117.0567674 32.7667923)
365328462,2511,convenience,7-Eleven,POINT (-117.193547 32.797057)
365328465,2511,convenience,7-Eleven,POINT (-117.0781089 32.63776)
365328476,2511,convenience,7-Eleven,POINT (-117.246295 33.053325)
365328481,2511,convenience,7-Eleven,POINT (-117.160622 32.739036)
365328490,2511,convenience,7-Eleven,POINT (-117.088293 32.749278)
365328493,2511,convenience,7-Eleven,POINT (-117.246769 33.1672312)
365328510,2511,convenience,7-Eleven,POINT (-117.247084 32.949148)
365328520,2511,convenience,7-Eleven,POINT (-117.1973403 32.7652358)
365328542,2511,convenience,7-Eleven,POINT (-117.091952 32.638273)
365328556,2511,convenience,7-Eleven,POINT (-117.215586 32.804259)
365328568,2511,convenience,7-Eleven,POINT (-117.0924114 32.7556653)
365328577,2511,convenience,7-Eleven,POINT (-117.1620994 32.7467744)
365328598,2511,convenience,7-Eleven,POINT (-117.0906816 33.0051451)
365328607,2511,convenience,7-Eleven,POINT (-117.1935503 33.1507087)
365328622,2511,convenience,7-Eleven,POINT (-117.2346064 32.7995506)
365328629,2511,convenience,7-Eleven,POINT (-117.073227 32.660269)
365328636,2511,convenience,7-Eleven,POINT (-117.129336 32.727878)
365328643,2511,convenience,7-Eleven,POINT (-117.081067 32.610573)
365328658,2511,convenience,7-Eleven,POINT (-117.119159 32.763593)
365328669,2511,convenience,7-Eleven,POINT (-117.294118 33.045791)
365328677,2511,convenience,7-Eleven,POINT (-117.033674 32.782378)
365328684,2511,convenience,7-Eleven,POINT (-117.117483 32.9619287)
365328693,2511,convenience,7-Eleven,POINT (-117.039148 32.605689)
365328702,2511,convenience,7-Eleven,POINT (-117.3593736 33.2081193)
365328709,2511,convenience,7-Eleven,POINT (-117.2389152 33.0381032)
365328715,2511,convenience,7-Eleven,POINT (-116.9952748 32.8032953)
365328722,2511,convenience,7-Eleven,POINT (-117.0265696 32.7747166)
365328743,2511,convenience,7-Eleven,POINT (-116.8697258 33.0408851)
365328765,2511,convenience,7-Eleven,POINT (-117.159554 32.716594)
365328791,2511,convenience,7-Eleven,POINT (-117.087081 32.672127)
365328803,2511,convenience,7-Eleven,POINT (-116.917985 32.726805)
365328814,2511,convenience,7-Eleven,POINT (-117.149257 32.748675)
365328823,2511,convenience,7-Eleven,POINT (-117.0847214 32.6903195)
365328835,2511,convenience,7-Eleven,POINT (-117.0629888 32.9617688)
365328848,2511,convenience,7-Eleven,POINT (-117.07518 33.0168929)
365328857,2511,convenience,7-Eleven,POINT (-117.10533 32.5761597)
365328868,2511,convenience,7-Eleven,POINT (-117.047358 32.7682849)
365328876,2511,convenience,7-Eleven,POINT (-117.2265914 32.7520119)
365328886,2511,convenience,7-Eleven,POINT (-117.093547 32.663983)
365328899,2511,convenience,7-Eleven,POINT (-117.1297689 32.7570324)
365328911,2511,convenience,7-Eleven,POINT (-117.108062 32.7231487)
365328917,2511,convenience,7-Eleven,POINT (-117.079292 32.576172)
365328923,2511,convenience,7-Eleven,POINT (-117.006782 32.7363179)
365328927,2511,convenience,7-Eleven,POINT (-117.2353277 32.7437437)
365328935,2511,convenience,7-Eleven,POINT (-117.2235609 32.7533359)
365328948,2511,convenience,7-Eleven,POINT (-117.034019 32.7423195)
365328953,2511,convenience,7-Eleven,POINT (-117.0785525 32.5647223)
365328957,2511,convenience,7-Eleven,POINT (-117.2877993 33.1951193)
365328962,2511,convenience,7-Eleven,POINT (-117.0003667 32.8382026)
365328969,2511,convenience,7-Eleven,POINT (-117.251756 33.37686)
368170929,2505,department_store,North County Regional Center San Diego County Law Library,POINT (-117.2550357 33.1919813)
371170407,2505,department_store,Target,POINT (-117.1505136 32.7679184)
373075520,2505,department_store,Target,POINT (-118.258652 34.1429497)
375393681,2501,supermarket,99 Ranch Market,POINT (-118.465299 34.1880845)
402945367,2511,convenience,Claro's Italian Market,POINT (-118.0862094 34.0806137)
433110819,2501,supermarket,Ralphs,POINT (-119.2162359 34.1770427)
439826034,2501,supermarket,Tehran Market,POINT (-118.488516 34.0273728)
441983637,2505,department_store,TJ Maxx,POINT (-119.176818 34.2347172)
444159684,2501,supermarket,Trader Joe's,POINT (-117.2173712 32.736068)
448035985,2501,supermarket,Sprouts,POINT (-117.2469667 32.7987241)
448803339,2511,convenience,The Store at Buchanan,POINT (-119.8446974 34.4156123)
448863568,2511,convenience,UCSB Campus Store,POINT (-119.8482593 34.4117597)
451025875,2511,convenience,The Corner Store,POINT (-119.8478257 34.411781)
451964738,2501,supermarket,Sprouts Farmers Market,POINT (-117.2387789 33.0749554)
452816020,2511,convenience,EasyMart,POINT (-119.2706893 34.2642795)
454079483,2511,convenience,Chevron,POINT (-116.78043 32.8416212)
454844002,2501,supermarket,Ocean Beach People's Organic Food Market,POINT (-117.242901 32.7495327)
457359176,2501,supermarket,Stater Bros.,POINT (-117.0568568 33.995763)
457367894,2511,convenience,ampm,POINT (-117.0576116 33.9934397)
457370070,2511,convenience,Chevron,POINT (-117.0565529 33.9928393)
457403249,2511,convenience,Circle K,POINT (-117.0568424 33.9936924)
457415708,2501,supermarket,Groceries for Less,POINT (-117.0610138 34.0048356)
457719552,2511,convenience,County Cork,POINT (-117.0578123 33.993913)
457748641,2511,convenience,Calimesa Drive Thru Dairy,POINT (-117.0599343 33.9996171)
457748645,2511,convenience,C & H Liquor,POINT (-117.0620886 34.0044841)
467861362,2501,supermarket,Lazy Acres,POINT (-119.7216572 34.4002857)
467874261,2501,supermarket,Vons,POINT (-119.723794 34.4025023)
470881984,2511,convenience,Famima,POINT (-118.2509637 34.0520632)
470894217,2501,supermarket,Ralphs,POINT (-118.2608354 34.0455899)
471293427,2501,supermarket,Ralphs,POINT (-117.9601612 33.819545)
471293428,2501,supermarket,Stater Bros.,POINT (-117.9579726 33.8242583)
471299654,2511,convenience,7-Eleven,POINT (-118.0278216 33.8102175)
477129019,2505,department_store,Nordstrom,POINT (-117.2131293 32.8709254)
500594533,2505,department_store,Ross,POINT (-118.1182893 33.8595091)
506871849,2511,convenience,Company of Angels school store,POINT (-117.9406137 33.6593322)
530754630,2501,supermarket,Nielsen's,POINT (-120.1268783 34.6001435)
530764048,2511,convenience,7-Eleven,POINT (-117.1688936 32.7255823)
530764099,2501,supermarket,Mona Lisa,POINT (-117.1691081 32.726261)
537193217,2511,convenience,Arrow Liquor,POINT (-117.7933772 34.1015596)
539321032,2511,convenience,The Copper Lamp,POINT (-118.0036145 34.1514994)
539321036,2511,convenience,7-Eleven,POINT (-118.0078632 34.1508814)
550366762,2505,department_store,Pangaea Outpost,POINT (-117.2532349 32.7968389)
556218782,2511,convenience,Arco,POINT (-118.063985 33.9894323)
560374099,2511,convenience,7-Eleven,POINT (-117.9094003 33.9760544)
560374100,2511,convenience,Chevron,POINT (-117.909158 33.9766237)
565329534,2511,convenience,Mobil,POINT (-118.038132 34.0366255)
565513431,2511,convenience,7-Eleven,POINT (-117.166342 32.720787)
566387419,2511,convenience,7-Eleven,POINT (-118.3155035 34.2601185)
566468186,2511,convenience,Mr. D's,POINT (-117.0191607 32.7650657)
572572143,2511,convenience,Arco,POINT (-117.4034603 34.2237944)
572572147,2511,convenience,Shell,POINT (-117.4028321 34.2241177)
572572194,2511,convenience,7-Eleven,POINT (-117.360445 34.1916076)
574181744,2511,convenience,,POINT (-117.2014069 34.0463363)
574838404,2501,supermarket,Food 4 Less,POINT (-117.224976 34.0651461)
576992706,2511,convenience,Gulf,POINT (-118.123268 34.0782779)
577032096,2501,supermarket,US Supermarket,POINT (-118.1131332 34.0783087)
579354911,2511,convenience,7-Eleven,POINT (-118.0526223 34.0784233)
579354925,2511,convenience,76,POINT (-118.0468226 34.0770355)
580751411,2511,convenience,76,POINT (-118.000031 34.0514289)
580751561,2511,convenience,Shell,POINT (-117.97527 34.0348258)
583031847,2511,convenience,,POINT (-118.1727227 34.0599944)
583573357,2511,convenience,7-Eleven,POINT (-117.0958508 34.0335305)
584865710,2505,department_store,Ross,POINT (-117.0685346 34.0359857)
588149661,2511,convenience,Circle K,POINT (-117.592998 34.1219656)
588149667,2501,supermarket,Stater Bros.,POINT (-117.5925666 34.1341172)
588191790,2505,department_store,Burlington,POINT (-117.548736 34.0738835)
588191797,2511,convenience,Shell,POINT (-117.550721 34.0765628)
588191815,2511,convenience,Chevron,POINT (-117.545882 34.0767726)
592813801,2501,supermarket,Bristol Markets,POINT (-116.3891806 33.7569289)
595759505,2501,supermarket,Albertsons,POINT (-116.3054403 33.7426752)
595997786,2511,convenience,7-Eleven,POINT (-117.2453881 33.2121526)
596016608,2505,department_store,Walmart,POINT (-116.990308 32.8423055)
596020924,2511,convenience,Circle K,POINT (-117.341094 33.217938)
596030433,2501,supermarket,Liva Food Distributor,POINT (-117.06431 32.568926)
596039463,2505,department_store,Marshalls,POINT (-116.9722618 32.8065215)
596071778,2511,convenience,76,POINT (-116.983094 32.83171)
596095044,2501,supermarket,Cash & Carry Italian Market,POINT (-117.1682448 32.7237164)
596125839,2511,convenience,7-Eleven,POINT (-116.9783958 32.7471679)
596140109,2511,convenience,Speedway,POINT (-117.202013 32.8316018)
596157069,2505,department_store,Marshalls,POINT (-117.0521 32.6401807)
596161862,2501,supermarket,Smart & Final Extra!,POINT (-116.974953 32.8081859)
596198639,2505,department_store,Macy's,POINT (-117.066313 32.657965)
596199536,2511,convenience,,POINT (-116.9426975 32.8628048)
596230612,2511,convenience,Z Mart,POINT (-117.348235 33.21384)
596252602,2511,convenience,ARCO,POINT (-116.9629678 32.8185081)
596273414,2511,convenience,Speedway,POINT (-116.9618648 32.8187459)
596327872,2501,supermarket,Northgate Market,POINT (-117.0781888 32.74713)
596335189,2511,convenience,Kim's Liquor,POINT (-117.129873 32.726697)
596377200,2501,supermarket,PESCADOS Y MARISCOS,POINT (-117.080051 32.608312)
596421640,2501,supermarket,Major Market Grocery Store,POINT (-117.2528639 33.3753813)
596429698,2501,supermarket,Ralphs,POINT (-117.075652 32.9810455)
596446006,2501,supermarket,Smart & Final,POINT (-117.0658731 32.5939906)
596457751,2501,supermarket,Grocery Outlet,POINT (-117.198481 33.147664)
596465477,2511,convenience,7-Eleven,POINT (-117.0972297 32.7900207)
596524679,2511,convenience,Top Fuel,POINT (-117.066189 32.60718)
596526426,2501,supermarket,Stater Bros.,POINT (-117.333352 33.226474)
596544388,2511,convenience,ampm,POINT (-117.074713 32.5943616)
596551194,2511,convenience,7-Eleven,POINT (-117.1397376 32.804725)
596577873,2501,supermarket,Barons Market,POINT (-117.222341 32.7534505)
596667155,2501,supermarket,Smart & Final,POINT (-117.1220552 32.9154869)
596672894,2511,convenience,7-Eleven,POINT (-117.0472399 32.755579)
596680018,2511,convenience,,POINT (-117.0009797 32.7516822)
596708417,2511,convenience,Holiday Market,POINT (-117.1248315 32.7394027)
596713724,2501,supermarket,Garcia's Puebla Mercado,POINT (-116.932525 32.7977353)
596723673,2511,convenience,7-Eleven,POINT (-117.0141933 32.7551183)
596741196,2501,supermarket,Corner Liquor,POINT (-117.1215448 32.7632306)
596750171,2528,greengrocer,Just Peachy Market,POINT (-117.305011 33.071716)
596750552,2511,convenience,Speedway,POINT (-116.945034 32.7880119)
596761918,2511,convenience,Chevron Food Mart,POINT (-117.2417919 33.146038)
596802559,2505,department_store,Target,POINT (-117.293228 33.247039)
596804423,2511,convenience,Cloverleaf Market,POINT (-117.1702896 32.7373782)
596834496,2511,convenience,USA Gasoline,POINT (-117.098098 32.790141)
596839293,2511,convenience,ExtraMile,POINT (-116.9615269 32.5685226)
596896179,2501,supermarket,Food Bowl Market,POINT (-117.1289514 32.7220617)
596905604,2016,market_place,Kenwood Market,POINT (-116.9902178 32.7458434)
596920544,2511,convenience,,POINT (-117.0019152 32.7511547)
596922335,2505,department_store,Ross,POINT (-117.29247 33.244313)
596942349,2505,department_store,JCPenney,POINT (-117.066543 32.655783)
596943098,2501,supermarket,Trader Joe's,POINT (-117.074986 32.982014)
596987936,2511,convenience,Mesa Mart,POINT (-117.15748 32.8012872)
597002895,2501,supermarket,Northgate Market,POINT (-117.1457621 32.6985822)
597022846,2505,department_store,Target,POINT (-117.1510149 32.8164498)
597024807,2505,department_store,Ross,POINT (-117.054775 32.741754)
597037925,2511,convenience,Express Fuel,POINT (-117.328069 33.226623)
597040449,2501,supermarket,99 Ranch Market,POINT (-117.1607905 32.8335766)
597045670,2501,supermarket,Sprouts Farmers Market,POINT (-116.9934841 32.8374079)
597050915,2505,department_store,GTM,POINT (-116.995533 32.840655)
597057014,2511,convenience,Chevron,POINT (-117.357021 33.2138869)
597068631,2016,market_place,National City Swap Meet,POINT (-117.0943881 32.6561717)
597168703,2505,department_store,Target,POINT (-117.128943 32.748369)
597171590,2511,convenience,7-Eleven,POINT (-117.3286549 33.1865582)
604970583,2505,department_store,Macy's,POINT (-116.3971011 33.7236526)
604970584,2505,department_store,JCPenney,POINT (-116.3928042 33.7236571)
607813307,2511,convenience,76,POINT (-118.153439 34.0316582)
608957448,2511,convenience,76,POINT (-118.291986 34.0692525)
609065230,2511,convenience,7-Eleven,POINT (-118.3033681 34.0692294)
614037517,2511,convenience,,POINT (-118.2213266 34.0719018)
614037522,2511,convenience,76,POINT (-118.220036 34.0729235)
614042926,2511,convenience,Shell,POINT (-118.207495 34.0735162)
614131294,2511,convenience,Shell,POINT (-118.187944 34.0859145)
617849838,2501,supermarket,Hankook Korean Market,POINT (-118.2480204 34.2295029)
617854895,2511,convenience,,POINT (-118.2395444 34.2160448)
617855272,2501,supermarket,Ralphs,POINT (-118.236819 34.2232947)
617872067,2501,supermarket,Lotte Market,POINT (-118.2239344 34.21619)
618441755,2501,supermarket,Ralphs,POINT (-118.1313255 34.1489747)
619045738,2501,supermarket,Sprouts Farmers Market,POINT (-117.260776 33.0447942)
620048249,2511,convenience,Chevron,POINT (-118.555815 34.0388953)
627181492,2501,supermarket,Co-opportunity Market,POINT (-118.4827547 34.0243189)
630044934,2511,convenience,Alameda Fuel,POINT (-118.2196673 33.888908)
630347870,2501,supermarket,Trader Joe's,POINT (-120.4209 34.9380455)
633179952,2511,convenience,Shell,POINT (-118.29063 33.8318934)
634032214,2511,convenience,7-Eleven,POINT (-118.2980305 33.7818646)
642708989,2505,department_store,Bloomingdale's,POINT (-118.4925513 34.0135508)
648508441,2501,supermarket,Ralphs,POINT (-119.803846 34.4359096)
648613536,2511,convenience,Indo China Market,POINT (-119.8670757 34.4296881)
654739924,2511,convenience,Sunshine Market,POINT (-117.1951184 32.833846)
662579499,2511,convenience,Slo Asian Market,POINT (-120.6571498 35.2839549)
663001961,2501,supermarket,Trader Joe's,POINT (-116.3965765 33.7274855)
663913193,2505,department_store,Ross,POINT (-118.0803385 34.1505768)
671782461,2501,supermarket,Trader Joe's,POINT (-119.728945 34.4389102)
677280656,2501,supermarket,Ralphs,POINT (-117.687623 33.6474401)
692114391,2511,convenience,Woodside Market,POINT (-119.0097903 34.2106893)
692175543,2501,supermarket,,POINT (-118.9868467 34.226259)
701686401,2501,supermarket,Trader Joe's,POINT (-117.156097 33.5288349)
701702656,2511,convenience,Valero,POINT (-118.203172 33.8745344)
702449429,2511,convenience,76,POINT (-118.198294 33.7755663)
702449431,2511,convenience,Supreme Liquor Jr. Market,POINT (-118.197823 33.7751477)
703647788,2511,convenience,Chevron,POINT (-118.188937 33.7895803)
703647850,2511,convenience,76,POINT (-118.197843 33.7901403)
705742848,2511,convenience,Dolphin Market,POINT (-118.1010273 33.7371522)
708330326,2511,convenience,7-Eleven,POINT (-118.0688704 33.716163)
726925190,2501,supermarket,Trader Joe's,POINT (-117.0057306 32.7791359)
726930817,2505,department_store,Macy's,POINT (-117.0117918 32.7780279)
728122630,2511,convenience,Mobil,POINT (-118.081246 34.0110129)
740421419,2511,convenience,Arco,POINT (-118.063948 34.0520505)
740421459,2511,convenience,Shell,POINT (-118.064693 34.0515189)
740421460,2501,supermarket,Siêu Thi Thuân Phát El Monte Superstore,POINT (-118.063463 34.059963)
740421733,2511,convenience,Mobil,POINT (-118.065148 34.0629899)
741072304,2511,convenience,7-Eleven,POINT (-118.0733063 34.113062)
747641212,2511,convenience,Chevron,POINT (-117.575212 34.0328191)
757182297,2511,convenience,Cecy's Market,POINT (-118.300791 34.0951193)
757239551,2511,convenience,La Providencia Market,POINT (-118.2876342 34.0955913)
757327034,2501,supermarket,El C Lollo Meat Market,POINT (-118.275498 34.0769216)
761881884,2501,supermarket,Windmill Farms,POINT (-117.0596437 32.7839251)
761882353,2511,convenience,ExtraMile,POINT (-117.061462 32.7828653)
764082286,2511,convenience,Chevron,POINT (-117.699716 33.4671857)
764896177,2511,convenience,7-Eleven,POINT (-117.691859 33.5424736)
764946394,2501,supermarket,Albertsons,POINT (-117.6461601 33.5624303)
765486080,2505,department_store,Marshalls,POINT (-117.181298 32.8211266)
766271740,2511,convenience,Kwik Stops,POINT (-117.1293596 32.7413396)
766274739,2511,convenience,Ray's Liquor,POINT (-117.1289806 32.737264)
771567447,2501,supermarket,Del Mar Supermarket,POINT (-118.0986244 34.0620933)
774192247,2501,supermarket,Arcadia Supermarket,POINT (-118.0530946 34.1272822)
775205719,2501,supermarket,Albertsons,POINT (-119.5119971 34.3949057)
775861524,2501,supermarket,Ralphs,POINT (-118.8235355 34.1634591)
780633184,2501,supermarket,Grocery Outlet,POINT (-117.997761 34.0398355)
789325432,2501,supermarket,Albertsons,POINT (-117.717662 33.5282882)
796698640,2511,convenience,Shell,POINT (-117.7237153 33.5582926)
797948340,2501,supermarket,Stater Bros.,POINT (-117.7317358 33.6081853)
800031220,2505,department_store,JCPenney,POINT (-117.06426 33.0695717)
803017370,2501,supermarket,T.S. Emporium,POINT (-118.1236641 34.0623032)
805610612,2501,supermarket,Hawaii Supermarket,POINT (-118.0988599 34.0792536)
813634432,2501,supermarket,Stater Bros.,POINT (-117.6679394 35.6350987)
814446945,2511,convenience,76,POINT (-117.83775 33.855871)
820215768,2501,supermarket,Trader Joe's,POINT (-117.5062534 33.8111592)
822324582,2511,convenience,Palomar General Store,POINT (-116.8655837 33.3142063)
822412299,2511,convenience,Mobil Mart,POINT (-114.6248011 34.8510606)
834107036,2511,convenience,Arco,POINT (-117.3666472 33.6840393)
835997659,2501,supermarket,Albertsons,POINT (-117.1004202 33.4821656)
838089308,2505,department_store,Ross,POINT (-117.663575 33.4969582)
845627280,2501,supermarket,Frazier Farms,POINT (-117.2459335 33.1976992)
846262878,2501,supermarket,Super A Foods,POINT (-118.0750065 34.1012115)
846402962,2511,convenience,7-Eleven,POINT (-117.0930052 33.4819424)
848733259,2511,convenience,Market,POINT (-116.4119167 35.0730841)
852777077,2501,supermarket,Smart & Final,POINT (-118.1509388 34.1527364)
856085038,2505,department_store,Burlington,POINT (-118.055214 34.1257216)
856085047,2511,convenience,7-Eleven,POINT (-118.0550447 34.128606)
857725076,2511,convenience,American Gas - Mini Mart,POINT (-118.0507293 34.0988332)
857725109,2511,convenience,Baldwin Gas & Food Mart,POINT (-118.0485115 34.0904634)
857781265,2511,convenience,7-Eleven,POINT (-118.0427725 34.0672914)
857781288,2511,convenience,,POINT (-118.0428833 34.0657294)
858012926,2511,convenience,Mobil,POINT (-118.049496 34.0408761)
859558838,2511,convenience,Chevron,POINT (-118.078574 34.0166542)
859559022,2511,convenience,76,POINT (-118.084216 34.0018481)
859559131,2501,supermarket,Food 4 Less,POINT (-118.0883925 34.0018252)
862963225,2505,department_store,Marshalls,POINT (-118.099241 33.9823687)
864089059,2511,convenience,Arco,POINT (-118.124236 33.9967604)
869418717,2511,convenience,7-Eleven,POINT (-118.108304 33.7882509)
878251837,2511,convenience,Hazit,POINT (-117.1239818 33.4722602)
878924549,2511,convenience,7-Eleven,POINT (-118.1491595 34.0680467)
880566869,2511,convenience,Country Liquor,POINT (-118.6374864 34.0373536)
884226019,2511,convenience,Malibu Ranch Market,POINT (-118.819055 34.0171575)
897648426,2511,convenience,76,POINT (-119.160276 34.1965346)
898832805,2511,convenience,Mobil,POINT (-119.157837 34.2224569)
900587735,2511,convenience,76,POINT (-119.266789 34.2733888)
902322532,2501,supermarket,Albertsons,POINT (-118.287919 34.1088413)
902322542,2511,convenience,7-Eleven,POINT (-118.2913752 34.105215)
902322555,2501,supermarket,Jon's Marketplace,POINT (-118.2926464 34.1001798)
902353384,2511,convenience,Kwiki Mart,POINT (-119.2872877 34.2784952)
902740201,2511,convenience,Valero,POINT (-119.294377 34.2785003)
904058042,2511,convenience,,POINT (-119.2900531 34.3260566)
904625389,2511,convenience,Shell,POINT (-119.2999505 34.4006103)
904625479,2511,convenience,Thrifty Gas Station,POINT (-119.300029 34.3983342)
904625560,2511,convenience,Circle K,POINT (-119.2894544 34.4226352)
921662787,2501,supermarket,Stater Bros.,POINT (-117.219024 33.163037)
922120602,2511,convenience,General Store Co-Op,POINT (-117.239955 32.8772281)
928670437,2501,supermarket,El Tapatio Market,POINT (-117.45522 33.9419162)
928670572,2501,supermarket,Cardenas,POINT (-117.455547 33.9451026)
928670577,2501,supermarket,Food 4 Less,POINT (-117.453369 33.927576)
928693054,2505,department_store,Ross,POINT (-117.4608972 33.9133945)
928693137,2501,supermarket,Walmart Supercenter,POINT (-117.4553945 33.9371231)
928701152,2505,department_store,JCPenney,POINT (-118.259183 34.1440551)
929792280,2505,department_store,Ross,POINT (-117.2659599 33.065417)
934134981,2501,supermarket,Ralphs,POINT (-118.07553 34.1512877)
936119248,2511,convenience,7-Eleven,POINT (-118.1523846 34.0875667)
938551265,2511,convenience,7-Eleven,POINT (-118.336518 34.0910473)
938901616,2505,department_store,Macy's,POINT (-118.0517513 34.1334304)
938901618,2505,department_store,JCPenney,POINT (-118.0506784 34.1363964)
938901619,2505,department_store,Nordstrom,POINT (-118.0524219 34.1353707)
939272544,2501,supermarket,Trader Joe's,POINT (-118.3443578 34.0691676)
940358510,2511,convenience,A&G Food Mart,POINT (-118.3456724 34.0586006)
942076158,2505,department_store,Target,POINT (-118.0856589 34.1469237)
942076204,2501,supermarket,Smart & Final,POINT (-118.0832932 34.1466662)
942830211,2501,supermarket,Stater Bros.,POINT (-117.0526065 34.0353277)
943347768,2501,supermarket,Stater Bros.,POINT (-117.487558 33.9160206)
943353228,2501,supermarket,Stater Bros.,POINT (-117.4730212 33.8971255)
943353907,2501,supermarket,Ralphs,POINT (-117.4715996 33.8954112)
943356324,2501,supermarket,Albertsons,POINT (-117.436339 33.9098993)
943363812,2505,department_store,Big Lots,POINT (-117.4128432 33.9448316)
943369589,2505,department_store,dd's Discounts,POINT (-117.455168 33.9409375)
943378231,2501,supermarket,Food 4 Less,POINT (-117.3469037 33.9738463)
943390313,2501,supermarket,Ralphs,POINT (-117.3943342 33.9592269)
943398059,2501,supermarket,Stater Bros.,POINT (-117.3281711 33.9141018)
943402481,2501,supermarket,Sprouts Farmers Market,POINT (-117.3233769 33.9139778)
955368323,2511,convenience,,POINT (-117.1464348 32.7592781)
955373182,2511,convenience,Bud's Liquor,POINT (-117.1460968 32.7607476)
955373366,2511,convenience,Summer's Liquor,POINT (-117.1464308 32.7611446)
956932003,2511,convenience,Texaco,POINT (-118.449464 35.1426802)
957107122,2511,convenience,Chevron,POINT (-118.413633 35.1272922)
957107248,2511,convenience,,POINT (-118.4346717 35.1302326)
957107365,2511,convenience,Chevron,POINT (-118.446229 35.1316787)
957482077,2511,convenience,Love's,POINT (-118.408018 35.1260996)
961008565,2511,convenience,Mountain Village,POINT (-118.452687 35.1323033)
961013146,2511,convenience,Old Town Liquor,POINT (-117.1453075 33.4901861)
964338334,2511,convenience,Chris' Market,POINT (-117.1207367 32.7418131)
964338340,2511,convenience,,POINT (-117.1242905 32.7418356)
964344366,2501,supermarket,Parkside Foods,POINT (-117.1246588 32.7390674)
966307864,2511,convenience,Pacific Liquor,POINT (-117.1307161 32.7550915)
967626945,2501,supermarket,Stater Bros.,POINT (-117.2434166 33.2203403)
967634897,2505,department_store,Target,POINT (-117.2151587 33.1687066)
974336751,2505,department_store,Target,POINT (-117.2291078 33.136486)
975338710,2505,department_store,Kohl's,POINT (-117.2981904 33.1792978)
978789049,2511,convenience,Jawbone Canyon Store,POINT (-118.006213 35.2958928)
983913335,2511,convenience,,POINT (-117.674297 35.6046899)
984142594,2511,convenience,Shell,POINT (-118.617656 34.4899972)
986082260,2511,convenience,Don's Gas / Market,POINT (-118.9450593 34.821477)
988350466,2511,convenience,7-Eleven,POINT (-117.1385701 33.4788535)
989105051,2501,supermarket,Superior Grocers,POINT (-118.0524514 34.0618345)
989711453,2511,convenience,Adams' Pack Station,POINT (-118.0228268 34.1948541)
993419753,2511,convenience,Village Market,POINT (-120.6590916 35.3069008)
994133462,2511,convenience,Arco,POINT (-116.075161 35.2646088)
994248733,2511,convenience,7-Eleven,POINT (-120.660305 35.2913913)
1001375378,2501,supermarket,Trader Joe's,POINT (-117.218354 33.1701533)
1009389232,2501,supermarket,Trader Joe's,POINT (-117.3318769 33.1840258)
1011108775,2501,supermarket,GW Supermarket,POINT (-118.1348382 34.067228)
1011125373,2501,supermarket,USG Supermarket,POINT (-118.1175646 34.0623299)
1013282858,2511,convenience,Grace Liquor,POINT (-118.1873448 33.9521609)
1013283125,2511,convenience,Toad's Liquor,POINT (-118.1825792 33.9491751)
1028758788,2511,convenience,7-Eleven,POINT (-118.4830231 34.0126451)
1036344326,2501,supermarket,7-Eleven,POINT (-118.311887 34.0986146)
1036344355,2511,convenience,Cigarettes4Less,POINT (-118.3061042 34.0985724)
1040770752,2501,supermarket,Whole Foods Market,POINT (-118.3608414 34.0915358)
1041279967,2501,supermarket,Vince's Market,POINT (-118.253779 34.1139738)
1043355273,2501,supermarket,Stater Bros.,POINT (-117.209334 33.8917222)
1066791124,2501,supermarket,Major Marketplace,POINT (-117.221637 33.2954356)
1090501750,2501,supermarket,Super King,POINT (-118.4505628 34.2022394)
1095773680,2501,supermarket,Smart & Final,POINT (-117.0877682 33.1224729)
1097082683,2501,supermarket,Amazon Fresh,POINT (-118.869817 34.278026)
1097324132,2505,department_store,Burlington,POINT (-117.20422 32.8289399)
1098454659,2501,supermarket,Smart & Final,POINT (-118.309646 34.0879126)
1105779359,2501,supermarket,Stater Bros.,POINT (-116.4184287 34.1211978)
1106835565,2501,supermarket,,POINT (-117.9346321 33.9898366)
1109831813,2511,convenience,Shell,POINT (-117.907152 34.1212716)
1111079853,2511,convenience,7-Eleven,POINT (-118.1253892 34.0339341)
1111148742,2505,department_store,Burlington,POINT (-117.2146081 33.1722416)
1140353878,2511,convenience,,POINT (-119.658835 35.6154847)
1144975506,2511,convenience,Mobil,POINT (-117.592549 34.0187781)
1145238379,2501,supermarket,Sprouts Farmers Market,POINT (-118.216452 34.1356634)
1145325468,2511,convenience,7-Eleven,POINT (-117.576581 34.0477327)
1148739281,2511,convenience,Baci's Vera Villa Market,POINT (-117.6326668 33.9571874)
1158471096,2511,convenience,7-Eleven,POINT (-117.5497614 34.105532)
1165054394,2501,supermarket,Greenhills Market & Fast Food,POINT (-117.6072896 34.0291623)
1165054545,2511,convenience,Vineyard Car Wash,POINT (-117.6104103 34.0288799)
1165054664,2511,convenience,Arco,POINT (-117.611328 34.0294113)
1165054700,2505,department_store,FAMSA,POINT (-117.612437 34.0294588)
1165054768,2505,department_store,American Freight,POINT (-117.607288 34.0294319)
1167574731,2511,convenience,Arrow & Grove Market & Liquor,POINT (-117.6283052 34.0996552)
1178385099,2511,convenience,Cordons Market,POINT (-118.2425138 34.2133496)
1178385353,2501,supermarket,,POINT (-118.2491174 34.2221326)
1178385450,2501,supermarket,Smart & Final,POINT (-118.274765 34.2461924)
1185824726,2511,convenience,Circle K,POINT (-116.7799153 33.9181324)
1190949946,2511,convenience,Main Country Liquor Deli,POINT (-116.7826654 33.9170006)
1193620593,2501,supermarket,Old Town Market,POINT (-120.4431452 34.8653609)
1201313390,2511,convenience,,POINT (-116.8520313 33.8501181)
1203012803,2511,convenience,Pine Cove Gas & Market,POINT (-116.7391586 33.7585781)
1203451946,2511,convenience,Rainbow Oaks Country Market,POINT (-117.1586672 33.4132389)
1214271974,2511,convenience,am pm,POINT (-117.1276816 33.1979487)
1221410263,2511,convenience,,POINT (-116.1819846 33.5696244)
1224094960,2511,convenience,Chevron,POINT (-118.028137 34.069386)
1231853214,2016,market_place,Irvine Farmers Market,POINT (-117.8312696 33.6332796)
1231853217,2016,market_place,Irvine Farmers Market at Historic Park,POINT (-117.7857169 33.730202)
1231986596,2528,greengrocer,Fairfax Market,POINT (-117.9174254 33.8077507)
1231986700,2528,greengrocer,Bayou Country Fruit Cart,POINT (-117.9219802 33.8124015)
1233313359,2511,convenience,UCLA Hill Top Store,POINT (-118.4508935 34.0723934)
1233397047,2511,convenience,,POINT (-117.9596716 33.8588072)
1233397286,2511,convenience,7-Eleven,POINT (-117.959846 33.8663531)
1233397300,2511,convenience,,POINT (-117.9589287 33.8588406)
1233397827,2501,supermarket,,POINT (-117.9573837 33.859883)
1234340501,2511,convenience,7-Eleven,POINT (-117.8989545 33.932507)
1234340553,2501,supermarket,Ralphs,POINT (-117.902639 33.9188241)
1234468325,2511,convenience,ampm,POINT (-117.880963 33.8184841)
1242598100,2501,supermarket,Ralphs,POINT (-118.6432392 34.1542319)
1247205836,2501,supermarket,Stater Bros.,POINT (-117.121872 33.5923887)
1257266321,2511,convenience,Bombay Bazaar,POINT (-117.1239743 32.8954164)
1264853120,2528,greengrocer,Winchester Farms Marketplace,POINT (-117.0757872 33.7224762)
1269940019,2511,convenience,Five and Dime General Store,POINT (-117.1950971 32.7527318)
1274361043,2511,convenience,7-Eleven,POINT (-118.3296603 34.1044397)
1274889705,2501,supermarket,Ralphs,POINT (-120.826836 35.3112768)
1280332993,2511,convenience,7-Eleven,POINT (-118.091241 34.0986889)
1293326615,2501,supermarket,Ralphs,POINT (-118.3679456 34.1400528)
1295131161,2511,convenience,Chevron,POINT (-117.1935993 34.1361476)
1296806026,2501,supermarket,Albertsons,POINT (-120.41729 34.8635741)
1296875498,2511,convenience,7-Eleven,POINT (-120.4193289 34.8655654)
1296875507,2501,supermarket,Spencer's Fresh Markets,POINT (-120.4358303 34.8952856)
1298157814,2511,convenience,Chevron,POINT (-117.2178868 33.7819806)
1298545398,2511,convenience,,POINT (-116.4365147 32.9792606)
1304346625,2511,convenience,Rocket,POINT (-117.9146396 33.8175956)
1313213720,2501,supermarket,Stater Bros.,POINT (-117.951912 33.670883)
1326188042,2511,convenience,,POINT (-117.2615582 33.9175543)
1333487407,2511,convenience,Mobil,POINT (-117.336732 33.9760301)
1335188617,2511,convenience,,POINT (-117.5719925 34.4258578)
1336514330,2511,convenience,,POINT (-117.3677504 34.0384447)
1336514558,2511,convenience,,POINT (-117.3674283 34.0374987)
1337616247,2501,supermarket,Stater Bros.,POINT (-117.331506 34.5201818)
1339197354,2511,convenience,Mobil,POINT (-117.324869 34.0666316)
1343105062,2511,convenience,Shell,POINT (-117.340305 33.9833054)
1348747767,2501,supermarket,Albertsons,POINT (-119.826197 34.4407952)
1348747780,2501,supermarket,Trader Joe's,POINT (-119.8250202 34.4407421)
1349777217,2511,convenience,Valero,POINT (-117.18566 33.7147205)
1350170307,2511,convenience,Shell,POINT (-117.215893 33.7869232)
1351008869,2505,department_store,Big Lots,POINT (-119.2196973 34.1768456)
1351020578,2511,convenience,,POINT (-117.2051439 32.8549645)
1353398300,2505,department_store,Target,POINT (-117.383687 34.4244908)
1357773801,2511,convenience,Shell,POINT (-117.32364 34.0334497)
1363218973,2511,convenience,Food Mart,POINT (-117.647481 34.4426432)
1364078880,2511,convenience,K&S Market,POINT (-117.0667545 33.1292357)
1367636109,2511,convenience,76,POINT (-117.254599 33.8414945)
1368118940,2511,convenience,Chevron,POINT (-117.2434381 33.8453936)
1370499198,2511,convenience,Elkhorn General Store,POINT (-116.9101271 34.0857985)
1374300865,2505,department_store,JCPenney,POINT (-117.349473 34.4723253)
1377433725,2511,convenience,Easter Market,POINT (-117.1564348 33.9177232)
1380549829,2501,supermarket,Stater Bros.,POINT (-117.348279 34.428241)
1385337830,2511,convenience,Rock View Drive-Thru Convenience Store,POINT (-117.1742029 34.0532353)
1388247084,2505,department_store,Ross,POINT (-117.0970336 33.1096875)
1392829737,2501,supermarket,Albertsons,POINT (-117.1713725 34.0484855)
1394403008,2511,convenience,Lena's Liquor,POINT (-117.0687958 33.1323914)
1399431829,2501,supermarket,Stater Bros.,POINT (-117.9111323 33.8983315)
1404163933,2511,convenience,Food Mart,POINT (-117.0702549 33.0701491)
1407504588,2511,convenience,7-Eleven,POINT (-117.3664149 33.8825792)
1419660412,2501,supermarket,Grocery Outlet,POINT (-118.0725605 34.1294968)
1419803118,2511,convenience,Bob's,POINT (-118.4033159 34.0288144)
1421616629,2505,department_store,JCPenney,POINT (-117.886911 33.9166759)
1421616637,2505,department_store,Nordstrom,POINT (-117.8882045 33.9157764)
1424377560,2501,supermarket,Numero Uno Market,POINT (-118.2684904 33.9598407)
1439087735,2501,supermarket,Mother's Market,POINT (-117.8804903 33.9125846)
1441596484,2528,greengrocer,Eduardo Produce,POINT (-117.1013569 33.1213165)
1442259145,2528,greengrocer,Pala Rey Produce,POINT (-117.1292339 33.3435829)
1445188439,2511,convenience,Quik Korner,POINT (-117.0820088 33.1113423)
1445215680,2511,convenience,,POINT (-117.2042009 32.8550399)
1446003019,2501,supermarket,Sprouts Farmers Market,POINT (-117.080649 33.1080924)
1446005419,2505,department_store,Kohl's,POINT (-117.1239273 33.1348211)
1446005420,2505,department_store,Walmart,POINT (-117.1234722 33.1357328)
1446007176,2505,department_store,Ross,POINT (-117.2314142 32.8664085)
1451194434,2501,supermarket,H Mart,POINT (-117.1223639 32.9187594)
1451219574,2505,department_store,Ross,POINT (-117.1200366 32.9146382)
1455142812,2505,department_store,Kohl's,POINT (-116.2875383 33.7118077)
1455156391,2501,supermarket,Stater Bros.,POINT (-116.293035 33.7155469)
1458411197,2505,department_store,Marshalls,POINT (-117.2312872 32.8650144)
1458412353,2511,convenience,,POINT (-116.9172856 34.2410273)
1459173596,2505,department_store,TJ Maxx,POINT (-117.2031881 32.8320007)
1459183735,2505,department_store,Ross,POINT (-117.2031749 32.829605)
1469734576,2501,supermarket,Lassens Natural Foods & Vitamins,POINT (-119.803473 34.4367215)
1474038151,2501,supermarket,Smart & Final,POINT (-118.6201209 34.1677656)
1475531211,2511,convenience,Rosa's Market - Deli,POINT (-117.4012769 34.1428984)
1478446826,2511,convenience,Cielo Store,POINT (-119.8227506 34.5117047)
1483210923,2528,greengrocer,Mortimer's Market,POINT (-117.919092 33.8082886)
1485252127,2511,convenience,Soto's Market,POINT (-121.082037 35.5640208)
1485703332,2511,convenience,Old Cambria Market Place,POINT (-121.1022563 35.5687673)
1488265978,2511,convenience,Speedway,POINT (-117.454535 33.9346436)
1488768779,2528,greengrocer,Tomorrowland Fruit Cart,POINT (-117.9171676 33.8119787)
1489068975,2511,convenience,7-Eleven,POINT (-117.460717 33.9466601)
1489068994,2511,convenience,7-Eleven,POINT (-117.4548578 33.9339907)
1489069004,2511,convenience,7-Eleven,POINT (-117.4477629 33.919212)
1489216626,2511,convenience,7-Eleven,POINT (-117.491661 33.9233058)
1499580747,2511,convenience,Quality Market Liquor,POINT (-117.1393354 32.7608408)
1499609739,2511,convenience,Qwik Korner,POINT (-117.0798279 33.1353996)
1509392983,2505,department_store,Macy's,POINT (-117.1468514 32.7688827)
1513006666,2505,department_store,Burlington,POINT (-118.625674 34.18764)
1513006669,2505,department_store,Walmart,POINT (-118.62528 34.1881762)
1514589804,2501,supermarket,Trader Joe's,POINT (-118.3796094 34.0880565)
1527196023,2501,supermarket,Sprouts Farmers Market,POINT (-117.889389 33.9189987)
1532946643,2505,department_store,Kohl's,POINT (-118.6249306 34.1912596)
1572256454,2510,general,97 cent Plus,POINT (-119.1830031 34.1480037)
1572256459,2511,convenience,J&K Food Mart,POINT (-119.1826866 34.1480037)
1572266505,2505,department_store,Marshalls,POINT (-119.1530008 34.2251856)
1572272085,2501,supermarket,Walmart Supercenter,POINT (-119.1615129 34.2200752)
1572272096,2505,department_store,Ross,POINT (-119.1616879 34.2226659)
1575113770,2501,supermarket,Stater Bros.,POINT (-116.0971482 34.134271)
1575165463,2511,convenience,Historic Plaza Liquor Store,POINT (-116.0551118 34.151034)
1576266142,2511,convenience,Circle K,POINT (-117.0241297 32.9777185)
1579064035,2511,convenience,7-Eleven,POINT (-118.1254236 33.8613943)
1579237771,2511,convenience,Midway Mini Market,POINT (-117.0555064 33.1445285)
1586489008,2511,convenience,7 Day Mart,POINT (-118.1247618 33.8656912)
1586571056,2501,supermarket,Smart & Final,POINT (-117.063645 32.9507169)
1586571118,2511,convenience,Circle K,POINT (-117.063002 32.9522081)
1616177857,2511,convenience,Aztec Market & Convenience Store,POINT (-117.0739338 32.7761963)
1618242985,2511,convenience,7-Eleven,POINT (-116.1812265 33.6757233)
1618253806,2501,supermarket,Save-A-Lot,POINT (-116.1829995 33.6866778)
1618253809,2501,supermarket,,POINT (-116.1812641 33.6744778)
1619641902,2528,greengrocer,L & G Desert Store,POINT (-116.2162792 33.6861934)
1619663214,2016,market_place,Coachella Indoor Swapmeet,POINT (-116.1828782 33.687794)
1620345458,2501,supermarket,Walmart Supercenter,POINT (-116.281073 33.703645)
1629231484,2501,supermarket,Mitsuwa Marketplace,POINT (-118.4335247 34.0051047)
1634477787,2511,convenience,The Quarter Market,POINT (-117.7197339 34.0953863)
1636171763,2511,convenience,ampm,POINT (-116.294204 33.7165006)
1654012034,2501,supermarket,Trader Joe's,POINT (-118.4439469 34.0621165)
1656456682,2501,supermarket,Gelson's,POINT (-119.735372 34.439347)
1658487411,2505,department_store,Sears,POINT (-117.2697392 33.9377955)
1658487903,2505,department_store,JCPenney,POINT (-117.2722497 33.9380358)
1658488021,2505,department_store,Macy's,POINT (-117.2734621 33.9389615)
1659685749,2511,convenience,,POINT (-118.915147 35.2663663)
1659685781,2511,convenience,Fastrip,POINT (-118.9140134 35.26166)
1659685806,2501,supermarket,County Fair Market,POINT (-118.913783 35.2603549)
1659685812,2511,convenience,,POINT (-118.9149977 35.2598991)
1666897138,2501,supermarket,Albertsons,POINT (-118.0690713 34.1626916)
1672090651,2501,supermarket,Smart & Final,POINT (-118.39026 33.8518733)
1691272018,2511,convenience,Superstar Food Market,POINT (-118.885163 34.818448)
1707761086,2511,convenience,76,POINT (-118.52708 34.2352278)
1711798084,2511,convenience,Baywood Market,POINT (-120.8412023 35.3283691)
1711811935,2501,supermarket,Trader Joe's,POINT (-118.4214045 34.0299222)
1732625320,2501,supermarket,Stater Bros.,POINT (-117.9094934 34.0771636)
1741918092,2505,department_store,Saks Off 5th,POINT (-117.147585 32.7708542)
1743950592,2511,convenience,Circle K,POINT (-117.0748087 33.0232626)
1743954601,2511,convenience,Shell,POINT (-117.060489 33.0183236)
1750227776,2511,convenience,Circle K,POINT (-116.297099 33.716727)
1769129666,2501,supermarket,Sprouts Farmers Market,POINT (-119.036844 34.235462)
1771061777,2501,supermarket,Sprouts Farmers Market,POINT (-118.3936984 34.0277643)
1772279897,2511,convenience,,POINT (-117.8074646 34.1036485)
1773140074,2511,convenience,Sinclair,POINT (-116.2306767 33.727695)
1773956672,2501,supermarket,Foods Co,POINT (-120.437607 34.93507)
1773962721,2501,supermarket,FoodMaxx,POINT (-120.434285 34.9152589)
1773963248,2501,supermarket,FoodMaxx,POINT (-120.4339279 34.9744208)
1773976089,2505,department_store,Kohl's,POINT (-120.4370615 34.9148019)
1774209022,2505,department_store,JCPenney,POINT (-120.437633 34.9377687)
1774209506,2505,department_store,Macy's,POINT (-120.435042 34.9516464)
1774642014,2505,department_store,Target,POINT (-120.4337552 34.9230865)
1779971314,2511,convenience,Melody Mini Market,POINT (-120.4355393 34.882785)
1779996439,2505,department_store,Ross,POINT (-120.4323712 34.9207714)
1780000059,2511,convenience,7-Eleven,POINT (-120.436617 34.9250599)
1780010557,2511,convenience,Corner Liquor/Food Store,POINT (-117.050714 33.1364231)
1781243215,2501,supermarket,Vallarta,POINT (-120.436089 34.9745511)
1781247405,2511,convenience,7-Eleven,POINT (-120.4350459 34.9724753)
1781276395,2511,convenience,7-Eleven,POINT (-120.4360973 34.9630381)
1781278523,2016,market_place,Broadway Discount Center,POINT (-120.4345899 34.960796)
1781278529,2501,supermarket,La Princesa Market,POINT (-120.435416 34.9624556)
1782117635,2511,convenience,7-Eleven,POINT (-120.453356 34.940885)
1782118398,2511,convenience,7 Stars Food Store,POINT (-120.4533302 34.9389977)
1782341355,2511,convenience,7-Eleven,POINT (-120.445285 34.949152)
1782756512,2511,convenience,7-Eleven,POINT (-117.608114 33.4203752)
1782785267,2505,department_store,Ross,POINT (-117.3322784 33.1827194)
1783734628,2501,supermarket,El Super,POINT (-118.1962954 34.1186297)
1784138228,2511,convenience,Garden Isle,POINT (-118.0031784 33.6656848)
1785628879,2501,supermarket,Albertsons,POINT (-118.5566385 34.4623278)
1796489473,2501,supermarket,Ralphs,POINT (-118.4439456 34.0633324)
1796489475,2505,department_store,Target,POINT (-118.443724 34.0627169)
1797842694,2511,convenience,7-Eleven,POINT (-117.9620201 33.6501613)
1809707850,2501,supermarket,Major Market,POINT (-117.0752148 33.1009336)
1813223536,2511,convenience,AJ Grocery Express,POINT (-120.4444533 34.9534606)
1813316535,2501,supermarket,Albertsons,POINT (-117.679369 35.6449202)
1813316569,2511,convenience,1-Stop Market,POINT (-117.6701477 35.648123)
1816864888,2501,supermarket,Albertsons,POINT (-120.68083 35.616678)
1816864891,2505,department_store,Kohl's,POINT (-120.6848279 35.6141456)
1816864892,2505,department_store,Walmart,POINT (-120.6816742 35.6124485)
1824028243,2501,supermarket,Lassen's Natural Food & Vitamins,POINT (-120.435654 34.9276796)
1829326108,2501,supermarket,Center Market,POINT (-116.3800057 33.2575622)
1829361396,2501,supermarket,Trader Joe's,POINT (-117.658887 33.5925609)
1830100158,2511,convenience,7-Eleven,POINT (-118.3163101 34.1741334)
1830431560,2501,supermarket,Albertsons,POINT (-117.6861051 33.4750479)
1832305764,2505,department_store,Target,POINT (-118.393933 33.9991214)
1833777977,2511,convenience,Chevron,POINT (-117.066441 33.0679992)
1833777990,2505,department_store,Target,POINT (-117.065386 33.0699065)
1834875846,2511,convenience,Shell Food Mart,POINT (-117.1620333 32.7503154)
1834884861,2511,convenience,Hills Wine and Spirits,POINT (-117.169179 32.7496545)
1839193834,2501,supermarket,Bristol Farms,POINT (-118.3677271 33.7696554)
1847715003,2511,convenience,ampm,POINT (-117.8805438 33.9103814)
1858239861,2528,greengrocer,Downtown Market,POINT (-119.7094893 34.4268139)
1884458542,2501,supermarket,Balboa International Market,POINT (-117.1780049 32.8189215)
1895798278,2501,supermarket,Ralphs,POINT (-118.3109876 33.8300147)
1895798279,2511,convenience,7-Eleven,POINT (-118.318133 33.8942577)
1897562819,2501,supermarket,Ralphs,POINT (-118.3395852 34.1840627)
1899473045,2511,convenience,7-Eleven,POINT (-118.426108 34.2415986)
1900632301,2505,department_store,Kohl's,POINT (-118.4685457 34.3927664)
1902175919,2501,supermarket,Trader Joe's,POINT (-118.326466 34.1000166)
1912313370,2501,supermarket,Market at Seventh College,POINT (-117.242098 32.8875979)
1924395742,2511,convenience,7-Eleven,POINT (-118.605801 34.2575856)
1932402430,2501,supermarket,Boba Tea House,POINT (-118.5277448 34.2351727)
1938323239,2510,general,Blackwell's Corner General Store,POINT (-119.868393 35.6143232)
1942065031,2016,market_place,,POINT (-118.7972847 34.4035274)
1942066656,2016,market_place,,POINT (-118.8241237 34.4006274)
1949785344,2501,supermarket,Whole Foods Market,POINT (-118.447068 34.0612088)
1950137470,2511,convenience,7-Eleven,POINT (-118.116836 33.858934)
1952134910,2501,supermarket,Stater Bros.,POINT (-117.8827593 34.129528)
1956746514,2501,supermarket,Smart & Final Extra!,POINT (-117.908062 34.1347425)
1956746562,2511,convenience,7-Eleven,POINT (-117.8811447 34.1294866)
1956776715,2501,supermarket,Vons,POINT (-117.871569 34.1373253)
1959564382,2511,convenience,Larry's Deli,POINT (-116.5553594 33.8556692)
1960764992,2511,convenience,Banner Store,POINT (-116.5474641 33.0684606)
1974494879,2501,supermarket,Trader Joe's,POINT (-117.1539752 32.74976)
1974497233,2501,supermarket,Whole Foods Market,POINT (-117.1580989 32.7481447)
1975817460,2501,supermarket,Ralphs,POINT (-118.3081363 34.102296)
1976083772,2505,department_store,Sears,POINT (-116.3938631 33.7229618)
1999508500,2501,supermarket,Trader Joe's,POINT (-117.0747179 33.1000685)
2001906764,2505,department_store,Ross,POINT (-118.1320437 34.1379808)
2004789314,2511,convenience,SLO Beverage 'n More,POINT (-120.670827 35.2693739)
2019146272,2501,supermarket,99c,POINT (-118.5479703 34.4194938)
2021525173,2501,supermarket,Food 4 Less,POINT (-118.17356 34.6905767)
2026766420,2501,supermarket,Galleria Market - Galleria Vermont,POINT (-118.290934 34.0655794)
2033292785,2505,department_store,JCPenney,POINT (-116.96583 32.8049486)
2035836712,2505,department_store,Marshalls,POINT (-118.171277 34.691651)
2040290004,2511,convenience,ExtraMile,POINT (-118.1654874 34.7035528)
2046124267,2511,convenience,7-Eleven,POINT (-120.4369305 34.9388237)
2048544112,2511,convenience,Ukranian Market,POINT (-118.490687 34.0255436)
2048544130,2511,convenience,7-Eleven,POINT (-118.495461 34.0209613)
2049031818,2511,convenience,7-Eleven,POINT (-117.1681108 32.7165752)
2052221119,2505,department_store,Macy's,POINT (-118.5597868 34.4152454)
2108763830,2511,convenience,Mega Dollar,POINT (-117.1163808 32.7631732)
2135520169,2511,convenience,Tupacks,POINT (-118.079088 34.7041604)
2140731742,2501,supermarket,Walmart Neighborhood Market,POINT (-120.45276 34.9481768)
2140731780,2501,supermarket,La Perla Market,POINT (-120.4533505 34.9516904)
2149991009,2511,convenience,YK Market,POINT (-120.5743595 34.9675178)
2163515963,2501,supermarket,H Mart,POINT (-118.298541 34.0633764)
2163606665,2511,convenience,Trimana,POINT (-118.251005 34.0480735)
2169219434,2501,supermarket,Cookie Crock Market,POINT (-121.0919261 35.5631923)
2178030689,2501,supermarket,Super A,POINT (-118.2360136 34.1033676)
2178031334,2501,supermarket,Super King,POINT (-118.2430678 34.1096481)
2180326244,2511,convenience,Collins Market,POINT (-120.2815655 34.7439541)
2184917998,2501,supermarket,Trader Joe's,POINT (-118.0121045 34.1380129)
2196474411,2511,convenience,7-Eleven,POINT (-120.656785 35.284176)
2229328054,2501,supermarket,Los Osos Mexican Market,POINT (-120.832629 35.3118622)
2247292250,2511,convenience,7-Eleven,POINT (-117.09203 32.9624567)
2247860156,2016,market_place,Hollywood Farmers Market,POINT (-118.328298 34.0997432)
2252356588,2511,convenience,Mobil Mart,POINT (-119.038598 35.3544159)
2272909079,2511,convenience,yummy.com,POINT (-118.3407752 34.0920181)
2272911526,2511,convenience,Yummy.com,POINT (-118.2769065 34.0903077)
2272915652,2501,supermarket,yummy.com,POINT (-118.4223595 33.9731821)
2285787884,2505,department_store,Saks Fifth Avenue,POINT (-118.4047133 34.0667669)
2285787888,2505,department_store,Saks Fifth Avenue,POINT (-118.4037143 34.0667622)
2293634623,2511,convenience,Savage Spirits & Deli,POINT (-120.691678 35.635903)
2295140340,2511,convenience,7-Eleven,POINT (-117.9026829 34.133957)
2318548747,2501,supermarket,Trader Joe's,POINT (-118.3933469 34.1429858)
2321350593,2511,convenience,Rocket,POINT (-116.923983 32.8740051)
2331415425,2501,supermarket,Smart & Final Extra!,POINT (-117.282203 33.0465296)
2353019120,2511,convenience,Vale,POINT (-117.284996 33.0478173)
2356232654,2511,convenience,Primo's,POINT (-118.419923 35.758482)
2356753208,2501,supermarket,Sierra Gateway Market,POINT (-118.418772 35.758069)
2357393883,2510,general,Dam Korner Store,POINT (-118.474601 35.627191)
2360938599,2501,supermarket,Whole Foods Market,POINT (-119.1795642 34.2401492)
2373956215,2501,supermarket,Albertsons,POINT (-117.8886283 33.8312813)
2374406813,2505,department_store,Ross,POINT (-117.9190001 33.7723887)
2383837471,2511,convenience,7-Eleven,POINT (-120.664281 35.278003)
2386564633,2505,department_store,Big Lots,POINT (-117.939827 33.8019146)
2386564635,2501,supermarket,Food 4 Less,POINT (-117.9377578 33.8020061)
2401021993,2501,supermarket,,POINT (-120.6956261 35.7537719)
2406529085,2016,market_place,Los Angeles Mall (closed forever),POINT (-118.2408525 34.0542041)
2410136084,2511,convenience,Dacha,POINT (-118.3960242 34.1679362)
2416628450,2511,convenience,Riverside Market,POINT (-117.372111 33.9882863)
2423520776,2501,supermarket,Whole Foods Market,POINT (-119.7452961 34.4394341)
2428265554,2528,greengrocer,Tustin Farmers Market,POINT (-117.8234126 33.7434561)
2429753714,2501,supermarket,Stehly Farms Market,POINT (-117.2016863 32.7714723)
2432921187,2501,supermarket,Super A Foods,POINT (-118.2013052 34.1198066)
2454599380,2511,convenience,,POINT (-115.7208641 33.6611555)
2461998175,2501,supermarket,Bob's Market,POINT (-118.4670218 34.0121025)
2481778311,2501,supermarket,Grocery Outlet,POINT (-120.697887 35.5124176)
2481778456,2505,department_store,Big Lots,POINT (-120.697068 35.5110912)
2487341969,2511,convenience,Whitley Market,POINT (-118.3368736 34.105589)
2495673040,2511,convenience,Riviera Market,POINT (-119.703209 34.430767)
2509873488,2511,convenience,McGoo's Market,POINT (-115.3705808 33.7393426)
2519063114,2501,supermarket,Stater Bros.,POINT (-117.8177251 33.7889598)
2519472645,2510,general,Laguna Mountain Lodge,POINT (-116.4192678 32.8671575)
2524937426,2511,convenience,7-Eleven,POINT (-117.1802187 32.8172289)
2532878475,2501,supermarket,Ralphs,POINT (-118.256508 34.1644476)
2556102710,2501,supermarket,Trader Joe's,POINT (-117.1812162 34.0604619)
2561991030,2511,convenience,ampm,POINT (-117.22577 34.063382)
2561991039,2511,convenience,Anthem,POINT (-117.22662 34.0654319)
2572521836,2511,convenience,Golden Acorn Travel Center,POINT (-116.3547033 32.7015694)
2578244375,2501,supermarket,Ralphs,POINT (-118.290833 34.0317653)
2580087339,2501,supermarket,Jensen's,POINT (-117.2087379 34.2473097)
2592234966,2505,department_store,Walmart,POINT (-118.353416 33.8278373)
2592246303,2511,convenience,Tucker's Market,POINT (-118.3497236 33.7991441)
2600122806,2501,supermarket,Smart & Final Extra!,POINT (-120.693152 35.6365178)
2604505355,2511,convenience,E-Z Trip Food Store,POINT (-119.398326 35.4017411)
2604505367,2511,convenience,Travel Store,POINT (-119.3963114 35.4009897)
2620560321,2501,supermarket,La Tiendita,POINT (-117.2052704 32.8274466)
2622750158,2511,convenience,Bay Market,POINT (-118.4660468 33.9793044)
2623019150,2511,convenience,EZ Market,POINT (-118.4702973 34.1546969)
2636173063,2505,department_store,Mainside PX,POINT (-117.310478 33.3029814)
2643164829,2501,supermarket,Ralphs,POINT (-117.59212 34.0178788)
2643391588,2511,convenience,Lee's Market,POINT (-118.2808943 34.0336786)
2644804298,2501,supermarket,Sprouts Farmers Market,POINT (-117.645924 33.6542966)
2645046056,2501,supermarket,Trader Joe's,POINT (-116.970681 32.6522644)
2645046438,2505,department_store,TJ Maxx,POINT (-116.970584 32.6525625)
2645046476,2501,supermarket,Sprouts Farmers Market,POINT (-116.970096 32.6507513)
2646671868,2505,department_store,Ross,POINT (-118.3593008 33.8090711)
2649600532,2501,supermarket,Tokyo Central,POINT (-118.3527152 33.82492)
2649600562,2501,supermarket,Market World,POINT (-118.341167 33.8231996)
2652392633,2511,convenience,7-Eleven,POINT (-118.282924 33.7909523)
2658407058,2501,supermarket,Nijiya Market,POINT (-117.1539803 32.8142761)
2668105677,2511,convenience,Fullerton Dairy Alta Dena Certified Dairy,POINT (-117.9073382 33.8722837)
2681629433,2501,supermarket,Big Saver Foods,POINT (-118.1030018 34.0632749)
2687983137,2511,convenience,7-Eleven,POINT (-118.3766242 33.9767076)
2687983138,2511,convenience,7-Eleven,POINT (-118.3718604 34.0218762)
2697735084,2511,convenience,Food Mart,POINT (-118.3237385 34.054461)
2697735085,2511,convenience,Shell,POINT (-118.3087526 34.069351)
2697735086,2501,supermarket,HK Market,POINT (-118.308883 34.074174)
2697735244,2511,convenience,7-Eleven,POINT (-118.309577 34.0801347)
2698887828,2511,convenience,EZ Mart,POINT (-117.4253749 34.0057233)
2699515567,2501,supermarket,Ralphs,POINT (-117.226322 32.7285191)
2699610757,2511,convenience,7-Eleven,POINT (-118.435558 34.0496576)
2707561675,2511,convenience,Food Mart,POINT (-118.386966 33.9776964)
2709013346,2511,convenience,7-Eleven,POINT (-118.4162264 33.9305655)
2715023299,2511,convenience,Mobil Mart,POINT (-118.327061 34.0911711)
2715023304,2505,department_store,Target,POINT (-118.394411 33.9849802)
2715023502,2511,convenience,ampm,POINT (-118.3958505 33.9883968)
2715023630,2511,convenience,7-Eleven,POINT (-118.344057 34.0477036)
2715023631,2511,convenience,7-Eleven,POINT (-118.3553452 34.0977551)
2720342187,2511,convenience,7-Eleven,POINT (-116.8980634 34.2438936)
2730589380,2511,convenience,Joshua Market,POINT (-117.9743011 34.5427175)
2738810245,2511,convenience,Country Kwik Market & Deli,POINT (-117.7980598 34.0413792)
2751041651,2511,convenience,Buttonwillow Grocery,POINT (-119.4682837 35.3998026)
2751063438,2511,convenience,McKittrick Market,POINT (-119.6240376 35.3051668)
2772079846,2016,market_place,Altadena Farmer's Market,POINT (-118.1575822 34.2006316)
2773982874,2511,convenience,Wee Vill Market,POINT (-118.4574217 34.7744617)
2773986041,2511,convenience,Neenach Market,POINT (-118.5360026 34.7749235)
2789455453,2511,convenience,7-Eleven Store No. 23818,POINT (-117.2765884 34.243914)
2794026329,2501,supermarket,Walmart Neighborhood Market,POINT (-117.3749031 33.199721)
2807667380,2501,supermarket,Trader Joe's,POINT (-118.058037 33.8689672)
2807682445,2505,department_store,Marshalls,POINT (-118.0300711 33.832804)
2819134133,2501,supermarket,Walmart Neighborhood Market,POINT (-118.038726 33.845619)
2819355430,2505,department_store,Kohl's,POINT (-118.1615117 33.8310593)
2847597677,2511,convenience,Fawnskin Market,POINT (-116.9469479 34.2691878)
2875583535,2501,supermarket,Whole Foods Market,POINT (-118.072249 34.1510164)
2892741009,2511,convenience,7-Eleven,POINT (-118.375769 33.9601695)
2892741011,2501,supermarket,Whole Foods Market,POINT (-118.469738 34.0012423)
2902110661,2528,greengrocer,Okui’s Fruit Stand,POINT (-120.6166563 35.1088329)
2903681810,2511,convenience,Marina,POINT (-120.4630022 35.1923702)
2906160315,2501,supermarket,Nature's Health Food and Cafe,POINT (-116.528506 33.814211)
2906670177,2511,convenience,Valero,POINT (-117.976468 33.8465453)
2906670234,2511,convenience,7-Eleven,POINT (-117.9807962 33.8593984)
2926859301,2511,convenience,Riverside One Stop,POINT (-118.424903 35.753335)
2930475057,2511,convenience,Valley Stores,POINT (-118.3797669 34.150213)
2940058338,2501,supermarket,Trader Joe's,POINT (-118.1230626 33.7966967)
2944759499,2501,supermarket,Trader Joe's,POINT (-117.5954056 33.642285)
2950105459,2511,convenience,General Merchandise Store,POINT (-117.9998441 33.8438112)
2955459533,2501,supermarket,Albertsons,POINT (-118.469385 35.125645)
2959500086,2501,supermarket,Superior (market),POINT (-118.1667143 33.8556925)
2962302140,2501,supermarket,Trader Joe's,POINT (-117.652459 33.4594075)
2970866827,2501,supermarket,Vons,POINT (-118.4902012 34.0174149)
2978426465,2511,convenience,small world Gifts & Sundries,POINT (-117.9268839 33.8090788)
2984090085,2501,supermarket,Stater Bros.,POINT (-117.5602937 33.922669)
2992991694,2505,department_store,Ross,POINT (-117.0455159 32.5435548)
2992999511,2505,department_store,Western Apparel,POINT (-117.653162 33.5021343)
2993126505,2501,supermarket,Marbella Market,POINT (-117.6592451 33.5073665)
2993406188,2016,market_place,City Heights Market,POINT (-117.1015151 32.7478591)
3001839828,2511,convenience,Jerky,POINT (-118.1068209 33.8223953)
3009286590,2505,department_store,Big Lots,POINT (-120.4375837 34.9368492)
3015941762,2505,department_store,Ross,POINT (-118.1376769 33.7921611)
3017409364,2511,convenience,7-Eleven,POINT (-118.1061835 33.9016818)
3023778053,2501,supermarket,Sprouts Farmers Market,POINT (-117.20661 32.7476029)
3023778056,2505,department_store,TJ Maxx,POINT (-117.2048508 32.7477525)
3046966112,2501,supermarket,The Kebab Shop,POINT (-117.1215733 32.9190676)
3052318786,2501,supermarket,Loma Linda Market Juice Bar,POINT (-117.2595942 34.0508525)
3052536070,2511,convenience,ampm,POINT (-117.689388 33.9720282)
3052695500,2501,supermarket,99 Ranch Market,POINT (-117.7406913 34.0096175)
3052709216,2501,supermarket,Albertsons,POINT (-117.734328 34.0010634)
3060455018,2501,supermarket,Fresco Community Market,POINT (-118.183443 34.1048359)
3088537031,2505,department_store,TJ Maxx,POINT (-117.7491133 33.8655784)
3088537032,2505,department_store,Target,POINT (-117.747066 33.865535)
3097569841,2501,supermarket,Village Market,POINT (-120.467968 34.700461)
3104821993,2511,convenience,,POINT (-119.650413 35.6158049)
3109799538,2505,department_store,Target,POINT (-120.6990328 35.5838881)
3109799540,2505,department_store,Ross,POINT (-120.6987914 35.5847695)
3119817446,2511,convenience,7-Eleven,POINT (-118.2664375 34.0776853)
3129069055,2511,convenience,,POINT (-119.069103 34.2173665)
3129078791,2511,convenience,,POINT (-119.0702597 34.2162023)
3129352932,2016,market_place,San Marcos Market,POINT (-117.1698468 33.1446204)
3129845035,2501,supermarket,Smart & Final,POINT (-118.117734 33.8347955)
3129845038,2501,supermarket,Sprouts Farmers Market,POINT (-118.117745 33.8356956)
3130645788,2501,supermarket,Trader Joe's,POINT (-117.9925205 33.6924689)
3134614835,2511,convenience,Circle K,POINT (-117.8162021 33.6839932)
3137961994,2501,supermarket,Trader Joe's,POINT (-118.3798207 33.887547)
3146557159,2501,supermarket,Save Mart,POINT (-118.468393 35.1227278)
3181111952,2505,department_store,Macy's,POINT (-118.393571 33.9863817)
3181111956,2505,department_store,JCPenney,POINT (-118.391756 33.9865482)
3186044552,2505,department_store,Big Lots,POINT (-116.4573686 33.7793236)
3246986191,2511,convenience,7-Eleven,POINT (-119.038637 35.4174572)
3269938341,2511,convenience,Country Market Liquor,POINT (-116.5419715 34.0765263)
3269942265,2511,convenience,7-Eleven,POINT (-116.458194 34.115878)
3269947886,2511,convenience,Starr Market & Liquor,POINT (-116.4115652 34.1233898)
3269955588,2511,convenience,Sam's Market & Liquor,POINT (-116.3243271 34.1351877)
3276020021,2505,department_store,Ross,POINT (-117.9887412 33.8455496)
3279443705,2505,department_store,Ross,POINT (-117.9386309 33.8391791)
3285090865,2511,convenience,7-Eleven,POINT (-117.1621778 33.1444887)
3285182372,2501,supermarket,Ralphs,POINT (-117.166728 33.1306589)
3298795387,2511,convenience,Aztec Market & Convenience Store,POINT (-117.0703566 32.7756598)
3316151462,2511,convenience,Circle K,POINT (-116.3126398 34.1353424)
3316151465,2501,supermarket,JT Trading Post,POINT (-116.3168797 34.1352165)
3316151466,2016,market_place,Joshua Tree Fleamarket,POINT (-116.3171738 34.1352738)
3329381630,2501,supermarket,Aztec Market & Convenience Store,POINT (-117.068036 32.7724615)
3352632942,2501,supermarket,Pavilions,POINT (-117.6575 33.585968)
3357168874,2511,convenience,,POINT (-115.4660025 32.6933322)
3362770643,2016,market_place,Cherry Market,POINT (-118.1678896 33.785056)
3367416863,2505,department_store,JCPenney,POINT (-118.55622 34.4157246)
3367436539,2510,general,Lighthouse General Store,POINT (-116.9175585 34.2617796)
3372678068,2511,convenience,Mountain View Mini Mart,POINT (-119.0033799 34.8186786)
3384647299,2511,convenience,7-Eleven,POINT (-118.3431865 34.0978027)
3384976129,2511,convenience,John's Place and Market,POINT (-117.2424181 32.8784043)
3384976134,2511,convenience,Roger's Place and Market,POINT (-117.2422571 32.8745838)
3425722427,2501,supermarket,Stater Bros.,POINT (-117.1401034 34.0715538)
3445749908,2501,supermarket,Champion Provisions Co 冠軍食品,POINT (-118.1021421 34.0782644)
3445812621,2501,supermarket,Nijiya Market,POINT (-118.3167531 33.8661176)
3445816736,2501,supermarket,Nijiya Market,POINT (-117.9148389 33.99079)
3458890991,2511,convenience,ampm,POINT (-117.1754367 34.0557782)
3463184622,2505,department_store,Ross,POINT (-117.8874747 33.6952942)
3464175359,2511,convenience,,POINT (-117.9069302 33.6961629)
3464726755,2505,department_store,Ross,POINT (-119.8731328 34.4275413)
3466886616,2511,convenience,Deli Mart,POINT (-119.0752537 35.3837463)
3476995243,2511,convenience,7-Eleven,POINT (-118.0733198 34.1232911)
3477000380,2501,supermarket,Global Fresh Market,POINT (-118.0730234 34.1149585)
3477021781,2501,supermarket,TS Emporium,POINT (-118.0743766 34.0984731)
3477528943,2501,supermarket,Sprouts Farmers Market,POINT (-118.0740524 34.1472457)
3477546867,2511,convenience,Fine wine * Craft Beer,POINT (-118.0736313 34.1466485)
3477563423,2511,convenience,7-Eleven,POINT (-118.0739183 34.142473)
3485289563,2501,supermarket,Food 4 Less,POINT (-120.5957291 35.1288256)
3489981986,2501,supermarket,Trader Joe's,POINT (-117.821291 34.1036077)
3499335010,2501,supermarket,Stater Bros.,POINT (-117.5229986 33.8229165)
3507799463,2501,supermarket,Ralphs,POINT (-118.0640557 34.1053054)
3522696126,2511,convenience,Shell Beach Liquor & Deli,POINT (-120.6679447 35.1558209)
3523017345,2511,convenience,7-Eleven,POINT (-118.1167302 33.8465782)
3540328000,2511,convenience,,POINT (-117.2028809 32.7908252)
3561227371,2505,department_store,Total Fashion,POINT (-118.1533591 33.7812499)
3561883816,2501,supermarket,Trader Joe's,POINT (-118.3965106 33.9586411)
3567352434,2505,department_store,Marshalls,POINT (-117.6683788 35.6335072)
3567410562,2511,convenience,Sage Mart,POINT (-117.6880519 35.6367797)
3574951784,2511,convenience,La Tiendita Express,POINT (-117.6966845 33.6222054)
3577173162,2511,convenience,7-Eleven,POINT (-118.257228 34.0273247)
3584546934,2511,convenience,Tavern Rd Shell,POINT (-116.7810812 32.8412828)
3593677802,2511,convenience,7-Eleven,POINT (-118.0074931 33.7376045)
3624209230,2511,convenience,Circle K,POINT (-117.758879 33.9948363)
3666673309,2511,convenience,7-Eleven,POINT (-117.1599696 32.7158579)
3676644674,2501,supermarket,Ranch Market,POINT (-114.6125683 33.6119184)
3676880239,2511,convenience,7-Eleven,POINT (-117.685195 33.6478256)
3683209505,2511,convenience,Jensen's,POINT (-117.105387 34.2042129)
3688664126,2511,convenience,G Food Mart,POINT (-117.477415 33.9758807)
3696439853,2511,convenience,,POINT (-118.1692843 33.9033899)
3700666336,2505,department_store,Ross,POINT (-118.0113193 33.7614021)
3723880213,2511,convenience,7-Eleven,POINT (-117.339499 33.9773522)
3730695348,2501,supermarket,Seoul Korean Market,POINT (-118.230913 34.2189597)
3732293156,2501,supermarket,Liquors,POINT (-118.2245819 34.2051835)
3755316270,2016,market_place,Marina del Rey Farmers Market,POINT (-118.4589084 33.9793326)
3762163538,2511,convenience,Crossroads Marketplace,POINT (-117.2026381 32.8726837)
3763124364,2501,supermarket,Walmart Neighborhood Market,POINT (-117.995057 33.833236)
3769835969,2505,department_store,Burlington,POINT (-117.077351 32.7471368)
3776221787,2511,convenience,,POINT (-117.5749339 34.0341687)
3779274742,2501,supermarket,Superior Grocers,POINT (-117.9582938 34.0220378)
3783860101,2511,convenience,Oxxo,POINT (-115.4937812 32.6641782)
3785455269,2505,department_store,Target,POINT (-118.224087 34.1415053)
3790907971,2511,convenience,7-Eleven,POINT (-117.200168 32.7449491)
3800035750,2511,convenience,Food Mart,POINT (-118.308744 34.0171552)
3815256464,2511,convenience,ampm,POINT (-117.226355 33.2897545)
3823729166,2511,convenience,ExtraMile,POINT (-116.5013049 33.8835361)
3823766578,2511,convenience,ampm,POINT (-116.388988 33.8089315)
3825249428,2511,convenience,7-Eleven,POINT (-118.3500872 34.0839335)
3840262206,2511,convenience,Amazon Go,POINT (-118.606128 34.1687769)
3841947585,2505,department_store,Burlington,POINT (-118.877007 34.1839268)
3841947587,2505,department_store,Ross,POINT (-118.8742136 34.1832204)
3843911090,2501,supermarket,Ralphs,POINT (-118.9124168 34.1873839)
3843952229,2501,supermarket,Trader Joe's,POINT (-118.8691687 34.2189137)
3843957342,2501,supermarket,Trader Joe's,POINT (-118.8249784 34.1638993)
3844031631,2501,supermarket,Ralphs,POINT (-118.5214777 34.1626477)
3852390078,2505,department_store,Marshalls,POINT (-118.3421854 34.1017604)
3853946536,2505,department_store,La Mejor,POINT (-115.4955695 32.6657549)
3858275259,2511,convenience,,POINT (-117.1707081 32.7863312)
3861449028,2511,convenience,Hollywood Bazaar - Food Market,POINT (-118.336312 34.101767)
3869786467,2511,convenience,Highland Market,POINT (-118.3393654 34.1013914)
3874205358,2511,convenience,Circle K,POINT (-117.924039 33.8666324)
3877034830,2501,supermarket,Ralphs,POINT (-118.4390338 33.9799107)
3878771057,2505,department_store,Ross,POINT (-118.3433261 34.0974411)
3884002233,2501,supermarket,The Market By Buon Appetito,POINT (-117.1680298 32.7222755)
3884039864,2501,supermarket,Little Brazil Market,POINT (-117.1689169 32.7258822)
3884045602,2501,supermarket,Assenti's Pasta,POINT (-117.1694177 32.7259433)
3884274487,2501,supermarket,Food 4 Less,POINT (-118.3100256 34.0419614)
3884275116,2511,convenience,Lucky 98,POINT (-118.3043146 34.0437013)
3886901798,2511,convenience,,POINT (-118.596775 34.1787987)
3887073550,2511,convenience,7-Eleven,POINT (-118.6150991 34.1688321)
3890744013,2511,convenience,Market Express,POINT (-118.5968447 34.1862035)
3893005522,2501,supermarket,Everfresh Marketplace,POINT (-118.523875 34.1650948)
3893005524,2511,convenience,7-Eleven,POINT (-118.521704 34.1641368)
3898009494,2511,convenience,,POINT (-116.9962652 32.5675985)
3905714571,2511,convenience,Broadway Market,POINT (-118.2560662 34.0421045)
3905774489,2511,convenience,Chapman Market,POINT (-118.2541694 34.0436122)
3926508957,2501,supermarket,Fil Am Oriental Mart,POINT (-116.4577073 33.8011662)
3927825916,2501,supermarket,,POINT (-118.9292867 34.1861507)
3932988148,2501,supermarket,Walmart Supercenter,POINT (-117.266312 33.0691844)
3936304835,2511,convenience,Pier Market,POINT (-117.6196509 33.420082)
3939355466,2511,convenience,,POINT (-118.6053453 34.2030011)
3946673058,2511,convenience,7-Eleven,POINT (-117.0719716 34.0335493)
3947255864,2528,greengrocer,,POINT (-118.6061245 34.1957455)
3952878373,2501,supermarket,El Nopalito,POINT (-117.2801537 33.0370247)
3956135638,2501,supermarket,Trader Joe's,POINT (-118.6255657 34.1930814)
3956135642,2505,department_store,Ross,POINT (-118.6249028 34.1885015)
3960923712,2511,convenience,7-Eleven,POINT (-118.4034498 34.0201438)
3961399890,2511,convenience,7-Eleven,POINT (-118.6108236 34.2012401)
3961399901,2016,market_place,,POINT (-118.6089202 34.2007394)
3961992053,2511,convenience,India Sweets & Spices,POINT (-118.3955288 34.0255645)
3961992258,2511,convenience,Cali Market,POINT (-118.3964288 34.0252505)
3961992383,2511,convenience,Bahay Natin,POINT (-118.399107 34.0234988)
3961992396,2511,convenience,Kavita Grocery,POINT (-118.402135 34.0217983)
3964699233,2511,convenience,Seacliff Liquor,POINT (-118.0093349 33.6675077)
3967578956,2501,supermarket,Whole Foods Market,POINT (-118.2576698 34.0458779)
3999904512,2505,department_store,Ross,POINT (-118.3732974 33.9787767)
4003092379,2501,supermarket,Trader Joe's,POINT (-119.2489203 34.2714375)
4006285146,2511,convenience,7-Eleven,POINT (-118.2878383 34.1661092)
4012148245,2511,convenience,7-Eleven,POINT (-117.1007609 32.7815633)
4015581473,2501,supermarket,Trader Joe's,POINT (-118.4492798 34.0337202)
4030809745,2511,convenience,Oxxo,POINT (-116.97416 32.5464596)
4041808555,2511,convenience,ampm,POINT (-117.1214723 33.1310685)
4042233889,2511,convenience,ampm,POINT (-117.097229 33.1445619)
4042750601,2511,convenience,ampm,POINT (-117.0857586 33.1298412)
4042830815,2511,convenience,ampm,POINT (-116.090274 33.5702524)
4042851382,2505,department_store,Big Lots,POINT (-116.423731 34.1193137)
4043009089,2501,supermarket,Sprouts Farmers Market,POINT (-117.1906977 33.1405197)
4044488132,2511,convenience,The Post Market & Feed,POINT (-116.768694 32.7160669)
4045185005,2505,department_store,Ross,POINT (-117.1926791 33.1385658)
4045272189,2511,convenience,Campus Liquor,POINT (-117.1633876 33.1362353)
4045684689,2501,supermarket,WinCo Foods,POINT (-117.1763246 33.135105)
4045763092,2501,supermarket,San Marcos Market,POINT (-117.1658426 33.1436138)
4045898975,2511,convenience,ampm,POINT (-118.1461635 33.7601821)
4045905171,2511,convenience,ampm,POINT (-118.189748 33.819507)
4045929828,2511,convenience,ampm,POINT (-118.487374 34.0092677)
4045965700,2511,convenience,ampm,POINT (-118.3391051 34.0941069)
4047288897,2511,convenience,ampm,POINT (-117.8793031 33.8744036)
4047316839,2511,convenience,ampm,POINT (-117.8458858 34.0034773)
4047327242,2511,convenience,ampm,POINT (-117.887862 33.9958827)
4047361707,2511,convenience,ampm,POINT (-117.93243 33.9913412)
4047379719,2511,convenience,ampm,POINT (-118.070694 33.9949609)
4047382433,2511,convenience,ampm,POINT (-118.0829705 33.9668372)
4048140686,2501,supermarket,Albertsons,POINT (-117.224407 33.2185202)
4055232258,2501,supermarket,Clark's Nutrition and Natural Foods Markets,POINT (-117.2422101 34.0500768)
4055832781,2501,supermarket,,POINT (-118.8807016 34.2855673)
4055855104,2501,supermarket,,POINT (-118.8824236 34.2838421)
4055892576,2501,supermarket,Ralphs,POINT (-118.5983606 34.257992)
4063505926,2511,convenience,Food Mart,POINT (-117.1721621 33.1395994)
4064116269,2505,department_store,Ross,POINT (-117.2164836 33.1695063)
4064423805,2501,supermarket,Pala Mesa Market,POINT (-117.1620916 33.3326131)
4064504872,2511,convenience,,POINT (-118.6023924 34.2574719)
4064539857,2511,convenience,,POINT (-118.5883493 34.2503177)
4066132635,2501,supermarket,Vallarta,POINT (-119.1699361 34.2333331)
4069462829,2511,convenience,Sam's Liquour,POINT (-117.668093 33.6626835)
4071156825,2501,supermarket,Cardenas,POINT (-117.19527 33.5548652)
4075193947,2511,convenience,7-Eleven,POINT (-118.4171315 34.0134064)
4078868155,2511,convenience,7-Eleven,POINT (-118.4480074 34.2137409)
4082201453,2505,department_store,TJ Maxx,POINT (-117.083888 32.9804367)
4089002180,2528,greengrocer,CaliMex Family Market,POINT (-118.1843985 34.1223657)
4089377365,2505,department_store,Ross,POINT (-118.5560699 34.188209)
4091188311,2511,convenience,7-Eleven,POINT (-117.888926 33.8469778)
4093403024,2501,supermarket,Walmart Neighborhood Market,POINT (-118.947655 35.3533911)
4096326965,2511,convenience,Santee Court Market,POINT (-118.2504777 34.0423945)
4096771114,2511,convenience,Circle K,POINT (-119.327416 35.6009818)
4102982681,2511,convenience,7-Eleven,POINT (-118.5570995 34.2744438)
4104434830,2511,convenience,Kwik Mart,POINT (-118.5973621 34.2017353)
4104779436,2511,convenience,7-Eleven,POINT (-118.13351 33.8752263)
4104894911,2511,convenience,7-Eleven,POINT (-118.176032 33.8413866)
4106340189,2501,supermarket,Smart & Final,POINT (-120.6057461 35.1221903)
4107564331,2511,convenience,Pete's Market,POINT (-118.1781504 33.7751599)
4107564333,2511,convenience,7 Days Mart,POINT (-118.1765467 33.7750018)
4107665458,2511,convenience,Dollar Mart,POINT (-118.1679877 33.7755007)
4113561990,2511,convenience,7-Eleven,POINT (-118.309406 33.9023487)
4114862390,2501,supermarket,Bazaar,POINT (-118.5358 34.1792692)
4114862399,2511,convenience,Fancy Food,POINT (-118.5363996 34.1793138)
4114885191,2501,supermarket,Albertsons,POINT (-117.1515165 32.7117165)
4114933893,2511,convenience,7-Eleven,POINT (-118.5366111 34.1867869)
4115219491,2528,greengrocer,State Market,POINT (-119.2447418 35.7756838)
4115878941,2511,convenience,,POINT (-116.3937472 33.7211177)
4121132644,2501,supermarket,Ai Hoa Supermarket,POINT (-118.2387185 34.0640481)
4121132654,2511,convenience,Hill Street Cafe,POINT (-118.2390993 34.0632321)
4129399334,2501,supermarket,Mas Market,POINT (-118.2595938 34.1294568)
4132026875,2501,supermarket,,POINT (-118.091973 33.9918952)
4140129391,2528,greengrocer,India Sweets and Spices,POINT (-118.267128 34.1239783)
4143719189,2511,convenience,Santa Fe Liquor,POINT (-117.27971 33.0366507)
4148069421,2501,supermarket,Sabzee,POINT (-118.5132619 34.1616273)
4157154165,2501,supermarket,Grocery Outlet,POINT (-118.1184817 33.8592604)
4165586490,2510,general,Two Harbors General Store,POINT (-118.4989382 33.4414301)
4166608936,2511,convenience,Circle H Market,POINT (-118.269345 34.0799078)
4182185490,2501,supermarket,Greenspot Market,POINT (-117.0993453 34.0712263)
4202858214,2511,convenience,7-Eleven,POINT (-118.094295 34.1465436)
4204915090,2501,supermarket,Superior Grocers,POINT (-117.9590756 34.0883604)
4205400825,2511,convenience,Knicks and Knacks,POINT (-117.958674 34.088359)
4209045490,2511,convenience,Cigar Pipe,POINT (-117.2081926 34.0487316)
4209682055,2511,convenience,Carmen's Snack Shop,POINT (-118.2520905 34.0414745)
4209682192,2511,convenience,New Downtown Cafe & Market,POINT (-118.2492412 34.0426195)
4213802489,2501,supermarket,El Super,POINT (-117.9664702 34.0867188)
4213802490,2505,department_store,Fallas,POINT (-117.9661411 34.0866271)
4215678390,2511,convenience,7-Eleven,POINT (-117.9163895 34.0888169)
4230275989,2505,department_store,Target,POINT (-117.9768767 34.0694956)
4238538992,2016,market_place,Old Town Market,POINT (-117.1958324 32.7537993)
4243823090,2501,supermarket,Trader Joe's,POINT (-118.386094 33.8185754)
4243844330,2501,supermarket,Vons,POINT (-116.960899 32.6196563)
4250315820,2501,supermarket,Numero Uno Markets,POINT (-118.2836939 34.04638)
4255107095,2511,convenience,Los Alamos Market,POINT (-120.2793175 34.7443244)
4259747295,2505,department_store,Target,POINT (-118.3447263 34.08971)
4261536590,2501,supermarket,Food 4 Less,POINT (-115.5017636 32.6804155)
4267702989,2511,convenience,7-Eleven,POINT (-118.30881 33.8318982)
4269938708,2501,supermarket,Marukai Market,POINT (-118.24229 34.0502168)
4269938709,2501,supermarket,Little Tokyo Market Place,POINT (-118.2388853 34.0448135)
4270121591,2505,department_store,Macy's,POINT (-117.9290126 34.0704868)
4277008693,2511,convenience,Circle K,POINT (-117.9740138 34.0920002)
4278586993,2505,department_store,Musica Latina,POINT (-117.9605705 34.0883464)
4278586995,2511,convenience,M & I Liquor Store,POINT (-117.9587867 34.0842172)
4278753909,2501,supermarket,Erewhon,POINT (-118.4622025 33.9897279)
4280316634,2505,department_store,Ross,POINT (-118.4605719 33.9981128)
4280847290,2511,convenience,Arco,POINT (-118.436155 33.9598395)
4281801224,2511,convenience,Trading Post Liquor,POINT (-118.472311 33.9893497)
4281935694,2511,convenience,7-Eleven,POINT (-117.9602285 34.0924347)
4281946298,2511,convenience,Alta Dena,POINT (-117.9603171 34.0921881)
4281978399,2511,convenience,Vince's Liquor Store,POINT (-117.960673 34.0992021)
4283556290,2511,convenience,Coles Market,POINT (-117.9589697 34.0843344)
4283574289,2501,supermarket,Vallarta,POINT (-117.968609 34.083305)
4284527609,2511,convenience,7-Eleven,POINT (-117.9523666 34.0798171)
4284527610,2511,convenience,Freeway Liquor,POINT (-117.9260038 34.0739546)
4285397591,2511,convenience,7-Eleven,POINT (-117.992144 34.0670863)
4285399489,2505,department_store,Target,POINT (-117.7596954 34.1095009)
4286972965,2505,department_store,Target,POINT (-118.261357 34.0491424)
4288328090,2511,convenience,7-Eleven,POINT (-117.9344199 34.0893795)
4288965962,2505,department_store,Nordstrom,POINT (-118.494903 34.0136321)
4295564589,2511,convenience,7-Eleven,POINT (-117.916763 34.1072602)
4311298189,2501,supermarket,La Amapola Market,POINT (-117.934355 34.0705005)
4311325889,2501,supermarket,Food 4 Less,POINT (-117.9790983 34.068815)
4326566505,2501,supermarket,Right Choice Caribbean Market,POINT (-118.3352789 34.0072288)
4339342300,2511,convenience,Circle K,POINT (-117.581396 33.6490656)
4344728792,2511,convenience,Food Mart,POINT (-116.7697924 34.9195654)
4349254692,2501,supermarket,Claro's Italian Market,POINT (-118.0307062 34.1402183)
4354851036,2501,supermarket,Grocery Outlet,POINT (-120.6902406 35.258463)
4356307296,2505,department_store,Ross,POINT (-117.8359884 33.7585121)
4356308290,2505,department_store,Marshalls,POINT (-117.828643 33.7610841)
4356675889,2511,convenience,,POINT (-117.8353243 33.7736535)
4358167443,2511,convenience,Gourmet Liquor,POINT (-117.2006278 33.1573161)
4362555827,2511,convenience,Harbor Snack Shack,POINT (-119.692591 34.4078423)
4364218558,2501,supermarket,Boron Food Mart,POINT (-117.6490823 34.9998474)
4367365959,2511,convenience,ExtraMile,POINT (-118.0460861 34.5587886)
4370492391,2528,greengrocer,Mission Ranch Markets,POINT (-117.6774823 33.6261718)
4379237190,2501,supermarket,Trader Joe's,POINT (-118.391905 33.8639002)
4382495105,2501,supermarket,Sprouts Farmers Market,POINT (-117.6560617 33.4569228)
4382524808,2501,supermarket,Vicente Foods,POINT (-118.4738424 34.0524007)
4399334440,2501,supermarket,Food 4 Less,POINT (-118.2706167 34.0571794)
4415923423,2511,convenience,Mission Square Market,POINT (-117.0970838 32.7871722)
4418379265,2511,convenience,7-Eleven,POINT (-118.370934 34.1411667)
4419238018,2511,convenience,Shannon's Health Foods,POINT (-117.249312 33.9376659)
4419868092,2511,convenience,Venice Food & Wine,POINT (-118.4700421 33.9852718)
4439973668,2505,department_store,Sears,POINT (-117.6012974 33.6412868)
4446333908,2501,supermarket,Lassens Natural Foods & Vitamins,POINT (-120.6699953 35.2948635)
4456900608,2511,convenience,7-Eleven,POINT (-117.082635 32.7912679)
4524100097,2511,convenience,7-Eleven,POINT (-117.7006395 33.5712903)
4529153896,2501,supermarket,Smart & Final Extra!,POINT (-118.3257785 33.8718868)
4529720479,2511,convenience,,POINT (-117.7074284 33.5730504)
4553126790,2511,convenience,Minit Mart,POINT (-118.947027 34.9831048)
4561246889,2505,department_store,Ross,POINT (-118.3523645 33.8536574)
4563114393,2505,department_store,TJ Maxx,POINT (-117.647905 33.6522663)
4564222890,2505,department_store,JCPenney,POINT (-115.4944913 32.6669794)
4566280151,2501,supermarket,Walmart Neighborhood Market,POINT (-117.8095652 34.0012181)
4569861297,2016,market_place,Echo Park Farmers' Market,POINT (-118.2585944 34.0769108)
4570863149,2511,convenience,Smoke Shop,POINT (-117.8126305 34.0010467)
4575731358,2505,department_store,Macy's,POINT (-118.2591719 34.0473538)
4579565087,2501,supermarket,Grocery Outlet,POINT (-118.2984934 34.1019028)
4580129319,2511,convenience,7-Eleven,POINT (-117.8896184 34.0702712)
4580741352,2016,market_place,Silverlake Farmers Market,POINT (-118.277379 34.0905618)
4604829973,2501,supermarket,Bo's Altadena Market,POINT (-118.1503213 34.1956892)
4619141957,2501,supermarket,Amazon Fresh,POINT (-118.869427 34.2779036)
4624146589,2511,convenience,7-Eleven,POINT (-118.3139607 34.0527909)
4629690759,2501,supermarket,Seaside Market,POINT (-117.2820777 33.0220057)
4630604681,2511,convenience,New Orleans Fish Market,POINT (-118.3179282 34.0035147)
4636102759,2511,convenience,ampm,POINT (-116.2281792 33.7153725)
4636881834,2511,convenience,Circle K,POINT (-117.2073355 34.4719288)
4638586231,2511,convenience,7-Eleven,POINT (-117.045931 32.6290729)
4658773254,2511,convenience,Lucky 7 Food Mart,POINT (-119.1609 34.2784121)
4668875548,2511,convenience,Desert Pantry Grocers,POINT (-116.3798317 33.2560612)
4677237792,2501,supermarket,OakShoreGro,POINT (-116.5123297 32.6802268)
4682522591,2505,department_store,Target,POINT (-115.567066 32.8137601)
4696753291,2511,convenience,7-Eleven,POINT (-118.18877 33.7791497)
4696794596,2511,convenience,7-Eleven,POINT (-118.193312 33.8046338)
4707796191,2505,department_store,Ross,POINT (-117.1696089 33.683576)
4710844119,2511,convenience,7-Eleven,POINT (-118.36204 34.1647016)
4723976257,2501,supermarket,T&K Food,POINT (-117.960637 33.7464425)
4723976285,2528,greengrocer,Tiến Phát,POINT (-117.9672076 33.7453377)
4727069033,2511,convenience,7-Eleven,POINT (-118.4163942 34.0302412)
4730598223,2501,supermarket,Ralphs,POINT (-118.350983 34.0627612)
4732855175,2501,supermarket,V & K Distributing Co,POINT (-118.344295 34.168946)
4744364988,2511,convenience,MiniMart,POINT (-121.3299828 35.7814505)
4746080792,2501,supermarket,WB Museum,POINT (-118.3385476 34.1499235)
4748045985,2501,supermarket,Sprouts Farmers Market,POINT (-118.0079046 34.1397044)
4748045986,2511,convenience,Water Boy,POINT (-118.0072892 34.1395546)
4748045991,2501,supermarket,Baja Ranch,POINT (-118.0065712 34.1395216)
4748438128,2501,supermarket,Smart & Final Extra!,POINT (-117.5743409 33.9766395)
4751737924,2501,supermarket,Ralphs,POINT (-118.0246613 34.1517997)
4751749039,2511,convenience,7-Eleven,POINT (-118.0279402 34.1396394)
4752689991,2511,convenience,,POINT (-117.6115145 34.0639428)
4752689994,2511,convenience,Circle K,POINT (-117.611308 34.0631422)
4755245380,2505,department_store,Target,POINT (-117.7558677 34.034892)
4755245381,2505,department_store,Ross,POINT (-117.7571283 34.0351187)
4760494769,2501,supermarket,Albertsons,POINT (-117.591573 33.9594979)
4763069443,2501,supermarket,Food 4 Less,POINT (-118.4708132 34.4141373)
4763069444,2505,department_store,Ross,POINT (-118.4717654 34.4141284)
4768262526,2501,supermarket,Ralphs,POINT (-118.5521026 34.4457583)
4768562450,2505,department_store,Marshalls,POINT (-118.5709503 34.3874889)
4768562451,2505,department_store,Ross,POINT (-118.5704702 34.38665)
4773740641,2501,supermarket,El Super,POINT (-118.3518434 33.8934039)
4777310797,2505,department_store,Target,POINT (-117.0653424 32.6539007)
4780335447,2501,supermarket,Superior,POINT (-117.8965434 33.7466052)
4785624872,2501,supermarket,SF Supermarket,POINT (-117.956442 33.7611353)
4788573376,2511,convenience,Shell,POINT (-118.3781006 33.9712204)
4788723923,2501,supermarket,Trader Joe's,POINT (-118.3930851 33.9879295)
4788797866,2511,convenience,Circle K,POINT (-118.3766631 33.9595738)
4792180121,2505,department_store,Saks Off 5th,POINT (-117.8912615 33.7814557)
4792180221,2505,department_store,Neiman Marcus,POINT (-117.8917255 33.7808409)
4810513592,2511,convenience,Duty Free Store,POINT (-118.4046525 33.9409478)
4810513597,2511,convenience,Los Angeles Times Grab and Go,POINT (-118.4045693 33.9406519)
4824070371,2511,convenience,Old Pasadena General Store,POINT (-118.1502976 34.1450505)
4848393788,2505,department_store,Macy's,POINT (-116.9691112 32.6228298)
4855341167,2501,supermarket,Mỹ Thuận Market,POINT (-117.9741539 33.758843)
4864266333,2501,supermarket,Vons,POINT (-118.221471 34.2055759)
4866729431,2501,supermarket,Trader Joe's,POINT (-117.8307333 33.5688054)
4866748359,2501,supermarket,Pavilions,POINT (-117.8485703 33.6266048)
4870198388,2511,convenience,7-Eleven,POINT (-117.8162775 33.7321235)
4879577302,2501,supermarket,Smart & Final,POINT (-118.262109 34.0473388)
4885688168,2511,convenience,6th Street Market,POINT (-118.2514782 34.0461557)
4888334902,2505,department_store,Target,POINT (-117.8844871 34.0738442)
4888334913,2505,department_store,Burlington,POINT (-117.884615 34.0731799)
4888334914,2505,department_store,Ross,POINT (-117.8853079 34.0730488)
4888334915,2505,department_store,Marshalls,POINT (-117.8863057 34.0730555)
4901842621,2511,convenience,7-Eleven,POINT (-118.3553564 34.0911575)
4913346626,2505,department_store,Target,POINT (-117.956234 33.671095)
4916167089,2528,greengrocer,Tropical Imports,POINT (-117.9200492 33.8116329)
4922485724,2511,convenience,7-Eleven,POINT (-117.3501939 33.1567787)
4929743674,2511,convenience,Hi Time Liquor,POINT (-118.368261 33.8732253)
4931048929,2528,greengrocer,Nature's Home,POINT (-118.9371997 34.8203258)
4931404552,2511,convenience,Tom Market,POINT (-118.300004 33.9748355)
4933000874,2505,department_store,Marshalls,POINT (-117.147097 32.9145097)
4933342849,2501,supermarket,Whole Foods Market,POINT (-118.3985558 34.0695404)
4936133379,2501,supermarket,Island Pacific Seafood Market,POINT (-117.7069995 33.6180406)
4938688126,2528,greengrocer,Murray Family Farms,POINT (-118.753957 35.2949141)
4939202420,2501,supermarket,Trader Joe's,POINT (-118.1089144 33.7579178)
4944439090,2511,convenience,7-Eleven,POINT (-118.291186 33.9023476)
4946318822,2501,supermarket,Nijiya Market,POINT (-118.2401698 34.0487979)
4949969721,2505,department_store,Ross,POINT (-117.384286 34.4237325)
4949969722,2505,department_store,Marshalls,POINT (-117.3846189 34.4231646)
4964265935,2511,convenience,7-Eleven,POINT (-117.7979238 33.6972984)
4972335794,2511,convenience,7-Eleven,POINT (-117.8270663 33.7326174)
4993584022,2501,supermarket,Aldi,POINT (-118.0564398 34.1232915)
4994961801,2511,convenience,Yucca Market,POINT (-118.33039 34.1043123)
5003536335,2511,convenience,7-Eleven,POINT (-117.1563268 32.7095822)
5006115376,2511,convenience,7-Eleven,POINT (-117.6652729 33.6642999)
5021568698,2511,convenience,7-Eleven,POINT (-118.3310724 33.9088705)
5026708470,2501,supermarket,Food Bargain Market,POINT (-117.063034 32.709523)
5026822526,2505,department_store,dd's Discounts,POINT (-117.083395 32.7237654)
5027595521,2501,supermarket,Ralphs,POINT (-118.3436347 34.0700195)
5029882879,2501,supermarket,Food 4 Less,POINT (-117.085983 32.7081744)
5037224624,2511,convenience,Snack Shop,POINT (-118.0781442 33.759931)
5044886321,2511,convenience,7-Eleven,POINT (-118.4412964 34.0552912)
5059209621,2501,supermarket,Los Angeles AFB Commissary,POINT (-118.3816915 33.9173376)
5060520491,2016,market_place,Coronado Swap Meet,POINT (-117.0875091 32.576618)
5063290839,2511,convenience,MCX C&E Marine Mart,POINT (-116.0618069 34.2431345)
5067242221,2501,supermarket,Sprouts Farmers Market,POINT (-118.344424 34.0873062)
5067246521,2505,department_store,Target,POINT (-118.375526 34.0749119)
5072310421,2505,department_store,Ross,POINT (-118.33585 34.0473382)
5072601721,2501,supermarket,Aldi,POINT (-118.789481 34.2816649)
5101905922,2501,supermarket,Sprouts Farmers Market,POINT (-118.438539 34.0510922)
5101923661,2501,supermarket,Bristol Farms,POINT (-118.440595 34.0534978)
5106101327,2511,convenience,,POINT (-117.8367547 33.7684406)
5108656122,2505,department_store,Macy's,POINT (-118.378645 34.0759027)
5116063525,2511,convenience,Metro Fresh,POINT (-118.2909789 34.0626745)
5116339221,2501,supermarket,99 Ranch Market,POINT (-118.297225 33.8720155)
5124574924,2501,supermarket,Ralphs,POINT (-118.4613865 33.999028)
5141856950,2501,supermarket,Smart & Final,POINT (-118.35073 34.1741875)
5141857637,2528,greengrocer,,POINT (-118.3221079 34.1837488)
5141857656,2511,convenience,7-Eleven,POINT (-118.338136 34.1784073)
5141857661,2511,convenience,7-Eleven,POINT (-118.3489753 34.1754951)
5153680489,2501,supermarket,Vons,POINT (-120.610072 35.1197857)
5160350023,2501,supermarket,Target,POINT (-117.8390276 33.6495776)
5162444623,2501,supermarket,Trader Joe's,POINT (-118.3618302 34.0719907)
5181139124,2505,department_store,Ranch Market,POINT (-117.9433468 33.8411882)
5185023293,2501,supermarket,Irvine Village Market,POINT (-117.750999 33.653167)
5186696327,2511,convenience,7-Eleven,POINT (-118.447294 33.9902342)
5191684521,2501,supermarket,Super King,POINT (-118.5594557 34.2414029)
5217196386,2505,department_store,Ross,POINT (-117.9319282 33.7040906)
5220492627,2501,supermarket,Ralphs,POINT (-118.6949928 34.0341457)
5222351457,2016,market_place,DE BU Fillipino Market,POINT (-120.6432965 35.1449888)
5222415132,2511,convenience,Price Street Market,POINT (-120.6424329 35.1441894)
5222418496,2501,supermarket,George's Deli & Produce,POINT (-117.877325 34.1283262)
5227338016,2511,convenience,Maw 'n Paw Kettlecore,POINT (-117.6926976 33.6006185)
5227338531,2505,department_store,Big Lots,POINT (-117.6933172 33.6011558)
5237417649,2501,supermarket,Trader Joe's,POINT (-118.2848075 34.0257159)
5237417650,2505,department_store,Target,POINT (-118.2843512 34.0257016)
5254757793,2511,convenience,Convenience Shop,POINT (-120.6429665 35.139623)
5255595512,2528,greengrocer,Sanchez Market,POINT (-117.4247988 34.0049273)
5258523119,2511,convenience,Anything Goes,POINT (-120.691693 35.6227118)
5258526767,2511,convenience,One Stop Food & Liquor Store,POINT (-120.6912957 35.6217823)
5266775210,2501,supermarket,Grocery Outlet,POINT (-117.24982 33.3687336)
5266978595,2505,department_store,Sears,POINT (-118.337742 34.0092664)
5272519034,2510,general,General Store Paso Robles,POINT (-120.6891021 35.6269257)
5272612559,2016,market_place,Di Raimondos Italian Market,POINT (-120.6896104 35.6276574)
5275798527,2501,supermarket,ALDI,POINT (-117.2151824 33.1722562)
5278670877,2505,department_store,Marshalls,POINT (-118.0117043 34.1380457)
5280907221,2511,convenience,7-Eleven,POINT (-117.794637 34.1221231)
5282412706,2510,general,Beverly Hills Market,POINT (-118.3989127 34.0699436)
5303546938,2505,department_store,Sears,POINT (-117.9287908 33.9944991)
5303546940,2505,department_store,Burlington,POINT (-117.926202 33.9929141)
5303546941,2505,department_store,Ross,POINT (-117.9271048 33.9930094)
5307529473,2505,department_store,JCPenney,POINT (-117.870111 33.7772992)
5307529474,2505,department_store,Macy's,POINT (-117.86921 33.7762067)
5308878315,2511,convenience,Purple Cow,POINT (-117.0846115 32.573092)
5310693726,2511,convenience,Antiques On The Blvd,POINT (-118.1443159 34.6974006)
5310744822,2501,supermarket,ALDI,POINT (-117.0894418 32.6508781)
5311388722,2501,supermarket,On the Blvd Market,POINT (-118.1410887 34.6980992)
5315597541,2501,supermarket,Walmart Neighborhood Market,POINT (-119.0746 34.2173)
5315597542,2501,supermarket,Walmart Neighborhood Market,POINT (-118.013281 33.9185466)
5315597545,2501,supermarket,Walmart Neighborhood Market,POINT (-119.1788 34.237)
5315597554,2501,supermarket,Walmart Neighborhood Market,POINT (-118.448672 34.2344724)
5315597555,2501,supermarket,Walmart Neighborhood Market,POINT (-118.263479 33.8483863)
5315597613,2501,supermarket,Walmart Supercenter,POINT (-115.54587 32.962493)
5315597930,2501,supermarket,Walmart Neighborhood Market,POINT (-116.979639 33.745448)
5315598124,2501,supermarket,Walmart Neighborhood Market,POINT (-117.9911038 33.7749668)
5315598270,2501,supermarket,Walmart Supercenter,POINT (-117.963494 34.071943)
5315598904,2501,supermarket,Walmart Neighborhood Market,POINT (-118.707704 34.2757157)
5315598905,2501,supermarket,Walmart Neighborhood Market,POINT (-119.022288 35.434523)
5315598907,2501,supermarket,Walmart Neighborhood Market,POINT (-119.1474617 35.3701262)
5315598908,2501,supermarket,Walmart Neighborhood Market,POINT (-119.112528 35.411874)
5315598911,2501,supermarket,Walmart Neighborhood Market,POINT (-117.949791 34.0471887)
5315598951,2501,supermarket,Walmart Neighborhood Market,POINT (-117.242268 34.047122)
5315599506,2501,supermarket,Walmart Neighborhood Market,POINT (-117.596143 33.87734)
5315599563,2501,supermarket,Walmart Supercenter,POINT (-117.909601 34.102622)
5315599585,2501,supermarket,Walmart Neighborhood Market,POINT (-118.3523244 33.855292)
5315601366,2501,supermarket,Walmart Supercenter,POINT (-118.960829 35.391531)
5330411056,2501,supermarket,Smart & Final,POINT (-119.69231 34.4188449)
5332180637,2501,supermarket,Vallarta,POINT (-118.45248 34.2825255)
5335740042,2511,convenience,Beyond,POINT (-118.2508989 34.0523761)
5335879547,2501,supermarket,Trader Joe's,POINT (-117.070301 32.7717912)
5337769703,2511,convenience,LA Essentials,POINT (-118.4105779 33.9448464)
5339577321,2511,convenience,7-Eleven,POINT (-118.3908406 33.8585348)
5351859504,2511,convenience,7-Eleven,POINT (-117.8524259 33.7482387)
5354859521,2511,convenience,7-Eleven,POINT (-118.434083 34.0039516)
5355805499,2501,supermarket,Stater Bros.,POINT (-117.2077413 34.1343034)
5355835998,2501,supermarket,Food 4 Less,POINT (-117.225236 34.1343346)
5355844208,2505,department_store,Big Lots,POINT (-117.224498 34.1344273)
5366522310,2501,supermarket,Baja Ranch Market,POINT (-118.1406943 34.1583986)
5366522311,2511,convenience,7-Eleven,POINT (-118.1321323 34.1580716)
5397493628,2505,department_store,Ross,POINT (-118.2469578 34.1495102)
5397493629,2505,department_store,TJ Maxx,POINT (-118.246692 34.1495391)
5397493634,2501,supermarket,Ralphs,POINT (-118.2481729 34.1483826)
5421803124,2501,supermarket,Grocery Outlet,POINT (-119.7261472 34.4375083)
5430484522,2501,supermarket,Baron’s Market,POINT (-117.124221 32.7483744)
5432488353,2511,convenience,7-Eleven,POINT (-118.0388045 33.8584199)
5438717998,2511,convenience,7-Eleven,POINT (-118.4379932 34.0407148)
5439038469,2511,convenience,7-Eleven,POINT (-118.07233 33.8726851)
5442326329,2511,convenience,Express Market,POINT (-117.136962 32.7483499)
5469666744,2016,market_place,Atomic Eats,POINT (-118.0910634 33.8572565)
5469671513,2016,market_place,Cerritos Certified Farmers Market,POINT (-118.0623149 33.8677925)
5469698446,2511,convenience,7-Eleven,POINT (-118.0958151 33.8455235)
5471193112,2016,market_place,Southland Farmers' Market,POINT (-118.1495983 34.1476179)
5511141558,2501,supermarket,El Super,POINT (-118.1917986 34.0412733)
5517321850,2511,convenience,E! News,POINT (-118.3973435 33.9424365)
5517321853,2511,convenience,People News,POINT (-118.3972228 33.9417022)
5519052600,2511,convenience,LALife,POINT (-118.3994199 33.9414606)
5521118040,2511,convenience,Duty Free Store,POINT (-118.4020187 33.9415007)
5521118043,2511,convenience,Market 8600,POINT (-118.4019866 33.9413583)
5521118045,2511,convenience,Earth Bar,POINT (-118.4019571 33.9412382)
5521653523,2501,supermarket,Food 4 Less,POINT (-118.1656423 33.9706149)
5538757541,2501,supermarket,Trader Joe's,POINT (-118.5381487 34.4284056)
5552376049,2511,convenience,Shell,POINT (-118.3707917 34.1936306)
5567738312,2511,convenience,,POINT (-118.2671064 34.0399974)
5567758896,2501,supermarket,Baja Ranch Market,POINT (-117.8913755 34.0820028)
5569901181,2511,convenience,,POINT (-118.2350995 34.1477632)
5572520605,2501,supermarket,Grocery Outlet,POINT (-118.2624455 34.0539643)
5579152721,2505,department_store,Sears,POINT (-117.0873516 32.6297014)
5580211492,2511,convenience,Shell,POINT (-117.3220901 33.2449306)
5585007446,2511,convenience,,POINT (-117.2789451 33.1895541)
5590079232,2511,convenience,Shell,POINT (-117.0771176 33.7384002)
5623311701,2505,department_store,TJ Maxx,POINT (-117.887513 33.6962521)
5629661789,2501,supermarket,Seafood City,POINT (-118.225232 34.1408814)
5629661817,2505,department_store,Macy's,POINT (-118.226069 34.1414298)
5632829928,2501,supermarket,Smart & Final,POINT (-117.9668545 33.9185065)
5634146021,2511,convenience,7-Eleven,POINT (-118.365506 33.9449197)
5635181324,2511,convenience,ExtraMile,POINT (-118.1259111 33.8014833)
5636336122,2511,convenience,7-Eleven,POINT (-118.133847 33.7840995)
5638801897,2501,supermarket,ALDI,POINT (-118.0877145 33.8574667)
5640760622,2511,convenience,,POINT (-118.1248633 33.7964048)
5640760628,2505,department_store,TJ Maxx,POINT (-118.122893 33.7949781)
5640760629,2511,convenience,Pump Eat Drink,POINT (-118.1257849 33.7941461)
5640763027,2505,department_store,Big Lots,POINT (-118.123088 33.7971141)
5640763126,2511,convenience,Snack Shop,POINT (-118.1256888 33.8110226)
5640763231,2511,convenience,The Vape Depot,POINT (-118.1255777 33.7946853)
5640765222,2501,supermarket,Lazy Acres Market,POINT (-118.1235926 33.7939475)
5640792821,2511,convenience,Smoke 4 Less,POINT (-118.1420602 33.7923421)
5640793021,2511,convenience,Long Beach Weight Control,POINT (-118.1418627 33.7922559)
5640828142,2511,convenience,New Generation Smoke Shop,POINT (-118.1486291 33.7829505)
5640828152,2511,convenience,7-Eleven,POINT (-118.152246 33.7811754)
5640829528,2511,convenience,Sav-on-Signs,POINT (-118.146363 33.782726)
5640829529,2511,convenience,,POINT (-118.1520753 33.7822349)
5640830024,2501,supermarket,La Bodega,POINT (-118.1577069 33.7824892)
5640830046,2511,convenience,ShowGrow,POINT (-118.1520411 33.7831541)
5640830049,2511,convenience,Payless Tobacco,POINT (-118.1530416 33.7812906)
5640830059,2511,convenience,,POINT (-118.1588204 33.7824703)
5640831222,2511,convenience,,POINT (-118.1429429 33.7829145)
5640836024,2511,convenience,,POINT (-118.1673601 33.7790733)
5640836026,2511,convenience,LB City Market,POINT (-118.1764893 33.7788853)
5642718223,2511,convenience,Ciao Gourmet Market,POINT (-117.8636784 33.6764286)
5646055731,2501,supermarket,Trader Joe's,POINT (-117.1552299 32.7661721)
5646569964,2501,supermarket,Mother's Market,POINT (-117.7141101 33.6116521)
5646833313,2528,greengrocer,,POINT (-118.4736778 33.9871048)
5650014073,2501,supermarket,Ralphs,POINT (-118.742444 34.2706774)
5665025622,2511,convenience,3 Reyes,POINT (-117.9341303 33.80354)
5665061122,2505,department_store,dd's Discounts,POINT (-117.939734 33.8020451)
5665061124,2511,convenience,ExtraMile,POINT (-117.9419283 33.8026598)
5665360902,2511,convenience,7-Eleven,POINT (-118.006367 33.7297126)
5666998927,2501,supermarket,Smart & Final,POINT (-117.943391 33.8018525)
5666998933,2511,convenience,Las Brisas Mexican Food,POINT (-117.9405995 33.8040246)
5666998937,2511,convenience,Discount Tobacco,POINT (-117.9421933 33.8040211)
5666998939,2511,convenience,Masala Indian Groceries,POINT (-117.9425324 33.8035944)
5667003629,2511,convenience,Misha's Nutrition,POINT (-117.9421514 33.8040294)
5667004425,2511,convenience,Wholesale Nutrition Center,POINT (-117.9433755 33.8011326)
5667005121,2511,convenience,7-Eleven,POINT (-117.9409133 33.8035256)
5668321244,2511,convenience,Harbor Market and Liquor,POINT (-119.2641456 34.2403564)
5673600624,2511,convenience,Alpha Mart,POINT (-117.9150021 33.807724)
5674058622,2511,convenience,Hookah's Tobacco,POINT (-117.9403464 33.8040138)
5674108519,2511,convenience,7-Eleven,POINT (-118.1420045 33.7829809)
5674114328,2511,convenience,Galaxy,POINT (-117.9209642 33.769548)
5674123627,2511,convenience,ampm,POINT (-117.9208547 33.7689852)
5674123725,2511,convenience,Harbor West Market,POINT (-117.9199736 33.7592149)
5674137021,2511,convenience,7-Eleven,POINT (-117.9203883 33.7347524)
5674137122,2511,convenience,7-Eleven,POINT (-117.9204399 33.7239892)
5674137126,2511,convenience,7-Eleven,POINT (-117.937834 33.7160161)
5674142522,2501,supermarket,Stater Bros.,POINT (-117.9353115 33.7170308)
5675880722,2511,convenience,Certified,POINT (-117.962578 33.6429591)
5676735386,2505,department_store,Barneys New York,POINT (-118.402712 34.0666868)
5682904280,2501,supermarket,Food 4 Less,POINT (-115.5727049 32.8156977)
5685926052,2511,convenience,,POINT (-115.5551695 32.7717179)
5687987122,2505,department_store,Ross,POINT (-118.0120436 33.8018873)
5695236165,2511,convenience,7-Eleven,POINT (-118.2754357 34.0286455)
5695239157,2511,convenience,Family's Market,POINT (-118.2390153 34.0585105)
5695380065,2511,convenience,Venice Market and Bakery,POINT (-118.3286843 34.04526)
5695380068,2511,convenience,Snack Shop,POINT (-118.3278917 34.0448633)
5695517296,2505,department_store,Burlington,POINT (-117.994857 33.7319317)
5695517299,2505,department_store,Kohl's,POINT (-117.9933411 33.7317229)
5695534770,2511,convenience,,POINT (-118.4769313 33.9907588)
5695534781,2511,convenience,,POINT (-118.4757967 33.9894478)
5695538343,2528,greengrocer,,POINT (-118.4796296 33.9938299)
5700633292,2501,supermarket,Dollar General Market,POINT (-115.5716521 32.7973686)
5701794869,2511,convenience,,POINT (-117.8412504 33.8879279)
5707510736,2501,supermarket,Smart & Final Extra!,POINT (-118.216565 34.0755345)
5709638541,2511,convenience,Entertainment News,POINT (-118.4070874 33.941586)
5718342532,2505,department_store,dd's Discounts,POINT (-115.5328974 32.76986)
5718756702,2501,supermarket,El Sol Market,POINT (-115.5822245 32.7953109)
5733058545,2501,supermarket,Apple Tree Supermarket,POINT (-117.250436 32.7466896)
5738074835,2501,supermarket,Pierre Lafond,POINT (-119.6316755 34.4374967)
5744335681,2511,convenience,Wolfgang Puck Express,POINT (-118.3546025 34.1961987)
5744407109,2511,convenience,Pasadena Marketplace,POINT (-118.3545837 34.1961017)
5746612577,2501,supermarket,Olive Tree Market,POINT (-117.2493095 32.7429768)
5775616209,2511,convenience,Food Mart,POINT (-117.9206415 33.7747169)
5775673938,2505,department_store,Big Lots,POINT (-118.2266986 34.2176067)
5786087875,2505,department_store,Ross,POINT (-117.8113533 34.0199467)
5786089197,2501,supermarket,Sprouts Farmers Market,POINT (-117.811487 34.0201735)
5809610153,2505,department_store,Ross,POINT (-118.3942208 34.0001214)
5811748575,2511,convenience,,POINT (-120.7050215 35.5500926)
5825476898,2505,department_store,Ross,POINT (-117.1606372 32.7169133)
5831137283,2511,convenience,7-Eleven,POINT (-117.1591711 32.7220905)
5831142586,2016,market_place,Fish Market,POINT (-117.175625 32.7122312)
5837049558,2511,convenience,West Cedar Market,POINT (-117.1668427 32.7220944)
5846630978,2505,department_store,Target,POINT (-117.128843 32.7268528)
5854939297,2505,department_store,TJ Maxx,POINT (-117.5507536 34.0787653)
5861466486,2016,market_place,Open Aire Farmer’s Market,POINT (-117.2716141 32.8376649)
5866470188,2501,supermarket,Sprouts Farmers Market,POINT (-117.1233783 33.0198021)
5869572136,2511,convenience,Chevron ExtraMile,POINT (-117.9789297 34.0699059)
5874297063,2511,convenience,7-Eleven,POINT (-118.4547176 34.4162673)
5874297077,2501,supermarket,Stater Bros.,POINT (-118.4649144 34.4040865)
5877018171,2511,convenience,7-Eleven,POINT (-117.1571508 34.0559949)
5889574023,2511,convenience,,POINT (-117.0393558 32.5518471)
5893619088,2511,convenience,7-Eleven,POINT (-117.0624 32.5833883)
5907430467,2511,convenience,7-Eleven,POINT (-118.102326 33.7812889)
5919830672,2505,department_store,Target,POINT (-118.2858726 34.0635229)
5923169144,2501,supermarket,Northgate Market,POINT (-117.8885064 33.8377529)
5923169149,2505,department_store,Target,POINT (-117.886215 33.8379349)
5937855663,2511,convenience,7-Eleven,POINT (-118.168393 33.8744198)
5970052162,2501,supermarket,Big Saver Foods,POINT (-117.8717902 33.7594138)
5970691016,2501,supermarket,Valley Farm Market,POINT (-117.001918 32.7518076)
5973663662,2505,department_store,TJ Maxx,POINT (-118.193332 34.2024994)
5984147895,2511,convenience,7-Eleven,POINT (-118.1425256 34.0917679)
5994631074,2505,department_store,Ross,POINT (-117.2082566 32.7515743)
6007728091,2501,supermarket,ALDI,POINT (-117.3394059 33.691873)
6007779227,2505,department_store,Marshalls,POINT (-117.3381552 33.6897257)
6013084614,2501,supermarket,Grocery Outlet,POINT (-117.335998 33.6960806)
6025588523,2511,convenience,CVS Pharmacy,POINT (-117.066015 32.6041133)
6025588526,2511,convenience,Optimart,POINT (-117.0651026 32.6013984)
6025597436,2505,department_store,dd's Discounts,POINT (-117.064914 32.6055632)
6028696736,2511,convenience,ampm,POINT (-117.051338 32.6041942)
6045067406,2501,supermarket,Cal Mart Beer & Wine Food Store,POINT (-118.2787842 34.0251267)
6047217905,2511,convenience,7-Eleven,POINT (-118.3010327 34.0765217)
6060122092,2501,supermarket,Food 4 Less,POINT (-117.8866518 33.7178156)
6064356686,2501,supermarket,Northgate Market,POINT (-118.1075823 33.9601634)
6065452887,2501,supermarket,99 Ranch Market,POINT (-117.933529 33.993028)
6065466186,2501,supermarket,Food 4 Less,POINT (-118.32817 33.944268)
6066772585,2501,supermarket,Bangluck Market,POINT (-118.3028201 34.101529)
6069801685,2501,supermarket,JONS Marketplace,POINT (-118.301309 34.0575293)
6070201013,2501,supermarket,Santa Cruz Market,POINT (-119.825446 34.43543)
6070232599,2511,convenience,7-Eleven,POINT (-119.737845 34.440708)
6070311202,2511,convenience,7-Eleven,POINT (-119.5296788 34.405223)
6072210177,2505,department_store,Target,POINT (-117.0806086 32.6046346)
6077853368,2501,supermarket,Trader Joe's,POINT (-118.254494 34.1597397)
6083877875,2511,convenience,Palomar Market,POINT (-117.1815169 32.7433202)
6101594716,2511,convenience,Walnut Market,POINT (-118.2394149 33.9709195)
6108071354,2511,convenience,7-Eleven,POINT (-118.3529466 34.0706631)
6119560491,2501,supermarket,Trader Joe's,POINT (-117.240676 32.8008673)
6123245279,2501,supermarket,Vallarta,POINT (-118.122304 34.5791435)
6125240164,2501,supermarket,Stater Bros.,POINT (-117.1818978 34.0637658)
6143921093,2501,supermarket,Grocery Outlet,POINT (-120.454502 34.6386353)
6148511998,2501,supermarket,Grocery Outlet,POINT (-117.0804109 32.7917039)
6150507602,2501,supermarket,Ralphs,POINT (-118.3395489 34.0477911)
6167340287,2505,department_store,Marshalls,POINT (-118.2547385 34.1461109)
6175769869,2511,convenience,Circle S Food Store,POINT (-117.8774064 33.7874504)
6176017536,2511,convenience,ampm,POINT (-118.169489 34.864891)
6187413272,2511,convenience,,POINT (-117.0321004 33.7433415)
6187426398,2511,convenience,Poppy,POINT (-117.0086619 33.7867716)
6191266392,2511,convenience,Circle K,POINT (-117.045806 32.6282979)
6193416147,2501,supermarket,ALDI,POINT (-117.7628001 34.1112641)
6195711532,2501,supermarket,Sprouts Farmers Market,POINT (-117.7775267 34.1187895)
6196309907,2511,convenience,Villa's Market,POINT (-117.7748497 34.0984735)
6198775202,2505,department_store,Big Lots,POINT (-117.766717 34.11515)
6206390143,2501,supermarket,Trader Joe's,POINT (-119.0529016 34.2197911)
6208835691,2511,convenience,ampm,POINT (-117.076883 33.739675)
6209361038,2511,convenience,Circle K,POINT (-117.0075046 33.773412)
6215022320,2016,market_place,Claro's Italian Market,POINT (-117.8886172 34.0875424)
6223961760,2501,supermarket,Food 4 Less,POINT (-117.3145208 34.51939)
6226276909,2505,department_store,JCPenney,POINT (-116.994655 33.7487193)
6234330056,2511,convenience,Beach Hut: Beach Convenience Stores,POINT (-118.1140182 33.7772271)
6241293696,2501,supermarket,Tambuli Market,POINT (-118.2787064 33.8308313)
6241322289,2501,supermarket,Seafood City Supermarket,POINT (-118.2797865 33.8321595)
6247523402,2511,convenience,The Corner Market: Beach Convenience Stores,POINT (-118.1140892 33.7815041)
6252781273,2511,convenience,7-Eleven,POINT (-118.2107 34.2096667)
6253281990,2511,convenience,,POINT (-118.1136025 33.7809169)
6276871631,2511,convenience,7-Eleven,POINT (-118.3629495 34.0904519)
6280578483,2511,convenience,7-Eleven,POINT (-118.4485003 34.0468814)
6283729351,2505,department_store,Big Lots,POINT (-117.3154003 34.5200507)
6311992974,2501,supermarket,Vons,POINT (-117.0323362 32.7824334)
6323647687,2501,supermarket,ALDI,POINT (-116.4018354 33.7251025)
6328726800,2505,department_store,Ross,POINT (-118.0296101 33.8328059)
6330045266,2511,convenience,,POINT (-118.0574658 34.0808631)
6334495610,2505,department_store,Dillard's,POINT (-115.5306833 32.7650445)
6334495614,2505,department_store,Macy's,POINT (-115.5313831 32.7620843)
6334495615,2505,department_store,JCPenney,POINT (-115.5312691 32.7638416)
6338852385,2501,supermarket,Ralphs,POINT (-119.1786533 34.1686743)
6342600089,2501,supermarket,Buzz's Mini Market,POINT (-117.0274895 34.8983983)
6343802394,2501,supermarket,Jugos Mazatlan Produce Market,POINT (-117.8869661 33.7165103)
6345634085,2501,supermarket,El Super,POINT (-117.8844119 33.7141422)
6345655968,2511,convenience,7-Eleven,POINT (-118.5017645 34.2646028)
6345655977,2511,convenience,7-Eleven,POINT (-118.5235696 34.2579901)
6346001991,2511,convenience,7-Eleven,POINT (-118.440379 34.2008717)
6351553571,2505,department_store,Macy's,POINT (-117.3451321 34.4744969)
6351752234,2501,supermarket,Smart & Final Extra!,POINT (-117.415976 33.9444788)
6355766032,2511,convenience,ExtraMile,POINT (-116.9665596 32.6289404)
6356604983,2528,greengrocer,Voz Kevaz,POINT (-118.2369031 34.1428456)
6357267189,2511,convenience,Hilltop Market,POINT (-117.051944 32.5996815)
6357267190,2511,convenience,Hilltop Liquor,POINT (-117.0513719 32.6040113)
6359773285,2501,supermarket,H Mart,POINT (-117.995151 33.8865234)
6369301139,2501,supermarket,Albertsons,POINT (-118.1488577 34.5860756)
6374945173,2505,department_store,TJ Maxx,POINT (-118.6249342 34.18977)
6376245914,2505,department_store,TJ Maxx,POINT (-117.725409 33.5735952)
6381060424,2501,supermarket,Alta Vista,POINT (-117.4150902 33.9445874)
6384117044,2505,department_store,Kohl's,POINT (-119.0954709 35.306215)
6388662737,2511,convenience,Dino Mart,POINT (-118.2866155 34.0884785)
6399823282,2501,supermarket,Northgate Market,POINT (-117.2286666 33.2164651)
6401251741,2511,convenience,7-Eleven,POINT (-117.1218656 32.8076496)
6405180086,2511,convenience,Snack Shop,POINT (-117.0859014 32.6301502)
6405180087,2505,department_store,Macy's,POINT (-117.0861489 32.6304036)
6405180210,2505,department_store,JCPenney,POINT (-117.0877269 32.6295749)
6407789699,2511,convenience,Little Sam’s Market,POINT (-117.2527663 32.7837292)
6410616887,2501,supermarket,Food Mart,POINT (-116.8871547 34.9040506)
6422834065,2016,market_place,Bristol Warner Marketplace,POINT (-117.885975 33.7178859)
6428958701,2505,department_store,Barneys New York,POINT (-118.2567971 34.1443862)
6433255245,2501,supermarket,ALDI,POINT (-118.1637503 33.948041)
6433256038,2505,department_store,Target,POINT (-118.1674781 33.9481405)
6437638732,2511,convenience,Redondo Beach Mini Market,POINT (-118.3860017 33.8384828)
6469345185,2501,supermarket,Barons Market,POINT (-117.0757598 33.0237585)
6488926473,2016,market_place,Smorgasburg,POINT (-118.2418146 34.034717)
6512381745,2511,convenience,7-Eleven,POINT (-118.0102171 33.8097749)
6527437345,2501,supermarket,Trader Joe's,POINT (-117.388437 33.9559471)
6527644984,2511,convenience,ampm,POINT (-117.471167 33.8981702)
6527673995,2511,convenience,ampm,POINT (-117.451731 33.9259403)
6532950185,2501,supermarket,Grocery Outlet,POINT (-120.6879039 35.6435681)
6533174444,2505,department_store,Ross,POINT (-117.8925517 34.1285527)
6533174459,2501,supermarket,Grocery Outlet,POINT (-117.8911878 34.1274847)
6533312289,2511,convenience,ampm,POINT (-117.6202617 34.0780377)
6536748586,2511,convenience,Los Barrios Market,POINT (-117.9156121 33.8414306)
6537700023,2505,department_store,Target,POINT (-116.938496 32.7384042)
6540145044,2505,department_store,Burlington,POINT (-117.085786 32.6292857)
6543754886,2501,supermarket,Sprouts Farmers Market,POINT (-119.832381 34.4422916)
6545769185,2501,supermarket,Trader Joe's,POINT (-119.681662 34.4249852)
6545769186,2501,supermarket,Chapala Market,POINT (-119.6870488 34.4272928)
6558365500,2501,supermarket,Primo Market,POINT (-117.0986005 32.8390419)
6558446945,2511,convenience,,POINT (-117.0981295 32.8394832)
6562143456,2505,department_store,Kohl's,POINT (-117.8333285 34.1171053)
6562143458,2501,supermarket,ALDI,POINT (-117.8305927 34.1172285)
6564906180,2505,department_store,Marshalls,POINT (-118.440509 34.0381685)
6565440216,2505,department_store,Bloomingdale's Outlet,POINT (-117.8914988 33.7832845)
6592323380,2511,convenience,The Barn,POINT (-117.6701471 35.6505819)
6606303186,2511,convenience,everytable,POINT (-118.1673986 34.0669985)
6632754635,2511,convenience,Allsup's,POINT (-117.364674 34.0007394)
6635561099,2501,supermarket,Eataly,POINT (-118.419023 34.0601615)
6641488598,2501,supermarket,Ralphs,POINT (-117.5570447 34.1199104)
6642181534,2501,supermarket,Follow Your Heart Market,POINT (-118.6038774 34.2012849)
6642367383,2511,convenience,Campbell's Market,POINT (-117.4866723 33.9355089)
6642391291,2511,convenience,Lucky 1,POINT (-117.4795617 33.9365292)
6642395398,2511,convenience,ampm,POINT (-117.488524 33.9196677)
6642716479,2511,convenience,Circle K,POINT (-119.3986656 35.4011197)
6642899679,2511,convenience,7-Eleven,POINT (-118.3701082 33.8586458)
6653630198,2511,convenience,7-Eleven,POINT (-117.0985305 32.8212148)
6654202794,2511,convenience,Matador Mercado,POINT (-118.5285525 34.2374005)
6658740107,2511,convenience,ninety eight cents G store,POINT (-118.3709481 34.1726789)
6658825191,2505,department_store,Target,POINT (-118.34793 34.168844)
6678199484,2501,supermarket,Smart & Final,POINT (-117.089819 32.6519525)
6679349310,2501,supermarket,,POINT (-118.2371904 34.1505668)
6682103388,2511,convenience,,POINT (-117.8563271 33.7512561)
6689581888,2501,supermarket,Lucerne Valley Market and Hardware,POINT (-116.9450629 34.4406496)
6713234889,2501,supermarket,Jons Fresh Marketplace,POINT (-118.2896597 34.1719269)
6743320418,2501,supermarket,Grocery Outlet,POINT (-117.9764732 34.1390583)
6743320429,2505,department_store,TJ Maxx,POINT (-117.9885093 34.1413061)
6743320431,2501,supermarket,ALDI,POINT (-117.989089 34.1413663)
6743320433,2511,convenience,ampm,POINT (-117.9900369 34.1401493)
6745415686,2511,convenience,Snack Shop,POINT (-116.5463931 33.8452238)
6754101358,2501,supermarket,Vons,POINT (-117.1165674 32.8072662)
6758044181,2505,department_store,Ross,POINT (-117.011083 32.7137533)
6758044182,2501,supermarket,Smart & Final Extra!,POINT (-117.010981 32.7126802)
6761019986,2016,market_place,California Market Center,POINT (-118.25544 34.0406186)
6768356327,2511,convenience,7-Eleven,POINT (-117.9661864 34.1394188)
6768385954,2511,convenience,Louie's Liquor,POINT (-117.9003543 34.1330791)
6768395462,2505,department_store,Target,POINT (-117.9831429 34.1379446)
6768413029,2511,convenience,7-Eleven,POINT (-117.9857172 34.1371849)
6770988476,2501,supermarket,Bristol Farms,POINT (-118.4191847 33.9610857)
6772010376,2511,convenience,,POINT (-118.3181727 34.101874)
6772010377,2505,department_store,Marshalls,POINT (-118.30968 34.1023104)
6772533795,2511,convenience,AM/PM,POINT (-118.1749452 35.0580438)
6773219885,2511,convenience,Yummy.com,POINT (-118.3455912 34.0908807)
6773511188,2511,convenience,7-Eleven,POINT (-118.3221825 34.1021488)
6781887349,2511,convenience,Island Market,POINT (-117.2388504 32.7751818)
6786403113,2501,supermarket,Smart & Final,POINT (-117.1010455 32.8210907)
6786943003,2511,convenience,Snack It Up,POINT (-116.9679014 32.6238206)
6794308731,2505,department_store,Baja Duty Free,POINT (-117.0376727 32.544187)
6810225656,2511,convenience,Circle K,POINT (-118.1742779 34.6899321)
6810225658,2501,supermarket,Trader Joe's,POINT (-118.14914 34.6003065)
6810225661,2505,department_store,TJ Maxx,POINT (-118.149116 34.5994081)
6810258685,2505,department_store,Ross,POINT (-118.1453478 34.5956326)
6810258686,2501,supermarket,Smart & Final,POINT (-118.145353 34.5960019)
6810258688,2501,supermarket,Sprouts Farmers Market,POINT (-118.145326 34.5970075)
6810258703,2505,department_store,Kohl's,POINT (-118.1444182 34.6067926)
6810258726,2505,department_store,JCPenney,POINT (-118.151577 34.6040926)
6810258727,2505,department_store,Macy's,POINT (-118.1501545 34.6048059)
6810258728,2505,department_store,Dillard's,POINT (-118.1526371 34.6063143)
6810258730,2505,department_store,Sears,POINT (-118.154996 34.6046613)
6811714486,2511,convenience,ExtraMile,POINT (-118.1484355 34.6462875)
6811714508,2511,convenience,,POINT (-118.1382237 34.5829033)
6811714544,2511,convenience,ampm,POINT (-118.1362076 34.5828424)
6811714561,2505,department_store,dd's Discounts,POINT (-118.125615 34.5789105)
6811714564,2511,convenience,7-Eleven,POINT (-118.1163526 34.5799312)
6811714571,2501,supermarket,Vallarta,POINT (-118.0959283 34.5806271)
6811714578,2511,convenience,Shell,POINT (-118.094805 34.5800665)
6811714579,2511,convenience,7-Eleven,POINT (-118.094349 34.5791264)
6811714581,2501,supermarket,Super Grocers,POINT (-118.0921708 34.5788575)
6811714582,2511,convenience,ampm,POINT (-118.0856087 34.5805217)
6811714627,2501,supermarket,Stater Bros.,POINT (-118.043715 34.5592187)
6811714635,2501,supermarket,Stater Bros.,POINT (-118.0834951 34.5593868)
6811714640,2501,supermarket,Food 4 Less,POINT (-118.0862806 34.5594476)
6834419617,2511,convenience,ExtraMile,POINT (-118.1629268 34.6745327)
6834419618,2511,convenience,ExtraMile,POINT (-118.1229321 34.661278)
6835625652,2511,convenience,7-Eleven,POINT (-117.2057776 32.7525502)
6848739752,2505,department_store,Ross,POINT (-117.0710744 32.6154179)
6852863676,2501,supermarket,Canyon Lake Market,POINT (-117.2532172 33.6726501)
6894156804,2016,market_place,Canyon Gourmet,POINT (-118.6034542 34.089521)
6894591824,2511,convenience,Shell,POINT (-117.323977 33.9157116)
6898828980,2505,department_store,Sears Outlet,POINT (-118.417551 34.2024802)
6899520585,2501,supermarket,Grocery Outlet,POINT (-117.0801171 32.7566327)
6900864014,2511,convenience,7-Eleven,POINT (-118.1455232 33.7599002)
6901071714,2016,market_place,,POINT (-117.2124128 32.7520802)
6901071715,2505,department_store,Target,POINT (-117.2096695 32.7514845)
6901149905,2511,convenience,Mobil Mart,POINT (-117.6502532 34.0315401)
6901252477,2511,convenience,7-Eleven,POINT (-117.6279782 34.0287287)
6903407385,2511,convenience,7-Eleven,POINT (-118.1826246 33.7666587)
6917350374,2505,department_store,Target,POINT (-118.351041 33.9014804)
6919294747,2501,supermarket,Smart & Final,POINT (-118.7947329 34.1540178)
6919294749,2505,department_store,Target,POINT (-118.7936862 34.1475711)
6925203251,2511,convenience,7-Eleven,POINT (-117.1567978 32.7095267)
6940047937,2505,department_store,Ross,POINT (-117.6841225 34.0329405)
6940297079,2511,convenience,Chevron,POINT (-117.6899295 34.0332216)
6940301252,2501,supermarket,Smart & Final,POINT (-117.6908832 34.0324801)
6940301387,2511,convenience,,POINT (-117.6890056 34.0288913)
6940301404,2501,supermarket,Superior Groceries,POINT (-117.6878864 34.028292)
6940301732,2511,convenience,Shell,POINT (-117.68982 34.0259869)
6943886257,2501,supermarket,H Mart,POINT (-117.8395121 33.9744166)
6944153653,2501,supermarket,168 Market,POINT (-117.8720266 33.9876631)
6946755921,2511,convenience,7-Eleven,POINT (-117.8134605 33.9979511)
6953393618,2501,supermarket,Walmart Supercenter,POINT (-118.5763877 34.4440903)
6964691986,2501,supermarket,Sprouts Farmers Market,POINT (-118.0785393 33.8574579)
6965390978,2510,general,Moniker General,POINT (-117.2112173 32.7409082)
6970032907,2016,market_place,Liberty Public Market,POINT (-117.2112403 32.7401964)
6979706257,2505,department_store,Ross,POINT (-119.7522997 34.4384133)
6979706262,2501,supermarket,Smart & Final,POINT (-119.752984 34.439133)
6979756498,2501,supermarket,Grocery Outlet,POINT (-118.619044 34.4568038)
6985303726,2501,supermarket,Vons,POINT (-118.00202 34.1499864)
6985556903,2505,department_store,Ross,POINT (-117.9876351 34.1345385)
6988820262,2510,general,Diamond Mail and Shipping,POINT (-117.8129246 33.9997936)
6991343946,2501,supermarket,Smart & Final,POINT (-117.7537305 34.0784367)
6991744240,2511,convenience,Abuela Nutrition,POINT (-117.0757934 32.5970098)
6993471103,2501,supermarket,Smart & Final,POINT (-118.1260477 34.0314305)
6993884746,2016,market_place,Farmer's Market,POINT (-117.1493307 32.7494379)
6993991020,2501,supermarket,Hannam Market World,POINT (-117.8442705 33.9983724)
7007014993,2511,convenience,7-Eleven,POINT (-118.0185547 34.1309246)
7021117456,2505,department_store,Marshalls,POINT (-118.0685174 34.1514445)
7021856792,2511,convenience,90 Store,POINT (-117.4574293 33.915379)
7044749990,2511,convenience,,POINT (-117.0844588 32.5761743)
7044749991,2511,convenience,24 Hr Food Mart,POINT (-117.0845597 32.5768253)
7055381019,2501,supermarket,Grocery Outlet,POINT (-117.091309 32.6526909)
7055381020,2505,department_store,Ross,POINT (-117.090069 32.6530275)
7061965063,2511,convenience,Food Mart,POINT (-117.1109994 32.5834882)
7073917461,2501,supermarket,Trader Joe's,POINT (-118.0897248 34.1277897)
7087302287,2501,supermarket,Monarch Beach Market,POINT (-117.7109441 33.4886929)
7091113978,2501,supermarket,Acton Market,POINT (-118.1976456 34.4685864)
7093840058,2511,convenience,7-Eleven,POINT (-120.5913316 35.1191111)
7094277109,2501,supermarket,Sprouts Farmers Market,POINT (-120.6777042 35.2611504)
7097424378,2511,convenience,7-Eleven,POINT (-117.9696115 33.9929297)
7097424379,2511,convenience,Shell Select,POINT (-117.969197 33.9927658)
7115166255,2501,supermarket,Vons,POINT (-118.7156188 34.287455)
7115166261,2505,department_store,Kohl's,POINT (-118.716003 34.2885587)
7115166273,2511,convenience,7-Eleven,POINT (-118.7168183 34.2859807)
7123569047,2501,supermarket,Pioneer Point Market,POINT (-117.3612436 35.7886198)
7125236009,2505,department_store,Marshalls,POINT (-118.7694726 34.2842344)
7130279573,2505,department_store,Target,POINT (-118.739296 34.2802579)
7131809571,2501,supermarket,Muang Lao Market,POINT (-117.0933203 32.7120077)
7132333982,2501,supermarket,Valley Marketplace,POINT (-118.7777543 34.2734982)
7139897198,2501,supermarket,Trader Joe's,POINT (-118.738571 34.2808876)
7142144262,2511,convenience,,POINT (-117.0210689 32.6706724)
7158034317,2501,supermarket,Food 4 Less,POINT (-118.3077277 34.0250901)
7158037351,2511,convenience,Henry's Market,POINT (-118.2760786 34.033103)
7159837784,2505,department_store,Ross,POINT (-118.2818861 34.0477478)
7159876434,2505,department_store,Ross,POINT (-118.254118 34.0446919)
7164725391,2501,supermarket,Namaste Plaza,POINT (-117.1268725 32.9179812)
7165812027,2501,supermarket,Anh Minh,POINT (-117.9474572 33.7455914)
7168500065,2511,convenience,7-Eleven,POINT (-117.5764955 34.110262)
7170868988,2511,convenience,Circle K,POINT (-117.5754093 34.1109604)
7204986538,2511,convenience,ExtraMile,POINT (-118.1420884 33.8476532)
7221403674,2511,convenience,One Stop Mini Mart,POINT (-114.7286034 32.7151546)
7223738145,2511,convenience,7-Eleven,POINT (-117.1545535 32.821291)
7228645849,2501,supermarket,Livonia Glatt Market,POINT (-118.3865588 34.0550794)
7235984594,2511,convenience,,POINT (-118.3912116 34.031675)
7237190733,2511,convenience,Chevron,POINT (-117.105234 32.5769358)
7241158808,2511,convenience,Westside Market,POINT (-118.3832623 34.0595609)
7265084063,2511,convenience,Circle K,POINT (-117.7700705 34.0996504)
7267973757,2511,convenience,Lucky Grass Convenience Store 幸運便利店,POINT (-118.1269227 34.0626366)
7295000877,2501,supermarket,El Super,POINT (-117.0995064 32.7487518)
7320643085,2505,department_store,Ross,POINT (-117.0943506 33.1438851)
7324099542,2511,convenience,Circle K,POINT (-119.1571027 34.2923716)
7338313058,2501,supermarket,Ralphs,POINT (-118.433347 34.0260176)
7341735632,2501,supermarket,Mother's Nutritional Center,POINT (-117.3140732 34.1197828)
7341735650,2501,supermarket,El Super,POINT (-117.3215781 34.1227)
7341735665,2501,supermarket,Jimmy's Food Store,POINT (-117.3235343 34.1217115)
7352970563,2511,convenience,Food Mart,POINT (-117.2645408 33.0672993)
7365360981,2511,convenience,7-Eleven,POINT (-117.6979394 33.5938854)
7372989328,2511,convenience,7-Eleven,POINT (-118.270724 34.1092186)
7391083062,2501,supermarket,Aldi,POINT (-117.2025701 34.0759387)
7397354273,2501,supermarket,Baja Market,POINT (-117.0630613 32.5616657)
7447551558,2501,supermarket,Stater Bros.,POINT (-117.590543 33.9150104)
7447990283,2501,supermarket,Ralphs,POINT (-118.397751 34.2226187)
7450878939,2016,market_place,Quail Valley Market,POINT (-117.2410049 33.7016434)
7455528319,2016,market_place,,POINT (-117.1770632 33.6840202)
7455528320,2016,market_place,,POINT (-117.1770485 33.6838192)
7455528323,2501,supermarket,ALDI,POINT (-117.1767064 33.6826029)
7474233886,2511,convenience,Bhanu Indian Cuisine And Market,POINT (-118.0725878 34.1289374)
7477889314,2501,supermarket,Smart & Final Extra!,POINT (-117.36012 33.1896559)
7484930538,2016,market_place,Joshua Tree Open Air Market,POINT (-116.3074886 34.1398288)
7510039800,2505,department_store,Target,POINT (-118.4668575 34.1746003)
7523512348,2501,supermarket,Stater Bros.,POINT (-117.809854 33.8898517)
7523617715,2511,convenience,7-Eleven,POINT (-117.810518 33.8882117)
7529576208,2016,market_place,Quail Valley Market,POINT (-117.2410068 33.7015682)
7557754530,2501,supermarket,Barons Market,POINT (-116.9658891 32.6230008)
7564593809,2505,department_store,Target,POINT (-118.7980884 34.2735009)
7578972276,2511,convenience,Cactus Market,POINT (-118.002212 35.1262728)
7581420785,2501,supermarket,Superior Grocers,POINT (-118.1130682 34.0097166)
7590415683,2511,convenience,,POINT (-117.974937 35.1262321)
7708999678,2511,convenience,7-Eleven,POINT (-117.131314 32.8308183)
7712188719,2501,supermarket,ALDI,POINT (-117.1725729 32.906059)
7732654091,2511,convenience,ampm,POINT (-117.1378027 32.8319139)
7737339887,2501,supermarket,Jensen's Minute Shoppe,POINT (-117.1731436 34.2543017)
7737522586,2501,supermarket,Stater Bros.,POINT (-117.190455 34.2505706)
7771627076,2501,supermarket,Grocery Outlet,POINT (-119.193304 34.2107795)
7778260792,2511,convenience,7-Eleven,POINT (-117.6498279 34.0267693)
7814035494,2501,supermarket,Grocery Outlet,POINT (-119.170721 34.2708514)
7819449759,2501,supermarket,La Esperanza Ranch Market,POINT (-117.3119375 34.1087446)
7821237254,2511,convenience,Fair Market Deli,POINT (-118.4121761 34.0288244)
7830576585,2501,supermarket,Zam Zam Market,POINT (-118.3615865 33.9079408)
7832961645,2501,supermarket,Santa Cruz Market,POINT (-119.2710059 34.2783913)
7832970698,2501,supermarket,Smart & Final,POINT (-119.259391 34.2728303)
7837796736,2505,department_store,Marshalls,POINT (-116.2190116 33.7417715)
7837796737,2505,department_store,Ross,POINT (-116.2190197 33.7424928)
7838100815,2505,department_store,Ross,POINT (-118.3928043 34.0278687)
7848168023,2511,convenience,7-Eleven,POINT (-117.3075338 33.0793791)
7850519859,2505,department_store,Target,POINT (-118.0122562 33.7460795)
7853451698,2501,supermarket,Amazon Fresh,POINT (-118.6069884 34.1841827)
7859217565,2505,department_store,TJ Maxx,POINT (-120.659603 35.6465418)
7863603355,2501,supermarket,Bristol Farms,POINT (-118.472808 34.0402349)
7880432227,2505,department_store,Ross,POINT (-119.0451006 35.3386425)
7880432228,2501,supermarket,FoodMaxx,POINT (-119.051032 35.3412164)
7881991785,2511,convenience,Mickey's Italian Delicatessen & Liquor Store,POINT (-118.3981667 33.8543335)
7902540841,2505,department_store,CGX,POINT (-117.1829501 32.7276821)
7926475509,2511,convenience,King's Market,POINT (-117.4542665 33.9060491)
7929440685,2501,supermarket,Thanh Long Maria Market,POINT (-117.912403 33.7602319)
7931929123,2505,department_store,Target,POINT (-117.956748 33.9159618)
7932381439,2501,supermarket,Trader Joe's,POINT (-118.0053013 33.9490498)
7932414635,2501,supermarket,ALDI,POINT (-117.9953176 33.9457728)
7958628400,2511,convenience,76,POINT (-118.21662 34.1319603)
7958652143,2511,convenience,,POINT (-118.1989038 34.119631)
7965771929,2511,convenience,7-Eleven,POINT (-117.1736399 33.5555903)
7970559829,2511,convenience,7-Eleven,POINT (-118.344275 33.8651542)
7970933672,2511,convenience,G & M Food Mart,POINT (-118.305794 34.1832017)
7972178181,2501,supermarket,Stater Bros.,POINT (-118.0292402 33.81608)
7978998177,2511,convenience,7-Eleven,POINT (-117.9514967 33.9177347)
7994068095,2505,department_store,Marshalls,POINT (-118.3523444 33.8544792)
7996432824,2511,convenience,7-Eleven,POINT (-118.168506 33.9168128)
8001413296,2511,convenience,Bookstore Convenience Store,POINT (-118.1139503 33.7799117)
8014492657,2511,convenience,7-Eleven,POINT (-118.5358027 34.221153)
8014492665,2511,convenience,Circle K,POINT (-118.5366 34.2204429)
8014712089,2016,market_place,,POINT (-118.5365473 34.2309452)
8023541085,2501,supermarket,Foodland Market,POINT (-119.716466 34.4187604)
8024558615,2511,convenience,Shell,POINT (-117.03477 32.5943645)
8038972791,2505,department_store,Target,POINT (-117.237052 32.8793731)
8040931222,2501,supermarket,Ralphs,POINT (-117.7398868 33.8616063)
8040931237,2511,convenience,Circle K,POINT (-117.7383306 33.8614854)
8048823882,2016,market_place,Swapmeet,POINT (-118.2877712 33.8424113)
8048823883,2016,market_place,Alpine Market,POINT (-118.2877619 33.8422426)
8055195900,2501,supermarket,Manhattan Grocrery,POINT (-118.410736 33.8842201)
8086670569,2511,convenience,,POINT (-117.2401763 32.9335067)
8092872744,2505,department_store,Ross,POINT (-118.0713305 34.0737169)
8092872802,2505,department_store,TJ Maxx,POINT (-118.0751587 34.1045188)
8095362770,2501,supermarket,Ralphs,POINT (-118.5515043 34.4047171)
8104802077,2501,supermarket,99 Ranch Market,POINT (-117.8905098 33.9966146)
8119557219,2511,convenience,7-Eleven,POINT (-118.5642987 34.437258)
8119557224,2511,convenience,7-Eleven,POINT (-118.5406994 34.4221277)
8119557230,2511,convenience,Circle K,POINT (-118.5531252 34.4446219)
8119596163,2501,supermarket,ALDI,POINT (-118.5405348 34.3815461)
8122201504,2511,convenience,7-Eleven,POINT (-118.4243529 34.4266503)
8148531449,2505,department_store,Target,POINT (-117.248475 32.7456028)
8157221942,2511,convenience,7-Eleven,POINT (-117.345993 34.4264423)
8162704911,2511,convenience,7-Eleven,POINT (-115.5434123 32.9781693)
8223722221,2511,convenience,ampm,POINT (-117.2254723 34.0488091)
8229031554,2501,supermarket,Robert's Market,POINT (-118.9316768 35.3418772)
8263122221,2501,supermarket,Cardenas,POINT (-117.652523 34.0395808)
8268330781,2505,department_store,Ross,POINT (-118.3758957 34.073855)
8271899935,2511,convenience,7-Eleven,POINT (-118.4019615 34.0138504)
8279689339,2511,convenience,7-Eleven,POINT (-118.443168 34.027772)
8285344938,2501,supermarket,Gelson's,POINT (-118.4194844 34.0576934)
8290346386,2501,supermarket,Tambuli Seafood Market #1,POINT (-118.291448 34.0913194)
8294783065,2501,supermarket,Erewhon,POINT (-118.282296 34.0922375)
8295244503,2501,supermarket,Amazon Fresh,POINT (-118.555041 34.2736056)
8301071307,2511,convenience,El Camaguey,POINT (-118.412938 34.0157319)
8301099755,2511,convenience,7-Eleven,POINT (-118.4065698 34.0029845)
8301099766,2501,supermarket,Ralphs,POINT (-118.3933931 34.00228)
8301099775,2511,convenience,Mini Mart,POINT (-118.4006193 34.0113837)
8309794625,2505,department_store,TJ Maxx,POINT (-118.3292856 34.1891101)
8309794626,2505,department_store,Marshalls,POINT (-118.329621 34.1892564)
8322266865,2501,supermarket,Whole Foods Market,POINT (-118.4379298 34.0224397)
8322266870,2511,convenience,Circle K,POINT (-118.444583 34.0205401)
8328976096,2511,convenience,Shell,POINT (-118.41761 34.012266)
8328997919,2511,convenience,Quick Pick,POINT (-118.4247064 34.0082077)
8332520316,2501,supermarket,Sprouts Farmers Market,POINT (-117.3250281 33.1764097)
8347479198,2511,convenience,ampm,POINT (-118.4090049 34.0264762)
8356082496,2501,supermarket,Nijiya Market,POINT (-118.441523 34.0391052)
8356237818,2511,convenience,Shell,POINT (-117.1238827 33.5905548)
8359021434,2505,department_store,Bloomingdale's,POINT (-118.377119 34.0738493)
8365286720,2511,convenience,7-Eleven,POINT (-118.4109645 34.0115188)
8373324302,2501,supermarket,Co-opportunity Market,POINT (-118.3858088 34.0283423)
8373345466,2511,convenience,7-Eleven,POINT (-118.3747286 34.032129)
8373713195,2511,convenience,Mini Mart,POINT (-118.3780837 34.0355369)
8380079766,2511,convenience,Joe's Market,POINT (-118.384536 34.0401461)
8382278869,2016,market_place,Motor Avenue Farmers Market,POINT (-118.4113021 34.0289456)
8388434496,2511,convenience,West LA International Market,POINT (-118.4095008 34.0176378)
8395378218,2505,department_store,Burlington,POINT (-118.253562 34.0455384)
8401321328,2501,supermarket,Sprouts Farmers Market,POINT (-118.6241632 34.1894659)
8403520478,2511,convenience,7-Eleven,POINT (-118.4146891 34.004778)
8405793534,2511,convenience,7-Eleven,POINT (-118.0729134 34.0987802)
8406712242,2016,market_place,Olvera Street Mexican Marketplace,POINT (-118.2378858 34.0575542)
8416416072,2511,convenience,India Food Mart,POINT (-118.3991594 34.023481)
8419770478,2511,convenience,,POINT (-117.214173 34.5268247)
8419806018,2505,department_store,Ross,POINT (-117.2158147 34.5269536)
8423626428,2511,convenience,Rocket,POINT (-118.4382423 34.010501)
8423626442,2511,convenience,Olimpia Store,POINT (-118.41992 34.0110762)
8423626443,2511,convenience,,POINT (-118.4191023 34.0112941)
8423626454,2511,convenience,A&S Market,POINT (-118.4108706 34.0168209)
8429404362,2501,supermarket,WinCo Foods,POINT (-117.2749736 33.9340344)
8429627211,2501,supermarket,Tri-County Produce,POINT (-119.6737289 34.4185219)
8429741866,2501,supermarket,Mesa Produce,POINT (-119.7249451 34.4025192)
8430422174,2511,convenience,Shell Food Mart,POINT (-118.3997699 34.0165999)
8435936213,2511,convenience,7-Eleven,POINT (-118.3858397 34.0491121)
8439467185,2511,convenience,Sony Pictures Studio Commissary,POINT (-118.4007078 34.0175554)
8441556950,2511,convenience,Jordan Market,POINT (-118.441232 34.0543927)
8446689373,2501,supermarket,Pauma Valley Trading Center,POINT (-116.977328 33.3030745)
8447205740,2511,convenience,Mill Store/ General Store,POINT (-118.339179 34.1471245)
8447273229,2501,supermarket,Whole Foods Market,POINT (-118.3372797 34.1541437)
8459928446,2501,supermarket,Cookbook,POINT (-118.19369 34.1093518)
8462604274,2511,convenience,Sixth Market,POINT (-117.2421988 32.8800954)
8462756086,2511,convenience,Supermercado Brazil,POINT (-118.4094393 34.0168216)
8493180398,2501,supermarket,Vintage Grocers,POINT (-118.8425605 34.031185)
8530963675,2501,supermarket,Montecito Village Grocery,POINT (-119.6337171 34.4382103)
8539360824,2511,convenience,Circle K,POINT (-119.193988 34.2204106)
8539553118,2511,convenience,City Mini Mart,POINT (-119.194135 34.2079741)
8540531746,2511,convenience,7-Eleven,POINT (-117.418062 34.1071758)
8542666000,2501,supermarket,Whole Foods Market,POINT (-118.4673608 34.0535107)
8543216422,2511,convenience,Power Market,POINT (-118.412458 34.0023847)
8547936009,2505,department_store,TJ Maxx,POINT (-118.3944317 33.9971691)
8553644027,2505,department_store,Kohl's,POINT (-117.0348308 32.5924335)
8554818381,2511,convenience,Culver Market,POINT (-118.401744 34.0144403)
8596747660,2016,market_place,Beverly Mart,POINT (-118.2961899 34.0764902)
8603241924,2501,supermarket,Superior Grocers,POINT (-118.2078307 34.0968574)
8603241990,2511,convenience,Tony's Market,POINT (-118.2104105 34.0918266)
8619128405,2511,convenience,,POINT (-118.3916911 34.0550341)
8619128412,2511,convenience,Pico Glatt,POINT (-118.3947656 34.0554469)
8621893228,2501,supermarket,ALDI,POINT (-117.0351128 32.5934661)
8624120717,2501,supermarket,Aldi,POINT (-116.4928255 33.8185477)
8624227476,2501,supermarket,ALDI,POINT (-117.0077486 32.804179)
8624308274,2501,supermarket,ALDI,POINT (-117.1039186 33.1127791)
8624327164,2501,supermarket,ALDI,POINT (-117.2819851 33.2079607)
8634288831,2511,convenience,,POINT (-118.4488597 34.0302892)
8639265344,2511,convenience,7-Eleven,POINT (-117.4620102 33.9580813)
8641802316,2501,supermarket,Northgate Market,POINT (-118.4147462 33.9938289)
8644574603,2501,supermarket,Smart & Final,POINT (-117.0635731 32.7624754)
8645862069,2528,greengrocer,Cornercopia Fresh Market,POINT (-120.628023 35.2270633)
8663612432,2501,supermarket,ALDI,POINT (-117.7234237 33.609552)
8664606974,2501,supermarket,ALDI,POINT (-120.601681 35.1194119)
8664721462,2501,supermarket,ALDI,POINT (-119.1596809 34.2177387)
8664736327,2501,supermarket,ALDI,POINT (-119.1961757 34.1962436)
8665273305,2501,supermarket,Aldi,POINT (-117.5638668 34.1079371)
8665304988,2501,supermarket,Aldi,POINT (-117.5632998 33.8902294)
8665531848,2501,supermarket,ALDI,POINT (-118.8775568 34.1822265)
8665588554,2501,supermarket,Aldi,POINT (-118.7186124 34.2801249)
8666156067,2501,supermarket,ALDI,POINT (-118.5567066 34.234101)
8666189562,2501,supermarket,ALDI,POINT (-118.3213364 34.1800597)
8666189563,2501,supermarket,Aldi,POINT (-118.1310397 34.1842684)
8666230023,2501,supermarket,Aldi,POINT (-118.1454488 34.0923778)
8670162997,2501,supermarket,ALDI,POINT (-118.3035951 33.8895903)
8670188635,2501,supermarket,ALDI,POINT (-118.1262463 33.8878637)
8670192407,2501,supermarket,ALDI,POINT (-117.960027 33.7900384)
8670199748,2501,supermarket,ALDI,POINT (-117.8868253 33.7089145)
8670210074,2501,supermarket,ALDI,POINT (-118.0988644 33.9822157)
8670221297,2501,supermarket,ALDI,POINT (-117.837351 34.0269858)
8678959036,2511,convenience,Circle K,POINT (-117.453247 34.1062)
8682332357,2511,convenience,7-Eleven,POINT (-117.4396699 34.0988658)
8707394250,2511,convenience,Mobil Mart,POINT (-118.444199 34.0481434)
8717072886,2501,supermarket,Northgate Market,POINT (-118.0206364 34.0750888)
8733064558,2505,department_store,TJ Maxx,POINT (-117.0458187 32.5435477)
8737595485,2511,convenience,7-Eleven,POINT (-118.3955954 33.9932411)
8756227828,2511,convenience,Mar Vista Ranch Market,POINT (-118.4340876 34.0028734)
8756463347,2501,supermarket,Super King Markets,POINT (-118.1591498 34.1846903)
8773474135,2505,department_store,Target,POINT (-118.3789883 34.0442796)
8773474136,2501,supermarket,Smart & Final,POINT (-118.3790634 34.0439907)
8773474171,2511,convenience,Mobil Mart,POINT (-118.377612 34.0379465)
8773474183,2511,convenience,Venice Market,POINT (-118.3820692 34.0331888)
8774126117,2501,supermarket,Ani Grocery,POINT (-118.28635 34.1680952)
8787416517,2501,supermarket,Sipan market & deli,POINT (-118.2617376 34.1541466)
8787416617,2501,supermarket,Golden Market,POINT (-118.256736 34.1635125)
8787927816,2511,convenience,7-Eleven,POINT (-117.5982854 33.8783786)
8821986353,2511,convenience,Jerry's Market,POINT (-118.3893974 34.0249932)
8825811292,2501,supermarket,Grocery Outlet,POINT (-117.154996 32.7118342)
8828568447,2511,convenience,7-Eleven,POINT (-118.3456333 34.0575322)
8828568455,2511,convenience,7-Eleven,POINT (-118.3550746 34.053671)
8828568465,2505,department_store,Target,POINT (-118.3442739 34.0656852)
8828568471,2501,supermarket,Ralphs,POINT (-118.3443375 34.0937334)
8828709200,2511,convenience,Temescal Camp Store,POINT (-118.5286016 34.0538701)
8830476564,2511,convenience,Super Sun Market,POINT (-118.4349346 34.0478102)
8840288105,2501,supermarket,Smart & Final,POINT (-118.1875792 34.111276)
8846897795,2511,convenience,Speedway,POINT (-118.9694666 35.0606684)
8851569554,2511,convenience,Circle K,POINT (-116.9102696 32.7275085)
8855361600,2501,supermarket,Trader Joe's,POINT (-118.480462 34.0333612)
8858698715,2501,supermarket,North Park Produce,POINT (-116.95664 32.781012)
8873711079,2501,supermarket,Jimbo's,POINT (-117.2337859 32.9499006)
8878286926,2511,convenience,Gas Depot,POINT (-116.9360453 32.799873)
8882819034,2501,supermarket,Mother's Nutritional Center,POINT (-117.4350432 34.076822)
8884016492,2501,supermarket,Tino's Italian Grocery,POINT (-119.7046102 34.4192258)
8891227501,2511,convenience,7-Eleven,POINT (-118.462961 34.0398042)
8899424422,2016,market_place,Kobey's Swap Meet,POINT (-117.2137644 32.7568766)
8899424502,2016,market_place,Santee Swapmeet,POINT (-116.9582061 32.8474475)
8902948828,2501,supermarket,Trader Joe's,POINT (-118.3302815 33.7906764)
8910115203,2501,supermarket,Stater Bros.,POINT (-117.9803601 33.7580704)
8910125598,2501,supermarket,Whole Foods Market,POINT (-117.9907645 33.7311006)
8934061538,2501,supermarket,Smart & Final Extra!,POINT (-118.2137411 33.9342491)
8942396519,2511,convenience,Westside Liquor and Jr. Market,POINT (-118.4427317 34.0485458)
8947033580,2511,convenience,ampm,POINT (-118.3735809 34.0324314)
8963373599,2501,supermarket,Smart & Final,POINT (-117.3335698 34.4699226)
8989022303,2511,convenience,ExtraMile,POINT (-117.434878 34.0486918)
8991454468,2511,convenience,El Rancho Grande Market Y Panaderia,POINT (-118.2110085 34.6596555)
8994258716,2501,supermarket,Sprouts Farmers Market,POINT (-118.3440412 34.0487876)
8994322889,2505,department_store,Target,POINT (-118.3438419 34.0494687)
8996984917,2528,greengrocer,Ormonde farmstand,POINT (-120.594696 35.1649095)
9008836947,2511,convenience,Food Mart,POINT (-118.399629 34.0593573)
9016094016,2511,convenience,ExtraMile,POINT (-117.3971602 34.1060489)
9025648317,2501,supermarket,Northgate market,POINT (-117.9518749 34.0345294)
9027190584,2511,convenience,ampm,POINT (-119.656812 35.6149517)
9027190588,2511,convenience,Love's,POINT (-119.6589525 35.6169923)
9036498533,2501,supermarket,Grocery Outlet,POINT (-118.373604 33.8734876)
9036519543,2501,supermarket,Seiwa,POINT (-118.3530023 33.8299907)
9036728925,2501,supermarket,Erewhon,POINT (-118.3822515 33.9014289)
9046292250,2511,convenience,La Chiquita,POINT (-118.447615 34.0308617)
9046292278,2501,supermarket,Marukai,POINT (-118.4512175 34.0292445)
9049035728,2505,department_store,Saks Off 5th,POINT (-118.376178 34.0743044)
9054926287,2016,market_place,Saet Byul Asian Market,POINT (-117.4478911 33.9201214)
9061302975,2511,convenience,,POINT (-118.3917726 33.7792646)
9061305856,2505,department_store,TJ Maxx,POINT (-118.3770679 33.7746488)
9061321039,2511,convenience,7-Eleven,POINT (-118.3911338 33.7794455)
9081212731,2511,convenience,7-Eleven,POINT (-118.3933383 33.8730253)
9102745693,2511,convenience,7-Eleven,POINT (-118.3628394 33.8488201)
9102747645,2511,convenience,7-Eleven,POINT (-118.3540656 33.8482788)
9102888767,2511,convenience,La Paloma Market,POINT (-118.3643078 34.04253)
9103698466,2505,department_store,Burlington,POINT (-118.349293 33.8287007)
9106961506,2501,supermarket,,POINT (-118.3288994 33.7909206)
9106961513,2501,supermarket,Smart & Final,POINT (-118.3343217 33.794091)
9108580935,2505,department_store,Macy's,POINT (-117.6334175 34.1329339)
9122446013,2511,convenience,Camp Wilson MCX,POINT (-116.1467759 34.3007432)
9123377628,2505,department_store,Burlington,POINT (-118.352489 33.8514444)
9127714082,2501,supermarket,Albertsons,POINT (-119.4662827 35.1462715)
9130489297,2016,market_place,Culver City Farmers' Market,POINT (-118.3943995 34.0246277)
9140940250,2505,department_store,Burlington,POINT (-118.0561324 34.1256459)
9150005517,2505,department_store,Kohl's,POINT (-117.594741 33.6400059)
9153475513,2511,convenience,Circle K,POINT (-117.6420352 34.107496)
9153537203,2501,supermarket,GK Market & Liquor,POINT (-117.6287774 34.1058507)
9156805945,2511,convenience,Asia Foods,POINT (-118.401926 34.0210889)
9159812619,2511,convenience,7-Eleven,POINT (-117.994327 33.8317256)
9159812620,2505,department_store,Kohl's,POINT (-117.990557 33.8478355)
9159813717,2511,convenience,7-Eleven,POINT (-118.00169 33.8169616)
9159829917,2511,convenience,7-Eleven,POINT (-117.9679054 33.8180587)
9159829918,2501,supermarket,Food 4 Less,POINT (-117.994681 33.8016723)
9161232044,2511,convenience,Expo Mart,POINT (-118.4529545 34.032148)
9161232045,2511,convenience,Chevron,POINT (-118.453212 34.0327737)
9161255418,2501,supermarket,Guadalajara,POINT (-117.9915239 33.8169476)
9161255618,2501,supermarket,Stater Bros.,POINT (-118.001775 33.8601894)
9161255621,2505,department_store,dd's Discounts,POINT (-117.974524 33.815985)
9161255622,2501,supermarket,ABC Market,POINT (-117.9745456 33.816633)
9166228431,2528,greengrocer,India Bazaar,POINT (-117.6635403 34.1076602)
9166250316,2528,greengrocer,H Foodmart,POINT (-117.6658104 34.1079762)
9166414215,2511,convenience,Shop & Go Market,POINT (-117.6697778 34.1016469)
9166423725,2511,convenience,A2Z,POINT (-117.6697089 34.1004354)
9166423916,2511,convenience,76,POINT (-117.6814595 34.1075606)
9168752867,2511,convenience,76,POINT (-118.2182254 34.6523904)
9168763398,2501,supermarket,Smart & Final,POINT (-118.220231 34.6297005)
9175586356,2511,convenience,,POINT (-118.1766293 35.0632806)
9176912210,2511,convenience,Sorrento Italian Market,POINT (-118.3951016 33.9928135)
9177257898,2511,convenience,Speedway,POINT (-115.3801713 32.6855532)
9178077189,2511,convenience,,POINT (-115.3748057 32.8112775)
9178086819,2501,supermarket,California Super Market,POINT (-115.4994795 32.6712905)
9178086832,2511,convenience,7-Eleven,POINT (-115.4982296 32.6760206)
9178086842,2511,convenience,Speedway,POINT (-115.4982553 32.6750997)
9178111449,2511,convenience,Speedway,POINT (-115.5701834 32.7811157)
9178121122,2511,convenience,Speedway,POINT (-117.1235262 32.748175)
9178150638,2511,convenience,Circle K,POINT (-116.2696517 33.7068023)
9178150673,2511,convenience,G&M,POINT (-116.2770411 33.706876)
9178150675,2511,convenience,Speedway,POINT (-116.2780152 33.7079849)
9178187559,2511,convenience,Speedway,POINT (-117.5815905 33.8839699)
9178200808,2511,convenience,Speedway,POINT (-117.4643759 33.9148429)
9178312663,2511,convenience,Speedway,POINT (-117.390349 33.9532117)
9178417830,2511,convenience,Speedway,POINT (-117.5111292 34.1207104)
9178424755,2511,convenience,Speedway,POINT (-117.5762194 34.0850723)
9178444038,2501,supermarket,Albertsons,POINT (-117.9661918 33.9385624)
9178444074,2511,convenience,Speedway,POINT (-117.9671064 33.9394119)
9178459300,2511,convenience,Speedway,POINT (-117.9530362 34.0792775)
9178468563,2511,convenience,Speedway,POINT (-117.9641204 34.0607426)
9178479124,2511,convenience,Speedway,POINT (-118.0900233 33.9926324)
9178493447,2511,convenience,Speedway,POINT (-118.4727008 34.416198)
9178505449,2511,convenience,Speedway,POINT (-120.4533794 34.9530037)
9178510936,2511,convenience,Speedway,POINT (-118.1479565 34.5868266)
9178512206,2511,convenience,Speedway,POINT (-118.884385 34.818613)
9178522173,2511,convenience,Speedway,POINT (-120.457253 34.6537945)
9178526527,2511,convenience,Speedway,POINT (-118.5541078 34.2287079)
9178554434,2511,convenience,Speedway,POINT (-119.0512767 34.219691)
9178725741,2511,convenience,Speedway,POINT (-118.9132 35.3512226)
9178946481,2505,department_store,Burlington,POINT (-118.173407 34.6955386)
9187875681,2510,general,Descanso Trading Post,POINT (-116.6128259 32.8411555)
9187961082,2510,general,Mathews Live Oak Market,POINT (-116.3351722 32.6881254)
9188055480,2501,supermarket,El So Market,POINT (-115.5309785 32.9784958)
9189022011,2501,supermarket,Saray Butcher Shop,POINT (-116.9348455 32.7956508)
9196973519,2501,supermarket,The Whole Wheatery,POINT (-118.1471395 34.6877903)
9198640947,2511,convenience,Beethoven Market & Liquor,POINT (-118.4463538 34.0061755)
9198640952,2511,convenience,Mario's Brothers,POINT (-118.4413139 33.999527)
9201465510,2511,convenience,The Local Bottle Shop,POINT (-117.0628669 32.9605121)
9203987286,2505,department_store,Ross,POINT (-116.9312561 32.7454926)
9206555315,2501,supermarket,Paradise Valley Produce & Grocery Market,POINT (-117.0177352 32.6972688)
9212776083,2511,convenience,,POINT (-118.2378642 34.0584832)
9215079093,2511,convenience,7-Eleven,POINT (-117.1609054 32.7126956)
9215079109,2511,convenience,The Emergency Room,POINT (-117.1612225 32.7109242)
9215198612,2511,convenience,Ciné Café,POINT (-117.1607095 32.7084636)
9215210421,2511,convenience,7-Eleven,POINT (-117.1599672 32.7107254)
9215210449,2511,convenience,7-Eleven,POINT (-117.1545824 32.7080539)
9218004114,2501,supermarket,Amazon Fresh,POINT (-117.9227227 33.8612833)
9262036293,2505,department_store,Ross,POINT (-117.2873719 34.4720702)
9265061804,2511,convenience,ampm,POINT (-118.3250616 33.8043156)
9269297056,2511,convenience,Stevies Snack Shop,POINT (-117.3099064 34.1042465)
9291373845,2501,supermarket,Stater Bros.,POINT (-118.095865 34.6884109)
9294605860,2501,supermarket,Arya International Market,POINT (-118.350904 33.8040036)
9301788729,2505,department_store,Ross,POINT (-118.1547332 34.6740228)
9313092856,2511,convenience,Tochal Market,POINT (-118.4412803 34.0550033)
9313114374,2501,supermarket,Bristol Farms,POINT (-118.3857336 33.9006568)
9313487590,2511,convenience,Party House Liquor,POINT (-118.4227282 34.1501971)
9320063374,2511,convenience,Torrance Fuel Food Mart,POINT (-118.3275813 33.8011626)
9322650118,2505,department_store,Marshalls,POINT (-117.258085 32.9933701)
9328044909,2016,market_place,Al's Market 7,POINT (-117.9263588 33.8725389)
9328044914,2501,supermarket,The British Grocer,POINT (-117.924898 33.8725566)
9330257480,2501,supermarket,Commercial Nutrition Mexicana,POINT (-117.8693109 33.7447872)
9330952043,2501,supermarket,Ralphs,POINT (-118.3404345 33.7893758)
9333206728,2511,convenience,Ultra Fuel,POINT (-117.0629522 32.9514782)
9335661842,2501,supermarket,North Park Produce,POINT (-117.0646315 32.9526981)
9341603464,2511,convenience,,POINT (-117.1186907 34.028759)
9341603466,2511,convenience,ampm,POINT (-117.1197815 34.0283366)
9344853097,2505,department_store,Burlington,POINT (-118.013213 34.1390202)
9347651883,2511,convenience,Chevron,POINT (-117.4939707 33.9044784)
9347673211,2511,convenience,7-Eleven,POINT (-117.4763574 33.9028939)
9349561501,2511,convenience,7-Eleven,POINT (-118.2962985 34.0911836)
9349561504,2511,convenience,Day & Nite Mini Market,POINT (-118.3007351 34.0912799)
9349561505,2511,convenience,J & J Grocery & Liquor,POINT (-118.3006417 34.0906805)
9349813215,2511,convenience,YS Water Ice & Supplies,POINT (-118.3019056 34.0909434)
9349958321,2528,greengrocer,Sasoun Produce,POINT (-118.3011329 34.0907)
9350087846,2511,convenience,Villalobos Market,POINT (-118.3047536 34.09065)
9350130981,2528,greengrocer,Artsakh Fresh Produce,POINT (-118.3059932 34.0911732)
9350170179,2511,convenience,Fountain Mini Market,POINT (-118.2957941 34.0953068)
9357379970,2511,convenience,7-Eleven,POINT (-118.3488474 34.1850869)
9362485300,2501,supermarket,Smart & Final,POINT (-117.550839 33.8502416)
9363220361,2501,supermarket,Erewhon,POINT (-118.475323 34.0374653)
9376924640,2501,supermarket,Albertsons,POINT (-118.554133 34.2094554)
9380713491,2511,convenience,ampm,POINT (-117.792252 34.0618224)
9387023480,2511,convenience,Court of Sciences Store,POINT (-118.442214 34.0683789)
9395981609,2501,supermarket,El Super,POINT (-118.0979276 33.9683393)
9395987207,2501,supermarket,Super A Foods,POINT (-118.150767 33.9641048)
9395987208,2511,convenience,7-Eleven,POINT (-118.1572795 33.966841)
9396005984,2511,convenience,7-Eleven,POINT (-118.0970623 33.9692677)
9396027159,2505,department_store,Ross,POINT (-118.1632567 33.9673674)
9396027160,2505,department_store,Marshalls,POINT (-118.1632937 33.9669586)
9396038183,2511,convenience,Shell,POINT (-118.1049926 33.9870211)
9396044988,2505,department_store,Ross,POINT (-118.1009688 33.983395)
9396059350,2501,supermarket,Seagull Asia Foods,POINT (-117.9046219 33.9896082)
9408869021,2501,supermarket,Rolando's Market,POINT (-117.0166022 32.7134368)
9408869066,2505,department_store,Target,POINT (-117.0110749 32.7133902)
9408869067,2505,department_store,dd's Discounts,POINT (-117.0110862 32.7140986)
9408869084,2501,supermarket,G & M Market,POINT (-117.0072678 32.7142466)
9411654723,2505,department_store,Kohl's,POINT (-117.5598567 34.075909)
9412007915,2505,department_store,dd's Discounts,POINT (-118.1564216 33.9674701)
9421872390,2511,convenience,7-Eleven,POINT (-118.5750076 34.200646)
9423000837,2511,convenience,La Poblanita,POINT (-118.4674409 34.2288569)
9423000840,2501,supermarket,Sola's African Market,POINT (-118.4674411 34.2289157)
9426502677,2501,supermarket,Sprouts Farmers Market,POINT (-117.0583989 33.0034502)
9432371381,2501,supermarket,O.C. Kosher Market,POINT (-117.8246967 33.7383674)
9438754002,2511,convenience,7-Eleven,POINT (-115.4964671 32.6659659)
9440508238,2501,supermarket,Sprouts Farmers Market,POINT (-117.9553815 33.6732962)
9441132334,2511,convenience,Pilot Travel Center,POINT (-116.9528916 32.5684593)
9443729767,2511,convenience,Noil Mart,POINT (-116.9875884 32.5676318)
9453724563,2511,convenience,ampm,POINT (-118.4130312 34.007843)
9460868082,2501,supermarket,Albertsons,POINT (-117.6955185 33.9614979)
9466966018,2501,supermarket,Food 4 Less,POINT (-118.212444 33.9285468)
9467078120,2511,convenience,7-Eleven,POINT (-118.18718 33.9208501)
9467081251,2511,convenience,7-Eleven,POINT (-118.181904 33.9342753)
9476992571,2511,convenience,Oxxo,POINT (-116.973361 32.5463531)
9477493877,2511,convenience,Circle K,POINT (-118.2084532 33.9303229)
9478455096,2501,supermarket,El Super,POINT (-118.1832521 33.9337423)
9482245372,2511,convenience,Oxxo,POINT (-115.4950958 32.664047)
9482785573,2505,department_store,Target,POINT (-118.4587796 34.0423466)
9485187846,2511,convenience,,POINT (-117.1540992 32.7163383)
9503792526,2511,convenience,Stars & Stripes Mart,POINT (-117.2304919 32.721626)
9518750253,2511,convenience,A-Mart,POINT (-117.199488 32.7551789)
9522672733,2501,supermarket,ALDI,POINT (-118.262593 33.8458207)
9522672734,2505,department_store,Ross,POINT (-118.2628691 33.8456171)
9522704368,2505,department_store,Burlington,POINT (-118.2626571 33.8453106)
9525315854,2511,convenience,Vicky's Market,POINT (-118.3629972 34.0323467)
9525315856,2511,convenience,Oaxaqueño Imports,POINT (-118.3628403 34.0323412)
9525330617,2528,greengrocer,The Green Store,POINT (-118.403652 33.8691744)
9525513804,2510,general,Perkins Store,POINT (-116.615664 32.8534509)
9530330876,2511,convenience,Warner Springs Gas Mart,POINT (-116.6346755 33.2832051)
9535628302,2511,convenience,Esmeralda's Mini Market,POINT (-118.389451 34.035052)
9548482783,2511,convenience,Desert Marketplace,POINT (-116.5068545 33.8231787)
9548482785,2511,convenience,Desert Mart,POINT (-116.5064815 33.8230474)
9552906647,2501,supermarket,Hannam Chain,POINT (-118.3545488 33.8358428)
9556571173,2511,convenience,7-Eleven,POINT (-117.1004428 32.7497759)
9559498241,2501,supermarket,La Surtidora Cash & Carry,POINT (-117.417 34.069887)
9559516389,2511,convenience,Santa Monica Kosher Market,POINT (-118.4524924 34.0449601)
9559516415,2016,market_place,West LA Farmers Market,POINT (-118.4505626 34.0455828)
9571829824,2511,convenience,,POINT (-118.9138149 35.375842)
9576863039,2505,department_store,Target,POINT (-118.4926475 34.0156118)
9583647442,2511,convenience,,POINT (-118.3931893 33.8636562)
9592363257,2511,convenience,7-Eleven,POINT (-118.3757458 33.8391735)
9642423588,2501,supermarket,B&H Foods,POINT (-118.2340058 34.0362138)
9646803676,2501,supermarket,Superior Grocers,POINT (-118.3096485 33.9577257)
9650255816,2501,supermarket,Numero Uno 113,POINT (-118.2738004 33.7996104)
9650425025,2501,supermarket,Northgate Gonzalez Market,POINT (-118.2667024 33.7920813)
9652698529,2505,department_store,Big Lots,POINT (-118.3257932 33.9604636)
9658410708,2501,supermarket,Galleria Market,POINT (-118.308509 34.0523166)
9661959286,2511,convenience,Zot-N-Go,POINT (-117.8427363 33.648433)
9664659846,2511,convenience,7-Eleven,POINT (-118.0294495 33.9021266)
9678761471,2511,convenience,,POINT (-118.3927695 33.8620791)
9681558324,2511,convenience,ampm,POINT (-117.8417414 33.9045014)
9683975582,2501,supermarket,Western Kosher Pico,POINT (-118.3414885 34.0484078)
9688568553,2511,convenience,7-Eleven,POINT (-118.0714022 33.8061541)
9704416134,2501,supermarket,,POINT (-117.7058685 34.0555938)
9704831036,2505,department_store,Saks Off 5th,POINT (-119.068217 34.2141049)
9709613949,2511,convenience,AA Mini Mart,POINT (-118.3670636 33.9766937)
9709766582,2501,supermarket,John's Produce,POINT (-117.969206 33.7439604)
9720041292,2511,convenience,7-Eleven,POINT (-117.7656036 33.6693018)
9736077947,2016,market_place,Quality Market,POINT (-117.9116609 33.8280054)
9740416919,2511,convenience,,POINT (-119.5177821 34.3980682)
9740416921,2528,greengrocer,Pacific Health Foods,POINT (-119.5186369 34.3985092)
9742056232,2511,convenience,7-Eleven,POINT (-117.9936842 33.7808957)
9752899193,2511,convenience,Bánh Mút Khô Bò,POINT (-117.9532305 33.7614237)
9760170478,2501,supermarket,Amazon Fresh,POINT (-117.0609687 32.9812944)
9762729172,2501,supermarket,Ralphs,POINT (-118.127147 33.9360482)
9769550082,2511,convenience,7-Eleven,POINT (-118.0830718 33.8951884)
9780261199,2505,department_store,Marshalls,POINT (-117.3920431 33.9556911)
9796010628,2511,convenience,ampm,POINT (-119.159356 34.1737593)
9807121995,2528,greengrocer,Top Taste Fruits,POINT (-117.9582637 33.7591964)
9809231393,2501,supermarket,El Super,POINT (-118.251688 33.9825405)
9809940578,2511,convenience,,POINT (-118.421654 33.9632859)
9809940581,2511,convenience,76,POINT (-118.4212134 33.962677)
9811907138,2501,supermarket,Sav-on,POINT (-118.794586 34.2617659)
9836402439,2505,department_store,Burlington,POINT (-117.8260228 34.1080938)
9836402440,2505,department_store,TJ Maxx,POINT (-117.8248321 34.1080757)
9836402445,2501,supermarket,Smart & Final Extra!,POINT (-117.8274176 34.1081453)
9836710198,2511,convenience,7-Eleven,POINT (-117.1177943 32.755454)
9842727884,2501,supermarket,Olive Oil and Beyond,POINT (-117.889651 33.606232)
9847038917,2501,supermarket,Billy's Egg,POINT (-117.7244639 34.0153783)
9851482471,2511,convenience,7-Eleven,POINT (-118.4831994 34.0255156)
9854325668,2511,convenience,ampm,POINT (-118.0288688 33.8240075)
9854622169,2511,convenience,76,POINT (-118.1468725 34.1279077)
9856668949,2505,department_store,Nordstrom,POINT (-118.4915326 34.0478978)
9860993569,2511,convenience,Circle K,POINT (-117.1003107 32.9368987)
9865465678,2511,convenience,Shell,POINT (-117.4179159 34.1063633)
9890843348,2511,convenience,7-Eleven,POINT (-118.3314312 34.0402344)
9892963089,2505,department_store,Ross,POINT (-117.3718733 34.072052)
9892963090,2505,department_store,dd's Discounts,POINT (-117.3716071 34.0717039)
9892963187,2510,general,Two Brothers Smoke Shop,POINT (-117.369653 34.0724372)
9894287396,2501,supermarket,Sprouts Farmers Market,POINT (-118.1251822 34.0953907)
9894287397,2505,department_store,Burlington,POINT (-118.1253846 34.0952964)
9898778429,2511,convenience,Amart,POINT (-117.1535184 32.7055841)
9902167239,2511,convenience,ExtraMile,POINT (-117.802589 34.0458643)
9902961324,2501,supermarket,Trader Joe's,POINT (-117.7219566 34.1073555)
9904993083,2501,supermarket,Stater Bros.,POINT (-117.7355023 34.1079945)
9906488234,2511,convenience,7-Eleven,POINT (-118.3087819 34.0403669)
9906488253,2511,convenience,7-Eleven,POINT (-118.3173488 34.0432647)
9906488274,2501,supermarket,Jay's Market,POINT (-118.3237173 34.0467048)
9906488281,2511,convenience,Mobil Mart,POINT (-118.3204447 34.053429)
9906973036,2501,supermarket,Trader Joe's,POINT (-118.4919687 34.0155924)
9906973046,2016,market_place,626 Night Market Mini,POINT (-118.4957024 34.0180401)
9906973047,2505,department_store,TJ Maxx,POINT (-118.4966894 34.0180735)
9913073797,2511,convenience,Jo’s Liquor,POINT (-118.2641149 34.0389274)
9917587403,2511,convenience,Prospect Market,POINT (-117.2740247 32.8481898)
9918010404,2511,convenience,ExtraMile,POINT (-118.3965792 33.9157788)
9918250575,2511,convenience,7-Eleven,POINT (-118.3709729 33.9628695)
9927863014,2505,department_store,Burlington,POINT (-116.9694047 32.8062296)
9936239208,2511,convenience,Shell,POINT (-117.2259127 33.8886884)
9938406839,2511,convenience,,POINT (-117.2255372 33.8451483)
9938406841,2511,convenience,,POINT (-117.2256355 33.844044)
9938478856,2511,convenience,7-Eleven,POINT (-117.2857046 33.9175368)
9938478857,2511,convenience,,POINT (-117.2847242 33.9176243)
9941548060,2501,supermarket,Whole Foods Market,POINT (-117.8738232 33.6165755)
9949416941,2510,general,Mattress Outlet.LA,POINT (-118.3093977 34.0735688)
9950534770,2511,convenience,Circle K,POINT (-117.2430131 33.902324)
9967053654,2501,supermarket,Grocery Outlet,POINT (-117.9954056 33.9184754)
9976015505,2505,department_store,On,POINT (-117.875121 33.6156687)
9982332930,2501,supermarket,Smart & Final,POINT (-118.3497045 34.0628263)
9982894301,2511,convenience,La Favorita Market,POINT (-119.2787174 35.493013)
9998875410,2501,supermarket,Whole Foods Market,POINT (-118.3726066 34.0270753)
10000071447,2511,convenience,Snak Run,POINT (-118.453404 34.0445155)
10002715214,2501,supermarket,Sri Lankan Delight,POINT (-118.5478452 34.1721337)
10012619933,2511,convenience,Shell Shop,POINT (-118.1988547 34.4924565)
10015208957,2511,convenience,Shell Shop,POINT (-118.1738146 35.054517)
10016778038,2511,convenience,El Cortez Gourmet Mart,POINT (-117.1577351 32.720009)
10019790100,2511,convenience,Food Mart,POINT (-117.6889477 35.5942313)
10026175698,2501,supermarket,Trader Joe's,POINT (-118.3956215 34.1820159)
10028517391,2501,supermarket,El Marlin Seafood Store,POINT (-118.0990797 33.9541208)
10032550300,2501,supermarket,Superior Grocers,POINT (-118.3546055 34.0227025)
10032550302,2501,supermarket,Ralphs,POINT (-118.3547348 34.0204448)
10035520954,2511,convenience,7-Eleven,POINT (-118.2596216 34.049041)
10038300652,2505,department_store,Ross,POINT (-117.4517902 33.9442706)
10038300663,2501,supermarket,Stater Bros.,POINT (-117.4517715 33.9447205)
10048544480,2501,supermarket,SF Supermarket,POINT (-117.8854873 34.0114724)
10048881656,2501,supermarket,Grocery Outlet,POINT (-118.5315493 34.3846897)
10059092867,2511,convenience,Rocket,POINT (-118.470861 34.0254596)
10059092894,2501,supermarket,Whole Foods Market,POINT (-118.4655909 34.0221947)
10067829153,2511,convenience,Stop n Shop Liquor Market,POINT (-117.4731301 33.9169035)
10078071598,2511,convenience,7-Eleven,POINT (-118.4600156 34.0496918)
10090476535,2501,supermarket,Old Poway Market,POINT (-117.0358568 32.9686351)
10099038976,2501,supermarket,La Hacienda Market,POINT (-119.2774005 35.5030678)
10102037817,2501,supermarket,Thuan Phat,POINT (-117.9888866 33.7377606)
10112421792,2511,convenience,Jacksons,POINT (-117.1954817 33.5536597)
10120011709,2016,market_place,San Miguel Market,POINT (-120.8330788 35.3140326)
10120011712,2528,greengrocer,Cherry Blossom Asian Market,POINT (-120.8340222 35.3115803)
10124701049,2016,market_place,Santa Monica Airport Antique Market,POINT (-118.4453134 34.0177747)
10131002319,2501,supermarket,Trader Joe's,POINT (-118.3490124 34.0905575)
10140375239,2511,convenience,7 Vegan Market,POINT (-117.922712 33.7883945)
10146483417,2501,supermarket,Վարթաշեն Նպարատուն,POINT (-118.4143209 34.2007767)
10153770368,2511,convenience,Cheers Beers Market,POINT (-118.2040667 34.0922141)
10159050756,2511,convenience,7-Eleven,POINT (-117.3163472 34.1687751)
10159050786,2511,convenience,Express Market,POINT (-117.2895192 34.1756596)
10160100017,2505,department_store,MTB NoHo Storage,POINT (-118.3953323 34.2020361)
10164930451,2511,convenience,7-Eleven,POINT (-117.1657383 33.1230839)
10170519453,2016,market_place,India Sweets and Spices,POINT (-117.4413867 33.9230152)
10170524179,2016,market_place,Tienda Tzuluma,POINT (-117.4400509 33.9237585)
10174642528,2501,supermarket,Lilac Foods,POINT (-117.052162 33.2359752)
10175598307,2511,convenience,Pio Pico Country Store,POINT (-116.8547903 32.6520009)
10181219315,2016,market_place,Brentwood Farmers Market,POINT (-118.4755331 34.0506705)
10202225164,2511,convenience,,POINT (-117.1152364 34.029865)
10205291659,2511,convenience,Market Grand Avenue,POINT (-120.6561123 35.2992114)
10205352044,2016,market_place,Village Market,POINT (-120.659242 35.3073361)
10221953989,2511,convenience,7-Eleven,POINT (-117.829405 33.8987988)
10222002523,2511,convenience,,POINT (-117.9039851 33.8352765)
10226810205,2016,market_place,Super Seafood Market,POINT (-117.4844741 33.9143905)
10235754325,2511,convenience,7-Eleven,POINT (-117.374422 34.106317)
10236014074,2511,convenience,Andy's Mart,POINT (-117.3794917 34.1061976)
10236770746,2505,department_store,Ross,POINT (-119.1017748 35.3854445)
10236770751,2501,supermarket,Smart & Final Extra!,POINT (-119.1119803 35.3855515)
10248287426,2501,supermarket,Food 4 Less,POINT (-118.2055794 34.0409993)
10252352731,2505,department_store,dd's Discounts,POINT (-116.231723 33.7154798)
10253635890,2511,convenience,,POINT (-118.8504035 34.1775021)
10257892620,2511,convenience,OP Market,POINT (-118.461657 34.0156939)
10263014399,2511,convenience,Santa Ysabel,POINT (-116.6899787 33.1773332)
10263014400,2511,convenience,Stage Stop Mercantile,POINT (-116.8619088 33.045488)
10263321564,2511,convenience,Circle K,POINT (-116.8639834 33.0443141)
10266368265,2511,convenience,Alamo,POINT (-116.0962308 33.4622321)
10269035975,2511,convenience,Village Liquor & Food,POINT (-116.3766662 33.2563839)
10272263527,2511,convenience,Icy Mo’s Mini-Mart,POINT (-118.3500075 33.9672461)
10272290049,2511,convenience,Bottle Bar Mini Mart Liquor,POINT (-118.3346993 34.031332)
10272315244,2511,convenience,Smoke Mini Mart,POINT (-118.3356244 34.029626)
10276469956,2511,convenience,7-Eleven,POINT (-118.3311892 34.1014338)
10276516711,2511,convenience,7-Eleven,POINT (-118.3362555 34.1013146)
10276554622,2511,convenience,7-Eleven,POINT (-118.4652679 34.0399207)
10276554625,2501,supermarket,Smart & Final,POINT (-118.4644315 34.0397419)
10276554626,2511,convenience,Star Market,POINT (-118.4641717 34.0400083)
10276554636,2511,convenience,La Flama,POINT (-118.4617439 34.0414434)
10276554638,2511,convenience,Eden Market,POINT (-118.4614216 34.0418828)
10276568338,2505,department_store,Target,POINT (-118.3426147 34.1020908)
10276959702,2511,convenience,Circle K,POINT (-117.1128046 32.6689297)
10277265641,2511,convenience,7-Eleven,POINT (-118.3007247 33.9312157)
10278977653,2511,convenience,Pierpoint Landing,POINT (-118.1964804 33.7608657)
10279471270,2511,convenience,7-Eleven,POINT (-118.3085754 33.9378796)
10282789733,2501,supermarket,Koshco Superstore,POINT (-118.383964 34.0546256)
10285309347,2511,convenience,7-Eleven,POINT (-117.4368968 33.9079259)
10286197703,2511,convenience,7-Eleven,POINT (-118.355902 33.9684141)
10286233793,2511,convenience,Extra Mile,POINT (-118.3302737 34.1063687)
10288335930,2511,convenience,Circle K,POINT (-117.299689 33.6600848)
10293963682,2501,supermarket,Mother’s,POINT (-117.8461826 33.6721685)
10299277971,2505,department_store,Ross,POINT (-118.4651752 34.0462842)
10299277991,2511,convenience,Agora World Market,POINT (-118.4682237 34.0430766)
10301579676,2501,supermarket,Gelson's,POINT (-118.5281106 34.0477992)
10309983758,2511,convenience,7-Eleven,POINT (-118.325994 33.959787)
10309983774,2501,supermarket,Smart & Final Extra!,POINT (-118.3259721 33.9446174)
10310267623,2511,convenience,7-Eleven,POINT (-118.3274107 33.8948983)
10310267626,2501,supermarket,Superior,POINT (-118.326006 33.895143)
10315867561,2501,supermarket,Smart & Final,POINT (-118.3354674 34.0283717)
10538425309,2505,department_store,Saver's,POINT (-117.2004933 33.5553785)
10538673096,2505,department_store,dd's Discounts,POINT (-118.3530706 33.912794)
10538673100,2511,convenience,7-Eleven,POINT (-118.3531409 33.9077918)
10554135267,2501,supermarket,Jerry's Liquor Market,POINT (-118.0907033 33.8726104)
10555780262,2511,convenience,Chevron,POINT (-119.2281874 35.6747223)
10563199881,2511,convenience,Pier Market,POINT (-118.3999141 33.9425041)
10568261190,2511,convenience,Food Mart,POINT (-118.3434854 33.87165)
10586260372,2501,supermarket,American Precast Concrete Inc.,POINT (-118.0249897 34.048887)
10588517982,2528,greengrocer,Good Boy! Grocers,POINT (-117.918707 33.815411)
10592457297,2511,convenience,ExtraMile,POINT (-118.4761424 34.0155644)
10603509491,2510,general,Fontana Crystal Shop,POINT (-117.4359433 34.0982012)
10603509494,2510,general,Jess Tax Service,POINT (-117.4359391 34.0980987)
10610275827,2511,convenience,,POINT (-117.3261384 33.1800225)
10612889940,2511,convenience,ExtraMile,POINT (-118.4154352 33.9184258)
10634721883,2501,supermarket,El Super,POINT (-118.2341456 33.9755697)
10634721894,2511,convenience,7-Eleven,POINT (-118.2305054 33.9750948)
10650240932,2501,supermarket,Baron's,POINT (-117.1698404 33.6860142)
10660428961,2501,supermarket,Grocery Outlet,POINT (-116.2967096 33.6790601)
10660704007,2511,convenience,7-Eleven,POINT (-118.2151338 34.0656734)
10666809841,2511,convenience,7-Eleven,POINT (-118.2076127 34.074225)
10668281578,2511,convenience,7-Eleven,POINT (-118.2002487 34.0687876)
10687657380,2511,convenience,Red Barn Liquor & Deli #4,POINT (-119.2884608 34.4281659)
10692452247,2511,convenience,AMPM,POINT (-117.3645969 33.9954488)
10698418083,2511,convenience,7-Eleven,POINT (-118.2646217 34.1421771)
10698485775,2505,department_store,Ross,POINT (-118.2547378 34.145558)
10704108882,2501,supermarket,Super King,POINT (-118.291654 34.1671536)
10708243872,2511,convenience,Mobil Mart,POINT (-118.348134 34.1293929)
10708243884,2511,convenience,ampm,POINT (-118.3611327 34.1356679)
10718022191,2501,supermarket,Grocery Outlet,POINT (-116.0974441 34.1358638)
10732311606,2511,convenience,7-Eleven,POINT (-118.4033635 34.2325128)
10733370507,2511,convenience,7 Eleven,POINT (-118.3695794 34.2192126)
10735716054,2511,convenience,ampm,POINT (-118.3276353 33.8124756)
10738283391,2501,supermarket,Grocery Outlet,POINT (-117.1795481 33.5752544)
10742083333,2511,convenience,Shell,POINT (-117.7060798 33.6155506)
10742652236,2511,convenience,,POINT (-118.4774905 34.0365246)
10744026005,2501,supermarket,Vallarta,POINT (-118.7734285 34.2734522)
10744559655,2511,convenience,Mitchell's Market,POINT (-118.4558578 34.0008599)
10746685289,2528,greengrocer,La Fruteria,POINT (-118.2486209 34.050803)
10746685301,2528,greengrocer,Torres Produce,POINT (-118.2489161 34.0508992)
10757782967,2501,supermarket,Tula Market,POINT (-117.7032622 33.6152788)
10791161244,2501,supermarket,Pinoy Pam's Best,POINT (-117.7042051 33.6200639)
10795443540,2511,convenience,ExtraMile,POINT (-117.7010099 33.6547559)
10805887006,2511,convenience,Baby Nutritional Center,POINT (-117.7019903 33.6205473)
10809675607,2511,convenience,7 Eleven,POINT (-118.3111094 34.1871411)
10811775456,2511,convenience,7-Eleven,POINT (-117.191819 33.7434887)
10816629855,2511,convenience,Eagle Energy,POINT (-120.1907238 34.6191848)
10832463387,2511,convenience,ampm,POINT (-117.1763906 33.5991818)
10841362399,2528,greengrocer,Stop N Shop Market,POINT (-116.97046 33.9297782)
10847848919,2511,convenience,7-Eleven,POINT (-117.8302393 33.7452362)
10848062553,2505,department_store,Marshalls,POINT (-117.1561415 32.7660379)
10863788903,2528,greengrocer,Chula Vista Food Services,POINT (-117.0857248 32.5983455)
10874895505,2505,department_store,Kohl's,POINT (-117.7345775 33.8742926)
10874901791,2505,department_store,Marshalls,POINT (-117.8649944 33.8861094)
10874901792,2505,department_store,Kohl's,POINT (-117.8696217 33.887525)
10880584505,2511,convenience,Circle K,POINT (-119.2457313 34.2640158)
10881980436,2511,convenience,7-Eleven,POINT (-118.2919402 33.743516)
10891373246,2511,convenience,7-Eleven,POINT (-118.0781406 34.0165104)
10892015878,2511,convenience,,POINT (-118.4613255 34.041103)
10897885968,2511,convenience,Kwik Trip,POINT (-116.9514615 32.8025763)
10904424246,2505,department_store,The Exchange,POINT (-117.1240474 32.8927309)
10904424247,2501,supermarket,Commissary,POINT (-117.125355 32.8926447)
10905566835,2511,convenience,El Torito Market,POINT (-118.232919 33.9374185)
10913665270,2510,general,El Norteno Family Store,POINT (-117.4365788 34.0716877)
10913744617,2510,general,Water Store,POINT (-117.436463 34.0756289)
10925657805,2016,market_place,Westwood Village Farmers Market,POINT (-118.4464374 34.061758)
10929779005,2016,market_place,Rose Bowl Flea Market,POINT (-118.1666423 34.1598085)
10933353315,2501,supermarket,La Canasta Market,POINT (-119.3370115 35.5940429)
10933394753,2511,convenience,7-Eleven,POINT (-118.300606 34.0615349)
10933444905,2511,convenience,7-Eleven,POINT (-118.2974959 34.0634267)
10935426389,2501,supermarket,Tortilleria Zeamays,POINT (-119.3388376 35.5946026)
10935426392,2501,supermarket,Fiesta Latina Market,POINT (-119.3398171 35.5944602)
10935427030,2511,convenience,ampm,POINT (-119.345505 35.6019565)
10935427292,2505,department_store,Ross,POINT (-119.352004 35.6002857)
10935427296,2501,supermarket,Tropicana Supermarkets,POINT (-119.352975 35.6003123)
10938996338,2511,convenience,L & K Food Market,POINT (-118.487321 34.00579)
10939029007,2501,supermarket,Ralphs,POINT (-118.4184889 33.9581817)
10943490944,2511,convenience,Fatty Mart,POINT (-118.4314645 34.0045434)
10944810410,2505,department_store,Target,POINT (-118.2250898 34.1229569)
10957413520,2511,convenience,Cardiff Valero Market,POINT (-117.2731866 33.0268417)
10961034399,2505,department_store,Target,POINT (-118.4663628 34.2583356)
10966047859,2511,convenience,7-Eleven,POINT (-118.4593188 33.997584)
10969937225,2501,supermarket,Whole Foods Market,POINT (-118.4178973 33.9765369)
10991199157,2511,convenience,Mercado El Rey,POINT (-117.6988178 33.6200129)
10995065960,2511,convenience,La Chelita Kitchen & Market,POINT (-118.344112 33.9046208)
11009606877,2511,convenience,India Super Mart,POINT (-117.7008742 33.6217987)
11009606890,2511,convenience,Manila Food Mart,POINT (-117.7005486 33.6218151)
11013168406,2016,market_place,Lake Forest Farmer's Market,POINT (-117.6578992 33.6632806)
11018699233,2505,department_store,Ross,POINT (-119.0951173 35.3070104)
11018699238,2511,convenience,,POINT (-119.0750516 35.2957066)
11018710293,2511,convenience,,POINT (-117.1906355 33.7416783)
11018710296,2511,convenience,,POINT (-117.1852033 33.7424451)
11020560267,2016,market_place,Laguna Hills Farmer's Market,POINT (-117.7095099 33.6123916)
11030516411,2511,convenience,Dino Mart,POINT (-118.4696131 34.0190435)
11033392928,2511,convenience,Valentina Market & Carniceria,POINT (-117.701743 33.621245)
11065208380,2511,convenience,7-Eleven,POINT (-118.3442756 33.8984843)
11072181668,2528,greengrocer,Mother’s Nutritional Center,POINT (-117.9421068 33.8445219)
11074361155,2501,supermarket,Stater Bros.,POINT (-117.5769882 33.9993043)
11104910572,2505,department_store,Target,POINT (-119.1247521 35.3501747)
11110873755,2505,department_store,Kohl's,POINT (-117.054202 32.7422615)
11126428338,2511,convenience,,POINT (-118.0038785 34.1134336)
11126800450,2511,convenience,7-Eleven,POINT (-118.4480059 34.1905379)
11126800460,2511,convenience,7-Eleven,POINT (-118.4484397 34.1980976)
11128983722,2511,convenience,7-Eleven,POINT (-118.4476668 34.2468949)
11128983801,2511,convenience,7-Eleven,POINT (-118.4314941 34.258484)
11133345417,2501,supermarket,Food 4 Less,POINT (-118.4123679 34.2752459)
11137644082,2501,supermarket,Smart & Final,POINT (-118.4246409 34.2679186)
11144812568,2501,supermarket,Smart & Final,POINT (-118.2920912 34.022826)
11149427455,2511,convenience,ExtraMile,POINT (-118.4485622 34.0634437)
11152020032,2501,supermarket,Stater Bros.,POINT (-118.0512061 33.9785717)
11156503869,2501,supermarket,Ralphs,POINT (-118.0497247 33.9819999)
11156567119,2511,convenience,ampm,POINT (-118.0284403 33.8885614)
11161991899,2510,general,,POINT (-120.0225764 34.4654011)
11171341678,2501,supermarket,7 Days Food Store,POINT (-118.283859 33.7379883)
11179224671,2511,convenience,Circle K,POINT (-116.2331558 33.7433693)
11184771186,2501,supermarket,Food 4 Less,POINT (-118.0450936 33.9410683)
11184812513,2505,department_store,Ross,POINT (-118.0480578 33.9385852)
11184812514,2501,supermarket,El Super,POINT (-118.0480783 33.9391581)
11208674437,2511,convenience,Circle K,POINT (-117.0101508 32.7065124)
11211034026,2511,convenience,76,POINT (-117.978157 34.1392782)
11211046743,2511,convenience,Chevron,POINT (-117.9867596 34.1391749)
11216884241,2501,supermarket,Grocery Outlet,POINT (-118.1327188 33.939156)
11218449016,2501,supermarket,International India Bazaar,POINT (-117.8248729 33.7390653)
11233579708,2505,department_store,Target,POINT (-118.265873 34.0692971)
11238690337,2505,department_store,Marshalls,POINT (-117.037668 32.5459238)
11240081538,2505,department_store,Ross,POINT (-117.038816 32.5464136)
11241367737,2511,convenience,7-Eleven,POINT (-117.039244 32.5456114)
11244467037,2511,convenience,7-Eleven,POINT (-117.033796 32.5469518)
11246924423,2501,supermarket,rodeo's,POINT (-117.2469134 33.2007282)
11255964570,2505,department_store,TJ Maxx,POINT (-118.3754572 34.0736265)
11255964571,2505,department_store,Marshalls,POINT (-118.3758049 34.0749074)
11258652451,2511,convenience,Side Door,POINT (-117.8394567 33.6453092)
11263475937,2501,supermarket,Erewhon,POINT (-118.5251878 34.0471118)
11265131485,2505,department_store,Target,POINT (-118.39746 34.1879849)
11273337970,2511,convenience,ampm,POINT (-117.4190347 34.106038)
11280517204,2511,convenience,Mirage Gas Company,POINT (-116.3726921 33.2563383)
11291592067,2511,convenience,Pilot,POINT (-117.3955327 34.0553599)
11294388569,2501,supermarket,Erewhon,POINT (-118.401365 34.0691118)
11294801496,2501,supermarket,Grocery Outlet,POINT (-117.3493965 33.9738208)
11304378749,2501,supermarket,Attic Projects,POINT (-117.152788 32.8929395)
11328020768,2501,supermarket,Gelson's,POINT (-118.4552568 34.0328723)
11331066262,2511,convenience,,POINT (-117.1101762 32.7548178)
11333189258,2511,convenience,,POINT (-114.6225979 34.849044)
11333189259,2511,convenience,,POINT (-114.624118 34.8507915)
11336209468,2505,department_store,Target,POINT (-118.2174836 33.9903964)
11337281578,2511,convenience,7-Eleven,POINT (-118.2829247 33.9929466)
11337281600,2511,convenience,7-Eleven,POINT (-118.282474 33.9827465)
11337718314,2511,convenience,7-Eleven,POINT (-118.2829776 33.9459789)
11338737191,2501,supermarket,Kassel And Kassel Law Offices,POINT (-117.2254738 34.0689036)
11339190579,2501,supermarket,Grocery Outlet,POINT (-118.9275745 34.3944987)
11340720836,2511,convenience,Beyond Food Mart,POINT (-117.5051405 33.8081289)
11345417059,2511,convenience,re grocery,POINT (-118.442076 33.9991491)
11345417100,2016,market_place,Mar Vista Farmers' Market,POINT (-118.4309913 34.0045841)
11347922261,2501,supermarket,99 Ranch Market,POINT (-118.0498979 34.1346892)
11359589209,2501,supermarket,Food 4 Less,POINT (-118.273391 33.9938126)
11360621483,2511,convenience,Harbor Market,POINT (-119.6932114 34.4037558)
11361257944,2501,supermarket,H Mart,POINT (-118.3098276 34.0626089)
11363210569,2501,supermarket,Erewhon,POINT (-118.1325744 34.137505)
11365685820,2501,supermarket,歡迎光臨萬樂市場,POINT (-118.5363484 34.2022646)
11370247294,2511,convenience,7-Eleven,POINT (-118.2690909 33.9749682)
11370247299,2501,supermarket,El Super,POINT (-118.2686592 33.9744208)
11370359298,2511,convenience,7-Eleven,POINT (-118.264789 33.9307396)
11372779160,2511,convenience,ARCO,POINT (-117.2849585 33.9176035)
11374316388,2511,convenience,Tu Mercado,POINT (-117.1875856 32.7724919)
11378679110,2511,convenience,Rocket,POINT (-118.2537827 34.0756236)
11380696151,2501,supermarket,Advanced Emission Specialist's,POINT (-117.1870759 33.6883173)
11385037540,2501,supermarket,Superior Grocers,POINT (-118.2665076 33.9433438)
11387910923,2511,convenience,,POINT (-118.2051364 33.9632728)
11388491936,2501,supermarket,UTC Market,POINT (-117.2176231 32.8732344)
11393087769,2501,supermarket,H Mart,POINT (-117.1574004 32.8208455)
11393439030,2511,convenience,7-Eleven,POINT (-118.2559903 33.959977)
11395044569,2501,supermarket,Super King,POINT (-117.7214336 34.0800957)
11395319142,2501,supermarket,Handy Market,POINT (-118.3352506 34.1716194)
11399636835,2501,supermarket,Superior Grocers,POINT (-118.2470884 33.9733991)
11402447432,2501,supermarket,Food 4 Less,POINT (-118.2376001 33.9258238)
11404935271,2511,convenience,7-Eleven,POINT (-118.2407466 33.9887876)
11406974986,2511,convenience,7-Eleven,POINT (-118.3082946 33.9887626)
11406974993,2501,supermarket,El Super,POINT (-118.293159 33.9888385)
11406975023,2501,supermarket,Superior Grocers,POINT (-118.2898676 33.9882527)
11406975024,2505,department_store,Ross,POINT (-118.290221 33.9875411)
11418295207,2511,convenience,7-Eleven,POINT (-117.251788 33.3769925)
11427190319,2501,supermarket,Market at the Ranch,POINT (-117.0794373 32.9126577)
11439153556,2501,supermarket,Stehly Farms Market,POINT (-117.1061875 32.7634168)
11450611719,2501,supermarket,Sprouts Farmers Market,POINT (-117.9184402 33.6344767)
11468464941,2501,supermarket,Erewhon,POINT (-118.3933476 34.0248123)
11510246179,2505,department_store,Ross,POINT (-116.2922048 33.7145739)
11515504422,2501,supermarket,Smart & Final,POINT (-118.692701 34.2726593)
11515504444,2511,convenience,7-Eleven,POINT (-118.6781388 34.2713342)
11537787370,2511,convenience,Dino Mart,POINT (-118.4446074 34.0193432)
11542299492,2511,convenience,7-Eleven,POINT (-118.2522449 34.1331571)
11552120048,2511,convenience,7-Eleven,POINT (-118.2496856 34.1411614)
11557944569,2501,supermarket,Amazon Fresh,POINT (-118.3739119 34.1631651)
11559062103,2505,department_store,Ross,POINT (-117.5198354 33.8870386)
11563390170,2501,supermarket,Smart & Final Extra!,POINT (-118.2925494 34.1745125)
11573721071,2511,convenience,7-Eleven,POINT (-117.8641392 33.6640935)
11583029369,2501,supermarket,Red Top Market and Kitchen,POINT (-118.3009026 34.1796504)
11586072835,2511,convenience,ExtraMile,POINT (-118.2995255 34.1611987)
11597464173,2511,convenience,Food Mart,POINT (-117.2649714 33.6676101)
11606980677,2505,department_store,Burlington,POINT (-118.0949839 33.8673115)
11607719105,2501,supermarket,Pavilions,POINT (-117.1682136 32.749378)
11607935093,2501,supermarket,Ralphs,POINT (-117.9068694 33.6293411)
11607935094,2501,supermarket,Stater Bros.,POINT (-117.9087398 33.6506885)
11607935096,2501,supermarket,Stater Bros.,POINT (-117.9051156 33.7263885)
11607935098,2501,supermarket,Sprouts Farmers Market,POINT (-117.9611875 33.7869878)
11607935099,2501,supermarket,Stater Bros. Markets,POINT (-117.9769988 33.7880294)
11607935100,2501,supermarket,Albertsons,POINT (-118.0271603 33.8338753)
11607935101,2501,supermarket,Trader Joe's,POINT (-118.0409794 33.8041865)
11607935102,2501,supermarket,Ralphs,POINT (-118.0619768 33.818342)
11607935103,2501,supermarket,Stater Bros. Markets,POINT (-118.0813914 33.8747447)
11607935106,2501,supermarket,Albertsons,POINT (-118.122118 34.031181)
11607935107,2501,supermarket,Trader Joe's,POINT (-118.0782849 34.1536991)
11609596382,2501,supermarket,Beni Kosher Market,POINT (-118.6230237 34.178879)
11609596387,2501,supermarket,Big Market Kosher,POINT (-118.623801 34.1794658)
11609836671,2511,convenience,7-Eleven,POINT (-118.5620707 34.1722777)
11628024628,2511,convenience,Shell,POINT (-118.229884 33.9887649)
11637602219,2511,convenience,Sunshine Jr Market,POINT (-118.4665351 34.2217682)
11639313854,2501,supermarket,Grocery Outlet,POINT (-116.5020666 33.9435303)
11643156201,2501,supermarket,Seoul Asian Market,POINT (-117.1751889 33.5560139)
11646384974,2501,supermarket,Grocery Outlet,POINT (-116.5459576 33.8183935)
11649705790,2511,convenience,7-Eleven,POINT (-118.3354803 34.0974372)
11649960255,2501,supermarket,Mother's,POINT (-118.3360353 34.090935)
11651078047,2501,supermarket,ALDI,POINT (-118.4744623 34.4171056)
11651078048,2501,supermarket,Sprouts Farmers Market,POINT (-118.1546237 34.6764078)
11651078049,2501,supermarket,Stater Bros. Markets,POINT (-118.1736645 35.0680665)
11651078051,2501,supermarket,Albertsons,POINT (-118.9659554 35.3961086)
11651078053,2501,supermarket,Sprouts Farmers Market,POINT (-119.041661 35.294601)
11651078054,2501,supermarket,Albertsons,POINT (-119.0902668 35.3192809)
11651078055,2501,supermarket,Trader Joe's,POINT (-119.0933723 35.3570306)
11651078056,2501,supermarket,Sprouts Farmers Market,POINT (-119.1219319 35.3516587)
11651078057,2501,supermarket,Albertsons,POINT (-119.1463628 35.3820332)
11651078058,2501,supermarket,ALDI,POINT (-120.4268036 34.9252451)
11651078059,2501,supermarket,Sprouts Farmers Market,POINT (-119.6778499 34.4216866)
11651078060,2501,supermarket,ALDI,POINT (-119.2349949 34.2610943)
11651078061,2501,supermarket,Sprouts Farmers Market,POINT (-119.2271717 34.261493)
11651078062,2501,supermarket,Ralphs Fresh Fare,POINT (-119.0678062 34.2231224)
11651078063,2501,supermarket,Sprouts Farmers Market,POINT (-118.741427 34.278023)
11651078064,2501,supermarket,Trader Joe's,POINT (-118.5787951 34.2582554)
11651078065,2501,supermarket,Ralphs,POINT (-118.5012823 34.2566796)
11651078066,2501,supermarket,Albertsons,POINT (-118.5014299 34.2344938)
11651078067,2501,supermarket,Whole Foods Market,POINT (-118.4141396 34.1579877)
11651078068,2501,supermarket,Trader Joe's,POINT (-118.3650306 34.0977892)
11651200769,2501,supermarket,Trader Joe's,POINT (-118.3770707 34.0711651)
11651200771,2501,supermarket,Ralphs,POINT (-118.2910157 33.9248065)
11651200772,2501,supermarket,Sprouts Farmers Market,POINT (-118.187617 33.9625506)
11651200774,2501,supermarket,Albertsons,POINT (-118.0407585 33.7212827)
11651200775,2501,supermarket,Ralphs Fresh Fare,POINT (-118.0379931 33.7166377)
11651200776,2501,supermarket,Sprouts Farmers Market,POINT (-118.0076554 33.7144765)
11651200777,2501,supermarket,Sprouts Farmers Market,POINT (-117.9701078 33.7021896)
11651200778,2501,supermarket,Ralphs,POINT (-117.955767 33.6953742)
11651200779,2501,supermarket,Albertsons,POINT (-117.955891 33.693015)
11651200780,2501,supermarket,Trader Joe's,POINT (-117.954554 33.6517938)
11651200782,2501,supermarket,Albertsons,POINT (-117.8377239 33.8032063)
11651200784,2501,supermarket,Trader Joe's,POINT (-117.7923302 33.8896122)
11651200785,2501,supermarket,Ralphs,POINT (-117.8419466 33.877556)
11651200786,2501,supermarket,Ralphs,POINT (-117.8672336 33.8871996)
11651200787,2501,supermarket,Stater Bros. Markets,POINT (-117.8707367 33.9857344)
11651200790,2501,supermarket,Ralphs,POINT (-118.0072833 33.9499773)
11651200791,2501,supermarket,Sprouts Farmers Market,POINT (-117.9621206 33.9187745)
11655490512,2511,convenience,7-Eleven,POINT (-118.3304416 33.9741823)
11655490568,2511,convenience,7-Eleven,POINT (-118.2920489 33.9749539)
11655558071,2501,supermarket,El Super,POINT (-118.2907344 33.9740383)
11660997232,2505,department_store,Burlington,POINT (-117.1028367 33.4775294)
11663856407,2501,supermarket,Stater Bros. Markets,POINT (-117.8301564 34.127077)
11663856411,2501,supermarket,Stater Bros. Markets,POINT (-117.8364435 34.1074922)
11663856412,2501,supermarket,Sprouts Farmers Market,POINT (-117.874148 34.127224)
11663888082,2505,department_store,dd's Discounts,POINT (-118.3227646 33.9304487)
11663888083,2505,department_store,Burlington,POINT (-118.3278716 33.9301461)
11663888085,2501,supermarket,,POINT (-118.3256748 33.9329212)
11663888093,2501,supermarket,Trader Joe's,POINT (-118.3114689 33.7559816)
11663888094,2501,supermarket,Ralphs,POINT (-118.3076523 33.7532656)
11663888105,2501,supermarket,Smart & Final Extra!,POINT (-118.2209185 33.8946156)
11668458677,2511,convenience,Kwik Serv,POINT (-117.3821576 35.7558111)
11668458695,2511,convenience,,POINT (-117.3814223 35.7560876)
11671291501,2511,convenience,Alan's Market,POINT (-118.4637257 33.9811153)
11680802137,2511,convenience,Otto's Import Store & Delicatessen,POINT (-118.3318522 34.1688132)
11683930778,2511,convenience,ampm,POINT (-118.2298067 33.9812313)
11685193717,2501,supermarket,Smart & Final,POINT (-118.167648 34.6887779)
11685351271,2501,supermarket,Amazon Fresh,POINT (-117.1793272 33.5575843)
11688419635,2511,convenience,Dino Market,POINT (-116.4720673 32.6283901)
11688679695,2510,general,Mr. Stuff,POINT (-118.5611702 34.2288873)
11693090447,2511,convenience,7-Eleven,POINT (-118.2173417 33.9730425)
11696479637,2511,convenience,Dino Mart,POINT (-118.2867824 33.9605359)
11709362178,2511,convenience,7-Eleven,POINT (-118.3958185 33.9531872)
11709426061,2501,supermarket,El Super,POINT (-118.2544907 33.9598714)
11709456925,2511,convenience,7-Eleven,POINT (-118.2314646 33.9576492)
11710393286,2511,convenience,Rio Grande Market,POINT (-118.2375261 33.9570384)
11710393344,2511,convenience,Amigos Market,POINT (-118.24435 33.959838)
11715719680,2501,supermarket,Food 4 Less,POINT (-118.2439543 33.9446015)
11719173012,2511,convenience,Mobil Mart,POINT (-118.238996 34.020265)
11729746752,2511,convenience,La Weigand Market,POINT (-118.2295266 33.9389765)
11729746762,2511,convenience,Pink Store Market,POINT (-118.2306668 33.9314848)
11732422912,2511,convenience,7-Eleven,POINT (-119.6981324 34.4188798)
11736096994,2511,convenience,7-Eleven,POINT (-118.2788842 33.9458656)
11736097005,2511,convenience,7-Eleven,POINT (-118.2911529 33.9449838)
11737737558,2511,convenience,,POINT (-117.950721 33.9241795)
11741836620,2501,supermarket,Stater Bros.,POINT (-117.6218065 33.9570878)
11749467469,2511,convenience,ExtraMile,POINT (-118.3445818 33.9457393)
11752089169,2511,convenience,ampm,POINT (-118.3705325 33.9457826)
11754508557,2511,convenience,Ari Deli And Market,POINT (-118.2979521 34.1774193)
11757296389,2505,department_store,Ross,POINT (-118.3082122 34.1019591)
11757296435,2016,market_place,Nairi Market,POINT (-118.3003442 34.1019792)
11765630926,2511,convenience,7-Eleven,POINT (-118.7957 34.26619)
11767522355,2501,supermarket,Smart & Final,POINT (-118.76056 34.2703)
11769797704,2511,convenience,7-Eleven,POINT (-118.3766692 34.0592103)
11774379867,2505,department_store,Target,POINT (-119.0360011 35.3366157)
11774379868,2505,department_store,Macy's,POINT (-119.0318061 35.3381998)
11774421069,2505,department_store,JCPenney,POINT (-119.0314377 35.3367557)
11777479402,2511,convenience,Chevron,POINT (-118.299862 34.1740117)
11779042131,2511,convenience,Magnolia Fresh Market,POINT (-118.3095059 34.1857656)
11789393829,2511,convenience,LA Grocery,POINT (-118.2920844 34.068927)
11789400395,2511,convenience,7-Eleven,POINT (-118.2962682 34.0688385)
11795099595,2511,convenience,Mercado El Oaxaqueño,POINT (-118.2980925 34.0693499)
11795133878,2501,supermarket,Seafood City,POINT (-118.2912293 34.0718223)
11799432655,2511,convenience,K-Town Mini-Outlet,POINT (-118.2980729 34.0764325)
11799432658,2511,convenience,Mercy Mini Market,POINT (-118.2978085 34.0764321)
11806060203,2511,convenience,Wine & Liquor Market,POINT (-117.7184962 34.0825449)
11808524219,2511,convenience,Mountain View Market & Liquor,POINT (-117.6978221 34.0883546)
11809179083,2501,supermarket,Konnekted,POINT (-118.6250279 34.1896447)
11809317181,2501,supermarket,Stater Bros.,POINT (-117.5942512 33.8693734)
11809317183,2501,supermarket,Stater Bros. Markets,POINT (-116.9707775 33.8041696)
11809317184,2501,supermarket,Stater Bros. Markets,POINT (-116.9316848 33.7467912)
11809317187,2501,supermarket,Stater Bros.,POINT (-117.0053453 33.745628)
11809317188,2501,supermarket,ALDI,POINT (-117.0968201 33.482943)
11809317190,2501,supermarket,Ralphs,POINT (-117.1689336 33.6842435)
11809317191,2501,supermarket,ALDI,POINT (-117.2279697 33.8086196)
11809317192,2501,supermarket,Stater Bros. Markets,POINT (-117.2271154 33.79977)
11809317193,2501,supermarket,Stater Bros. Markets,POINT (-117.3679824 33.6868861)
11809317194,2501,supermarket,Trader Joe's,POINT (-117.6634466 33.4960297)
11809317195,2501,supermarket,Ralphs,POINT (-117.6873699 33.5538624)
11809317196,2501,supermarket,Ralphs,POINT (-117.7897901 33.6719801)
11809317198,2501,supermarket,Stater Bros.,POINT (-117.8902113 33.8495204)
11809317204,2501,supermarket,Stater Bros. Markets,POINT (-117.7532803 34.06822)
11809317205,2501,supermarket,Sprouts Farmers Market,POINT (-117.614893 34.131587)
11809317207,2501,supermarket,Albertsons,POINT (-117.5574085 34.1354126)
11809317208,2501,supermarket,Stater Bros.,POINT (-117.6097259 34.0784901)
11809317210,2501,supermarket,Stater Bros. Markets,POINT (-117.6597075 34.0642574)
11809317213,2501,supermarket,Stater Bros. Markets,POINT (-117.524859 33.974855)
11809317215,2501,supermarket,Stater Bros.,POINT (-117.5554079 33.8982862)
11809317216,2501,supermarket,Ralphs Fresh Fare,POINT (-117.3321018 33.9559109)
11809317221,2501,supermarket,Sprouts Farmers Market,POINT (-117.242605 33.941835)
11809317223,2501,supermarket,Stater Bros. Markets,POINT (-117.2621968 33.9482951)
11809317224,2501,supermarket,Stater Bros. Markets,POINT (-117.2758318 34.1221927)
11809317225,2501,supermarket,Stater Bros. Markets,POINT (-117.2541087 34.1368811)
11809317226,2501,supermarket,Stater Bros. Markets 40th Street,POINT (-117.2827669 34.163803)
11809317228,2501,supermarket,Stater Bros. Markets,POINT (-117.305638 34.1629971)
11809317229,2501,supermarket,Stater Bros. Markets,POINT (-117.3600706 34.1053989)
11809317231,2501,supermarket,Sprouts Farmers Market,POINT (-117.3722781 34.0737183)
11811079905,2511,convenience,Rocket,POINT (-118.2655727 33.9160912)
11811079906,2501,supermarket,Payless Foods,POINT (-118.2646287 33.9151817)
11812531055,2511,convenience,La Espiga De Oro Panaderia Carniceria,POINT (-117.8349953 33.8072022)
11812807727,2511,convenience,,POINT (-117.8650102 33.9184312)
11815674742,2511,convenience,7-Eleven,POINT (-118.74816 34.26119)
11815694711,2511,convenience,7-Eleven,POINT (-118.2657681 33.8674809)
11815699091,2501,supermarket,Smart & Final,POINT (-118.2548297 33.9168555)
11815699095,2511,convenience,7-Eleven,POINT (-118.2548055 33.9159587)
11815699123,2501,supermarket,Grocery Outlet,POINT (-118.255119 33.9037083)
11815699137,2501,supermarket,Food 4 Less,POINT (-118.2521388 33.901776)
11817299403,2511,convenience,7-Eleven,POINT (-118.1113389 34.1028878)
11817543640,2511,convenience,7-Eleven,POINT (-118.7832 34.27128)
11822189229,2505,department_store,Ross,POINT (-118.74253 34.28139)
11823849626,2511,convenience,7-Eleven,POINT (-118.2101059 34.0575901)
11823849646,2511,convenience,Mobil Mart,POINT (-118.2032356 34.0533087)
11826914081,2501,supermarket,Northgate Market,POINT (-118.2129453 34.040179)
11826914113,2511,convenience,Rocket,POINT (-118.2196931 34.0283646)
11827003477,2511,convenience,7-Eleven,POINT (-118.3960404 34.1796217)
11829768280,2511,convenience,ampm,POINT (-118.220221 34.0059)
11832175706,2501,supermarket,El Potrillo,POINT (-118.3043393 34.0693246)
11832175718,2501,supermarket,LA Bangla Bazar,POINT (-118.3058716 34.0691709)
11832209950,2501,supermarket,Superior Grocers,POINT (-118.2239581 33.9867)
11832209958,2511,convenience,7-Eleven,POINT (-118.224974 33.9836644)
11835156664,2501,supermarket,El Super,POINT (-118.2129472 33.9558842)
11836517405,2501,supermarket,Lassens Natural Foods & Vitamins,POINT (-118.739209 34.281629)
11836552896,2511,convenience,Han's Market,POINT (-118.2079963 33.9389889)
11839364353,2501,supermarket,Grocery Outlet,POINT (-118.7372687 34.2781052)
11840624261,2016,market_place,El Gran Chaparral,POINT (-117.6904798 34.0779593)
11840677083,2501,supermarket,DG Market,POINT (-117.6905579 34.0748407)
11843080109,2511,convenience,Wabash Market,POINT (-118.1966651 34.0497644)
11846161153,2511,convenience,Giant Variety Store,POINT (-117.652769 34.0711618)
11846341401,2511,convenience,7-Eleven,POINT (-118.1915408 34.0363073)
11848284023,2511,convenience,Circle K,POINT (-117.9536432 33.7022984)
11848628108,2511,convenience,Sakura Market,POINT (-118.2042652 34.0450933)
11849195207,2501,supermarket,Smart & Final,POINT (-118.212986 34.0407282)
11868168359,2511,convenience,7-Eleven,POINT (-118.2190756 34.0362238)
11868178678,2511,convenience,ampm,POINT (-118.2004824 34.0279535)
11868178680,2501,supermarket,Vallarta,POINT (-118.2001058 34.0277426)
11868178708,2511,convenience,7-Eleven,POINT (-118.1865714 34.0242165)
11869772103,2511,convenience,UCLA Store Market,POINT (-118.4441763 34.0704724)
11870842901,2501,supermarket,Food 4 Less,POINT (-118.1983784 34.0180895)
11873206687,2511,convenience,ampm,POINT (-118.2184608 34.0232589)
11873206702,2511,convenience,Circle K,POINT (-118.2061685 34.0185495)
11873206712,2511,convenience,Rocket,POINT (-118.1917759 34.019063)
11880553057,2511,convenience,7-Eleven,POINT (-118.76251 34.27865)
11880601737,2511,convenience,7-Eleven,POINT (-118.74453 34.27864)
11885726153,2511,convenience,7-Eleven,POINT (-118.72955 34.27098)
11885816430,2511,convenience,7-Eleven,POINT (-118.70835 34.27873)
11885853734,2511,convenience,7-Eleven,POINT (-118.718227 34.278669)
11891670121,2511,convenience,Edwards AFB Express,POINT (-117.9277587 34.9195059)
11897943555,2505,department_store,dd's Discounts,POINT (-118.4536182 34.2817559)
11899731859,2511,convenience,7-Eleven,POINT (-119.8269452 34.4361697)
11906752138,2511,convenience,,POINT (-118.0303234 34.1077528)
11916478339,2501,supermarket,GW Supermarket,POINT (-118.0771145 34.0815929)
11923895136,2511,convenience,Kern Food Mart,POINT (-118.4897832 35.5988303)
11929210573,2511,convenience,Food Mart,POINT (-116.8230135 33.9324261)
11931134501,2511,convenience,Circle K,POINT (-117.2486503 32.9813623)
11933148736,2511,convenience,Sully's,POINT (-119.1301359 35.3401363)
11937269278,2501,supermarket,Los Reyes Market,POINT (-119.0047212 35.321553)
11950666690,2511,convenience,ExtraMile,POINT (-118.4696071 34.0651636)
11956305799,2501,supermarket,Seafood City Supermarket,POINT (-118.5363212 34.4296653)
11957196504,2511,convenience,7-Eleven,POINT (-118.1404718 33.9592848)
11957668377,2510,general,Williams Sonoma,POINT (-117.2094245 32.8721676)
11963903267,2501,supermarket,Great Wall Supermarket,POINT (-118.0749348 34.1021355)
11967659066,2511,convenience,Ayah Market,POINT (-118.1931524 33.7787758)
11967660175,2511,convenience,Chestnut Market,POINT (-118.1962328 33.7764298)
11967670254,2511,convenience,,POINT (-118.1992072 33.7824118)
11967676247,2511,convenience,Shop & Roll,POINT (-118.1948295 33.772758)
11967771662,2511,convenience,99+Cents,POINT (-118.1941891 33.7774512)
11967805573,2511,convenience,Anna's,POINT (-118.1925854 33.7726357)
11967852599,2501,supermarket,Kim Long Market,POINT (-118.1884422 33.7821194)
11970770970,2511,convenience,Crystal Market,POINT (-118.2599864 34.0651082)
11970878693,2511,convenience,Echo Food Mart,POINT (-118.2505562 34.0869103)
11970887723,2511,convenience,LG Market,POINT (-118.2538502 34.0846771)
11970929865,2511,convenience,The Golden Poppy Market,POINT (-118.2280204 34.0955602)
11970966633,2501,supermarket,Lupita's Market,POINT (-118.223926 34.0917839)
11971199328,2511,convenience,H.H. 98 Cent Plus,POINT (-118.1920905 33.7787304)
11973837396,2511,convenience,Hi-lo,POINT (-118.1841178 33.7664343)
11973906580,2505,department_store,Ross,POINT (-118.1904723 33.771301)
11976513575,2511,convenience,7-Eleven,POINT (-118.0241901 34.1081045)
11977497218,2501,supermarket,Smart & Final Extra!,POINT (-118.1195748 34.0992822)
11977497222,2511,convenience,Rocket,POINT (-118.1348826 34.0791636)
11977683169,2501,supermarket,Food 4 Less,POINT (-118.1875177 33.9869321)
11977953771,2511,convenience,,POINT (-117.6130918 34.1070715)
11980210144,2511,convenience,,POINT (-118.2920312 34.0331139)
11980218970,2511,convenience,,POINT (-118.3757785 34.059166)
11980219031,2511,convenience,,POINT (-118.174248 33.9692254)
11980219035,2511,convenience,,POINT (-118.1774211 33.9696169)
11980219036,2511,convenience,,POINT (-118.1781507 33.969737)
11980259943,2511,convenience,,POINT (-118.3174485 33.7762156)
11980259953,2511,convenience,,POINT (-118.2746203 33.7901833)
11984475989,2501,supermarket,Grocery Outlet,POINT (-118.1888677 33.8040207)
11988960510,2511,convenience,7-Eleven,POINT (-118.1802474 33.7897079)
11988997175,2501,supermarket,Phnom Penh New Market,POINT (-118.1800123 33.7904279)
11988998884,2016,market_place,,POINT (-118.179995 33.7904565)
11989023351,2511,convenience,7-Eleven,POINT (-118.1774655 33.7829575)
11989048734,2511,convenience,MK Mart,POINT (-118.1826656 33.7824941)
11989072083,2511,convenience,7-Eleven,POINT (-118.1847515 33.782463)
11989079604,2501,supermarket,Smart & Final,POINT (-118.1844793 33.7832092)
11989426286,2505,department_store,TJ Maxx,POINT (-118.5260233 34.2655674)
11992741405,2511,convenience,King Market,POINT (-118.1762194 33.7718243)
11992763821,2501,supermarket,La Vista Market Carniceria,POINT (-118.1765748 33.7715962)
11992821838,2511,convenience,98¢ & Up Long Beach Discount Mart,POINT (-118.1697889 33.771592)
11992839484,2511,convenience,Bi-Way Market,POINT (-118.1800861 33.7716038)
11992857161,2511,convenience,7-Eleven,POINT (-118.1853474 33.7719917)
11992867370,2511,convenience,Long Beach Dairy & Spirits,POINT (-118.1829857 33.771867)
12003996441,2501,supermarket,Mercado Guadalajara 3,POINT (-118.709577 34.273927)
12007838434,2511,convenience,CNBC Smartshop,POINT (-118.4041105 33.9459258)
12012657186,2501,supermarket,Barons Market,POINT (-117.1024405 33.5142365)
12015383249,2501,supermarket,Ranchero Market,POINT (-118.770551 34.27125)
12021439731,2511,convenience,7-Eleven,POINT (-118.9462818 34.1762995)
12029650823,2505,department_store,Marshalls,POINT (-117.0203772 34.8872131)
12035679398,2505,department_store,Target,POINT (-118.1506525 34.0178584)
12035679427,2505,department_store,Target,POINT (-118.2793431 34.0787904)
12035679434,2505,department_store,Target,POINT (-118.3527971 33.9648659)
12035679435,2505,department_store,Target,POINT (-118.512719 34.161641)
12035679437,2505,department_store,Target,POINT (-117.916925 33.632402)
12035679440,2505,department_store,Target,POINT (-117.990423 33.686081)
12035679446,2505,department_store,Target,POINT (-117.828151 33.8874)
12036663231,2501,supermarket,Cuisinery Food Market,POINT (-117.1556159 32.8836409)
12037071910,2510,general,HYA,POINT (-118.3648575 34.0326133)
12037843269,2511,convenience,Circle K,POINT (-117.2955635 33.8375779)
12040322898,2501,supermarket,Big Saver Foods,POINT (-118.2101316 34.0735418)
12047037069,2505,department_store,Ross,POINT (-118.2909415 33.8091421)
12048711582,2501,supermarket,Grocery Outlet,POINT (-117.6694657 34.0929752)
12048716753,2501,supermarket,Sprouts Farmers Market,POINT (-117.1481345 32.9142865)
12053902056,2511,convenience,Circle K,POINT (-118.760956 34.268668)
12053996629,2511,convenience,Circle K,POINT (-118.717324 34.280809)
12060151665,2501,supermarket,Superior Grocers,POINT (-118.2516039 34.0226595)
12065367764,2511,convenience,Sully's,POINT (-119.091836 35.3569466)
12070026201,2501,supermarket,ALDI,POINT (-117.4606515 34.0131495)
12070067460,2511,convenience,Circle K,POINT (-117.4619225 34.011345)
12074384010,2511,convenience,Daiso,POINT (-117.7780433 34.1188026)
12082770030,2501,supermarket,Seafood City,POINT (-117.5626304 34.1078331)
12090694126,2511,convenience,Hub Market & Deli,POINT (-117.1593945 32.7132593)
12100196806,2511,convenience,,POINT (-116.4034134 33.8178502)
12100208434,2511,convenience,,POINT (-118.4154631 35.1271164)
12100285732,2511,convenience,,POINT (-118.0360472 34.5435125)
12101225057,2501,supermarket,Valley Fresh Market,POINT (-120.1269741 34.6001198)
12101389707,2511,convenience,Kwik Serve,POINT (-117.6783191 35.6469359)
12101445817,2511,convenience,,POINT (-117.3984996 34.4085273)
12101461461,2511,convenience,,POINT (-117.5255182 34.0151859)
12101462369,2511,convenience,,POINT (-116.5461874 33.9031)
12104400353,2511,convenience,711,POINT (-117.582165 33.9084722)
12105395409,2511,convenience,Hermit Gulch Trading Post,POINT (-118.3383679 33.3291894)
12111981067,2505,department_store,TJ Maxx,POINT (-117.9556569 33.6971496)
12117331859,2501,supermarket,Vons,POINT (-117.2161059 32.7372005)
12119301582,2511,convenience,7-Eleven,POINT (-120.6266182 35.1214293)
12133171075,2511,convenience,7-Eleven,POINT (-117.1566854 33.7218634)
12138206480,2501,supermarket,Zion Market,POINT (-117.995484 33.8828142)
12138229486,2501,supermarket,Hannam Chain Super Market,POINT (-117.9972164 33.8849277)
12149026669,2511,convenience,B&K Jr.,POINT (-118.3611179 33.8833094)
12150636329,2501,supermarket,Mitsuwa Marketplace,POINT (-118.5530614 34.2329819)
12150779140,2511,convenience,Speedway Express,POINT (-118.7094194 34.2750663)
12152632817,2501,supermarket,Vallerta Supermarket,POINT (-118.3687637 34.2006423)
12159145705,2501,supermarket,Seafood City,POINT (-118.0713127 33.874564)
12164434784,2501,supermarket,Smart & Final Extra!,POINT (-116.9037701 32.8243585)
12177278596,2501,supermarket,Santa Paula Super Store,POINT (-119.0618752 34.3535215)
12177724014,2511,convenience,ampm,POINT (-117.1223846 32.899373)
12187312270,2511,convenience,Street Corner Urban Marketplace,POINT (-117.5653301 33.8851448)
12190091308,2511,convenience,Terrible's Road House,POINT (-115.4162478 35.5417359)
12213415525,2511,convenience,Choi's Oriental Market,POINT (-119.8095419 34.4356022)
12223816979,2501,supermarket,Sprouts Farmers Market,POINT (-116.2852999 33.7095124)
12228545200,2505,department_store,Burlington,POINT (-117.4612338 33.9097407)
12229014399,2505,department_store,Big Lots,POINT (-119.2465657 35.7894115)
12230728022,2501,supermarket,Seafood City,POINT (-117.9130039 34.0317827)
12230728023,2501,supermarket,Stator Bros. Markets,POINT (-117.925045 34.0363794)
12237763185,2511,convenience,ampm,POINT (-118.2822928 33.9888351)
12239921001,2511,convenience,Starshine Market,POINT (-117.2226108 32.8358599)
12244399254,2501,supermarket,Pratunum Market,POINT (-118.4140455 34.2210364)
12249740566,2510,general,Chapines Express,POINT (-118.2973038 34.0761683)
12249749411,2511,convenience,La Latina,POINT (-118.2995802 34.0761751)
12249935111,2511,convenience,7-Eleven,POINT (-117.945699 33.7743717)
12251465136,2511,convenience,Burbank Deli & Market,POINT (-118.3174256 34.1616318)
12251469020,2511,convenience,7-Eleven,POINT (-117.9757368 33.7880654)
12251469021,2511,convenience,Filipino Store,POINT (-117.9669385 33.788323)
12251469033,2505,department_store,Marshalls,POINT (-117.9592662 33.7900468)
12251469043,2505,department_store,Ross,POINT (-117.9617211 33.7898661)
12252186751,2501,supermarket,El Super,POINT (-118.2913733 34.0560498)
12253937574,2511,convenience,Envíos de Cajas,POINT (-118.2977626 34.0473689)
12291471657,2505,department_store,dd's Discounts,POINT (-118.4468976 34.2228601)
12291471658,2505,department_store,Ross,POINT (-118.4469161 34.2232321)
12291620062,2505,department_store,Burlington,POINT (-118.5596355 34.2420136)
12293593826,2501,supermarket,BuyOutlet,POINT (-118.4191422 34.2890574)
12298320917,2505,department_store,Marshalls,POINT (-118.3722544 33.9761767)
12300203562,2505,department_store,Ross,POINT (-119.2173175 34.1770035)
12303149795,2501,supermarket,Asian Mini Mart - Menifee's Asian Market,POINT (-117.1879535 33.6882935)
12319265799,2501,supermarket,Cardenas,POINT (-117.7781613 34.0624363)
12319703175,2501,supermarket,Trader Joe's,POINT (-117.5741225 34.1378465)
12319769207,2511,convenience,,POINT (-117.5938597 34.0922736)
12335439221,2505,department_store,Hair Central Beauty Supply,POINT (-118.3671871 33.9767016)
12338878781,2501,supermarket,H Mart,POINT (-117.9764451 33.7748658)
12342326249,2505,department_store,Ross,POINT (-117.919541 33.9918662)
12363488765,2511,convenience,,POINT (-117.1034447 33.4791807)
12364517738,2501,supermarket,A Dong Supermarket,POINT (-117.96828 33.746376)
12372730065,2511,convenience,7-Eleven,POINT (-117.0927962 33.4818394)
12375149343,2511,convenience,Poly Fresh,POINT (-117.821197 34.0561667)
12375154699,2511,convenience,Pony Express,POINT (-117.822978 34.0578104)
12378484922,2505,department_store,TJ Maxx & HomeGoods,POINT (-117.8250855 33.6971858)
12383402630,2501,supermarket,ABC Supermarket,POINT (-117.972974 33.7435282)
12383582799,2511,convenience,Rocket,POINT (-117.5052763 34.0170639)
12383918348,2501,supermarket,Mother's,POINT (-117.9163163 33.6426327)
12385691158,2501,supermarket,Stater Bros.,POINT (-116.2994237 33.7625752)
12387291334,2016,market_place,,POINT (-117.1431496 33.5380865)
12401187890,2501,supermarket,Smart & Final Extra,POINT (-116.2728768 33.7086807)
12401280731,2501,supermarket,Tower Market,POINT (-116.1806357 33.6426964)
12401325325,2501,supermarket,El Super,POINT (-116.2393741 33.7080442)
12403594000,2501,supermarket,Stater Bros.,POINT (-116.2505139 33.7086097)
12409416119,2511,convenience,,POINT (-117.2254166 33.2199398)
12410425043,2511,convenience,Catalina Market,POINT (-118.2940507 33.8421807)
12410486911,2501,supermarket,Superior Grocers,POINT (-118.2983633 33.7438123)
12410495693,2501,supermarket,Smart & Final,POINT (-118.3134867 33.7240376)
12441879730,2511,convenience,Soniz,POINT (-118.0768731 33.9020147)
12442788522,2505,department_store,Ross,POINT (-117.8224075 34.1054954)
12457447634,2511,convenience,ExtraMile,POINT (-117.1748773 33.1390433)
12459846392,2501,supermarket,Grocery Outlet,POINT (-116.4165284 34.1238793)
12459846394,2505,department_store,Ross,POINT (-116.4072505 34.1267006)
12459871164,2511,convenience,Circle K,POINT (-116.5836055 34.0448702)
12461735648,2511,convenience,ExtraMile,POINT (-116.8858274 33.9257729)
12466109624,2511,convenience,Extra Mile,POINT (-120.6161717 35.1207754)
12466355353,2501,supermarket,Frazier Farms,POINT (-117.3587812 33.1937478)
12469643197,2505,department_store,TJ Maxx,POINT (-116.52019 33.7996292)
12470559838,2505,department_store,Marshalls,POINT (-120.4591458 34.6486222)
12471924112,2501,supermarket,Jensen’s Finest Foods,POINT (-116.5220373 33.7996826)
12471978411,2505,department_store,Burlington,POINT (-117.4597517 34.014392)
12474888086,2511,convenience,Arroyo Grande Liquor & Market,POINT (-120.5909386 35.1186694)
12475144578,2511,convenience,Sandlot Beach Stop,POINT (-120.6286088 35.1055759)
12484617751,2501,supermarket,Stater Bros.,POINT (-118.1120129 34.1700422)
12487171138,2511,convenience,Wisconsin Market,POINT (-117.3757997 33.1870141)
12488908613,2511,convenience,Orient Outlet,POINT (-117.6703034 35.636085)
12501669608,2505,department_store,Marshalls,POINT (-116.8843948 34.2479266)
12501669609,2501,supermarket,Grocery Outlet,POINT (-116.8843951 34.2476405)
12518058183,2511,convenience,Circle K,POINT (-117.7126614 33.9830588)
12535727488,2511,convenience,El Rancho Plaza Market,POINT (-118.4638884 34.31886)
12543978639,2501,supermarket,Iron Mountain Plumbing,POINT (-117.7525644 33.877465)
12550889618,2501,supermarket,Grandridge Market,POINT (-118.5004613 34.2726556)
12571509952,2505,department_store,Neiman Marcus Last Call,POINT (-116.818097 33.9306478)
12579526701,2511,convenience,7 Eleven,POINT (-118.2430901 34.0499457)
12579540675,2501,supermarket,Trader Joe's,POINT (-117.03531 32.9579193)
12585535106,2501,supermarket,ALDI,POINT (-116.4054858 34.1253157)
12591273357,2505,department_store,TJ Maxx,POINT (-118.396883 33.9592152)
12595794534,2511,convenience,7-Eleven,POINT (-118.2685752 34.0393889)
12596107139,2511,convenience,Havasu Landing Marina & Mini-Market,POINT (-114.4055069 34.4915877)
12602326940,2501,supermarket,Wood-Dale Meat Market,POINT (-119.1817875 35.3531067)
12609009055,2511,convenience,7-Eleven,POINT (-118.1421637 33.8818299)
12614963747,2511,convenience,Sully's,POINT (-119.1815109 35.3540625)
12615711222,2501,supermarket,Happy Camper Heating Air And Plumbing,POINT (-117.9264923 33.8855405)
12622661683,2511,convenience,76,POINT (-120.425204 34.9672611)
12628463387,2511,convenience,7-Eleven,POINT (-118.5029518 34.2361533)
12628485665,2511,convenience,7-Eleven,POINT (-118.5095325 34.1935333)
12629166793,2511,convenience,The Market,POINT (-118.4068718 33.9403628)
12631289323,2511,convenience,La Favorita,POINT (-117.2449266 33.7812767)
12634678302,2016,market_place,Spring Valley Swap Meet,POINT (-117.0076145 32.7028295)
12638222386,2501,supermarket,Ozols Law Firm | Accident & Injury Attorneys,POINT (-117.143219 32.7705011)
12644471705,2505,department_store,Ross,POINT (-118.3227646 33.9221652)
12656814673,2501,supermarket,Grocery Outlet,POINT (-117.2218513 32.7554349)
12658118874,2501,supermarket,Grocery Outlet,POINT (-117.3678604 33.2003625)
12658125155,2505,department_store,dd's Discounts,POINT (-117.3668475 33.2008043)
12658129047,2501,supermarket,El Super,POINT (-117.3673051 33.2006047)
12658362504,2501,supermarket,DNA Gates and Fences,POINT (-118.3820004 34.1719268)
12660709354,2510,general,Neighborsavor Market,POINT (-117.2567605 32.8541707)
12670181563,2501,supermarket,Grocery Outlet,POINT (-118.4729739 34.4459292)
12675337749,2505,department_store,Marshalls,POINT (-117.8673077 33.7894053)
12689367358,2511,convenience,7-Eleven,POINT (-118.3095521 33.8163528)
12705215866,2511,convenience,Countryside Market,POINT (-118.8600254 35.4070406)
12717355883,2501,supermarket,El Super,POINT (-117.9180724 33.7771191)
12724511647,2511,convenience,Fuel Up! Food Mart,POINT (-117.1573758 33.5262703)
12728230836,2501,supermarket,Apple Tree Market,POINT (-117.0649728 32.598251)
12729889101,2501,supermarket,Grocery Outlet Mira Mesa,POINT (-117.1482067 32.9112024)
12732316317,2501,supermarket,Luzon Food Mart,POINT (-118.2187765 34.1260726)
12743357771,2501,supermarket,Smart & Final extra!,POINT (-118.3358273 34.0477728)
12781980107,2505,department_store,Ross,POINT (-118.3252124 34.2604715)
12782008254,2511,convenience,Mobil Mart,POINT (-118.3182945 34.2600532)
12790946303,2511,convenience,Indo-Asian Foods,POINT (-118.4725505 34.0182569)
12791098501,2501,supermarket,al rafidan supermarket &restaurant,POINT (-116.9393259 32.8075579)
12809975744,2501,supermarket,Aldi,POINT (-117.2280536 33.8876201)
12812541167,2505,department_store,TJ Maxx,POINT (-118.0313542 33.9608696)
12813482801,2501,supermarket,dollar general,POINT (-116.6736259 33.5551973)
12815565564,2511,convenience,7-Eleven,POINT (-117.7066107 34.0328767)
12823875473,2511,convenience,Mini mart,POINT (-121.1455626 35.6143081)
12829152661,2511,convenience,7-Eleven,POINT (-118.119619 34.0914327)
12832972904,2016,market_place,Colorado River Market,POINT (-114.6191287 34.8487445)
12833920673,2511,convenience,7-Eleven,POINT (-118.3095453 33.8651425)
12844675627,2511,convenience,Tienda El Quetzal Y Pupusas To Go,POINT (-117.8123483 33.7875502)
12844830848,2511,convenience,,POINT (-117.0912603 32.6038755)
12844999199,2511,convenience,7-Eleven,POINT (-118.0692728 33.9173934)
12847728641,2511,convenience,ampm,POINT (-117.0649541 32.5950435)
12852231099,2501,supermarket,Super Al-Amin,POINT (-118.3428202 33.8650043)
12854777498,2501,supermarket,Erewhon Market,POINT (-118.3565176 34.0759295)
12858915040,2511,convenience,Rocket,POINT (-117.3241556 33.6757996)
12858915042,2511,convenience,7-Eleven,POINT (-117.3247974 33.6762557)
12864727952,2501,supermarket,Keils' Fresh Food Store,POINT (-117.0444156 32.8037064)
12869486730,2511,convenience,7-Eleven,POINT (-117.9260029 34.0868017)
12874231213,2501,supermarket,Cardenas,POINT (-117.3236458 34.4231317)
12885893407,2501,supermarket,Metro Supermarket,POINT (-117.5396168 34.1053756)
12888441106,2501,supermarket,Erewhon,POINT (-118.7071855 34.1408464)
12897021848,2501,supermarket,Vons,POINT (-119.0268654 35.3187802)
12899718681,2505,department_store,Burlington,POINT (-118.2215329 33.8976957)
12899765304,2511,convenience,Chevron,POINT (-118.2250121 33.8963129)
12906039426,2501,supermarket,Tokyo Central,POINT (-117.9065686 34.0484298)
12912909730,2501,supermarket,Shang Lee Poultry,POINT (-118.2378802 34.0602278)
12912966513,2501,supermarket,Nam-Hoa Fish Market Inc,POINT (-118.2386029 34.0604219)
12917467792,2511,convenience,7-Eleven,POINT (-117.5590453 33.8996555)
12917476239,2511,convenience,Food Mart,POINT (-118.3445191 34.0947325)
12917482415,2511,convenience,Circle K,POINT (-118.1083567 33.7950355)
12917485008,2511,convenience,Shell,POINT (-117.323781 33.88898)
12917487607,2511,convenience,Mobil Mart,POINT (-117.9707458 33.6726493)
12917498316,2511,convenience,Shell,POINT (-118.5015298 34.1943041)
12917498717,2511,convenience,7-Eleven,POINT (-116.9726385 33.8033219)
12962062851,2501,supermarket,Trader Joe's,POINT (-118.4404281 34.1573557)
12975308549,2505,department_store,TJ Maxx,POINT (-118.5640777 34.4232539)
12975587324,2501,supermarket,Sprouts Farmers Market,POINT (-118.5592853 34.4199342)
12990974435,2501,supermarket,Trader Joe's,POINT (-118.6449048 34.1558535)
13003749142,2501,supermarket,99 Ranch Market,POINT (-118.1236212 34.0977955)
13004744172,2501,supermarket,Tokyo Central,POINT (-117.9205653 33.6797531)
13005708692,2510,general,Howe Mart,POINT (-118.4426791 33.9561463)
13012210251,2511,convenience,Circle K,POINT (-117.8966454 33.6622505)
13012368805,2511,convenience,7-Eleven,POINT (-117.9071922 33.65609)
13012894630,2501,supermarket,Pioneer Cash & Carry,POINT (-117.4411089 33.9244037)
13015846829,2505,department_store,dd's Discounts,POINT (-117.0995274 32.7482784)
13016381767,2501,supermarket,Joo's Market,POINT (-117.7674662 34.0621381)
13027466338,2511,convenience,Miranda's Mini Market,POINT (-118.1818581 34.0237767)
13028361694,2501,supermarket,Sprouts Farmers Market,POINT (-117.3432165 34.4771845)
13030785815,2511,convenience,La incomparable market,POINT (-118.1811123 34.023768)
13032452435,2505,department_store,Composed Living,POINT (-118.5897511 34.1673518)
13032506558,2511,convenience,Rocket,POINT (-118.5886747 34.1668221)
13037325688,2501,supermarket,La Presa Market,POINT (-116.9997215 32.7076139)
13037766969,2511,convenience,We Got It!,POINT (-118.4003472 34.0315982)
13042285982,2511,convenience,Rocket,POINT (-118.60538 34.166423)
13042459083,2510,general,Native Spirit Lodge,POINT (-118.6187341 34.167659)
13045045008,2511,convenience,,POINT (-116.3714558 33.7643258)
13048061576,2511,convenience,Maverik,POINT (-117.3332646 34.4860847)
13049085797,2511,convenience,Maricela's Discount,POINT (-118.1811739 34.0240649)
13049136450,2501,supermarket,Silver Lakes Market,POINT (-117.3351752 34.7441984)
13050665753,2501,supermarket,Grocery Outlet,POINT (-117.9202211 33.6419535)
13051328191,2511,convenience,7-Eleven,POINT (-117.3190402 34.3838462)
13068015119,2511,convenience,7-Eleven,POINT (-118.1811537 34.0192394)
13070003097,2511,convenience,Oak Park Market + Eatery,POINT (-119.7231831 34.4291857)
13072006804,2511,convenience,Whittier Market,POINT (-118.1846807 34.0240567)
13072815001,2016,market_place,,POINT (-117.9149171 33.9958381)
13074909418,2511,convenience,ampm,POINT (-117.3381567 34.4276096)
13075448030,2511,convenience,Guera's,POINT (-118.4361303 34.2868638)
13076350673,2016,market_place,Tokyo Central,POINT (-117.782272 33.7083476)
13076782294,2501,supermarket,Target,POINT (-117.2167969 34.5276375)
13078290224,2511,convenience,Nikka Japanese Market,POINT (-119.8240103 34.4408973)
13082852654,2511,convenience,,POINT (-118.1925574 34.0251106)
13089875230,2511,convenience,Cindy's Produce & Groceries,POINT (-119.827914 34.4360825)
13093175565,2501,supermarket,Kabul Supermarket,POINT (-117.9751382 33.8026385)
13093175566,2501,supermarket,,POINT (-117.9743423 33.8018993)
13099255712,2511,convenience,7-Eleven,POINT (-119.1776102 34.2193522)
13099255785,2511,convenience,,POINT (-119.1777424 34.2258853)
13111022554,2511,convenience,,POINT (-117.0662931 34.0037185)
13111312535,2511,convenience,7-Eleven,POINT (-118.5530505 34.1936415)
13115718821,2511,convenience,,POINT (-118.0993139 33.8326633)
13121088668,2511,convenience,7-Eleven,POINT (-120.6083108 35.1206738)
13123661224,2511,convenience,,POINT (-118.4170065 33.8985807)
13145103790,2511,convenience,Market Hall,POINT (-117.1903903 32.7309719)
13158305160,2511,convenience,Chevron,POINT (-118.4403921 34.1717314)
13168473599,2511,convenience,Himalayan Bazaar,POINT (-117.0270812 32.7705349)
13171517251,2511,convenience,Univision,POINT (-117.1911049 32.7310433)
13172558330,2501,supermarket,Plaza Produce,POINT (-117.8686568 34.1364067)
13179015527,2511,convenience,Zot-To-Go,POINT (-117.8396468 33.6468952)
13179183185,2511,convenience,7 Eleven,POINT (-118.3758688 34.0908044)
13186498710,2501,supermarket,Total wireless,POINT (-115.4975532 32.694557)
13194313170,2501,supermarket,Grocery Outlet,POINT (-119.194573 34.1560259)
13228068569,2501,supermarket,Third base,POINT (-120.6233106 35.121254)
13229662580,2511,convenience,Food Mart,POINT (-118.0993485 34.1031531)
13239836600,2501,supermarket,El Brillante Market,POINT (-119.0594363 34.3539493)
13255132711,2511,convenience,ExtraMile,POINT (-117.489472 34.0696976)
13255158701,2501,supermarket,Target,POINT (-119.2517001 35.7480187)
13255158801,2511,convenience,ampm,POINT (-119.2489994 35.7475312)
13264734601,2501,supermarket,Mexican supermarket,POINT (-118.326884 34.4947459)
13266222261,2501,supermarket,Garden Fresh Farmer's Market,POINT (-117.910007 33.9962036)
13269512827,2501,supermarket,Grocery Outlet,POINT (-118.3294473 33.8372256)
13272810215,2511,convenience,AMPM,POINT (-118.3067254 33.8318538)
13286673626,2501,supermarket,Sam Santa Paula Market,POINT (-119.0819988 34.3418371)
13302013514,2511,convenience,ampm,POINT (-119.0521327 35.4128899)
13304579992,2016,market_place,Canyon Market,POINT (-117.639176 33.747339)
13307072300,2511,convenience,Duty Free,POINT (-118.4103151 33.9434257)
13307240687,2501,supermarket,Fish Delights,POINT (-117.0667531 32.9519704)
13307314566,2511,convenience,Wilshire Fairfax,POINT (-118.4151788 33.9431264)
13307513012,2511,convenience,ampm,POINT (-119.1361367 35.3829571)
13308298190,2511,convenience,Daily Needs,POINT (-118.1428789 34.1453855)
13310742400,2501,supermarket,French Florist – San Diego,POINT (-117.1635508 32.7286592)
13312472250,2511,convenience,Paloma Market,POINT (-118.2741852 34.0094068)
13312474216,2511,convenience,AS General Store,POINT (-118.2566117 33.9717195)
13314595615,2511,convenience,7-Eleven,POINT (-117.9463008 33.9315604)
13323325463,2511,convenience,Point Market,POINT (-119.7342115 34.4270619)
13323601392,2501,supermarket,Tokyo Central,POINT (-118.3047321 33.8881074)
13324824822,2511,convenience,European Deli & Market,POINT (-119.7707568 34.44027)
13324824829,2511,convenience,The Point Market,POINT (-119.8018171 34.434408)
13325233068,2511,convenience,Coffee Stop,POINT (-118.6256842 34.4957229)
13327194864,2511,convenience,ExtraMile,POINT (-117.9454712 33.9249661)
13327194867,2511,convenience,ExtraMile,POINT (-117.9326272 33.9315246)
13327197792,2511,convenience,Big 6 Mart,POINT (-117.9292422 33.9315417)
13329808437,2505,department_store,Burlington,POINT (-115.510182 32.6647067)
13333172222,2501,supermarket,Del Sol Market,POINT (-115.3760819 32.8101675)
13334627611,2501,supermarket,le Bar à Jus,POINT (-118.3752652 34.0834374)
13335196677,2511,convenience,7-Eleven,POINT (-118.3698391 34.0517246)
13335819501,2511,convenience,Circle K,POINT (-117.3645597 34.0015353)
13336761983,2501,supermarket,Establos Meat Market,POINT (-119.0349783 34.216246)
13336892718,2511,convenience,SAMCO,POINT (-119.1283518 35.3472271)
13337219513,2528,greengrocer,University Produce Food Market,POINT (-117.0878376 32.7498005)
13337373601,2501,supermarket,Siêu-Thị Viễn-Đông Supermarket,POINT (-117.0800801 32.7493777)
13337455123,2501,supermarket,H&L Supermarket,POINT (-117.09473 32.7562746)
13341595479,2511,convenience,,POINT (-118.1072281 34.1220374)
13341719299,2528,greengrocer,The Fruit Man,POINT (-117.3882133 33.9768435)
13343434307,2511,convenience,Shell,POINT (-118.1583333 33.9667791)
13344108435,2511,convenience,King's Group Smoke,POINT (-117.9226181 33.8705628)
13346603492,2511,convenience,7-Eleven,POINT (-117.9681755 33.9314846)
13347066365,2510,general,Phoenix Imports,POINT (-118.2374846 34.0657659)
13352421039,2501,supermarket,Northgate Market,POINT (-117.9602831 33.9402318)
13357104886,2505,department_store,Ross,POINT (-115.531557 32.767663)
13357104891,2505,department_store,Marshalls,POINT (-115.5315858 32.7684259)
13357105117,2505,department_store,Ross,POINT (-115.5727314 32.8133873)
13357105118,2505,department_store,dd's Discounts,POINT (-115.5727883 32.8137768)
13368488061,2501,supermarket,Trader Joe's,POINT (-117.9179381 33.6533564)
13370800132,2511,convenience,Snag Delivery,POINT (-119.8556091 34.4128103)
13370800161,2511,convenience,Isla Vista Market,POINT (-119.857324 34.4122789)
13370898833,2511,convenience,Isla Vista Food Cooperative,POINT (-119.8576731 34.4115713)
13370965931,2016,market_place,Local Market & Deli,POINT (-118.4478097 33.959604)
13372021990,2511,convenience,Euclid Ranch Market,POINT (-117.9405279 33.8156981)
13375254896,2505,department_store,Marshalls,POINT (-119.7004658 34.4209454)
13379807524,2511,convenience,Chevron,POINT (-117.8076541 34.10718)
13380422925,2511,convenience,M & M Market,POINT (-117.1425543 32.7737633)
13382472299,2501,supermarket,Smart & Final Extra!,POINT (-119.8749447 34.4309002)
13382553508,2505,department_store,Target,POINT (-119.8676107 34.428574)
13384472701,2511,convenience,ExtraMile,POINT (-118.1753078 34.8648674)
13389936341,2511,convenience,Love's,POINT (-115.6292218 33.0381885)
13389936367,2511,convenience,Food Mart,POINT (-115.6249661 33.0368727)
13390528601,2511,convenience,Foster's Donuts,POINT (-118.5356148 34.2263093)
13416306244,2501,supermarket,Vons,POINT (-118.102114 34.1476294)
13416593839,2511,convenience,Valero,POINT (-119.8214865 34.4408816)
13419370095,2511,convenience,Twin Oaks Market,POINT (-117.1564023 33.1823608)
13420480270,2505,department_store,Ross,POINT (-118.124923 34.0962869)
13425527596,2511,convenience,Rocket,POINT (-118.131906 34.1480686)
13426258655,2511,convenience,Grocery Outlet Bargain Marke,POINT (-120.83001 35.3118411)
13433505956,2501,supermarket,Food 4 Less,POINT (-118.1335647 34.1683357)
13433505970,2501,supermarket,Trader Joe's,POINT (-118.1329307 34.1400318)
13433505971,2505,department_store,Macy's,POINT (-118.1330069 34.1389988)
13433505972,2501,supermarket,Pavilions,POINT (-118.1332336 34.1365059)
13433505975,2511,convenience,Ginger Corner Market,POINT (-118.126222 34.1420927)
13433866446,2511,convenience,ExtraMile,POINT (-115.5152762 32.678688)
13434518554,2511,convenience,,POINT (-118.0278673 33.8240965)
13434518556,2511,convenience,,POINT (-118.0277539 33.8247979)
13436410884,2511,convenience,76,POINT (-118.0828769 34.1504125)
13436410889,2501,supermarket,Amazon Fresh,POINT (-118.0806066 34.1469653)
13438649764,2511,convenience,,POINT (-118.065597 34.1065105)
13438649783,2511,convenience,,POINT (-118.051621 34.1079643)
13438655304,2501,supermarket,Good Fortune Supermarket,POINT (-118.0919411 34.1019626)
13438655308,2505,department_store,,POINT (-118.1233657 34.0971851)
13438655397,2505,department_store,Target,POINT (-118.1472593 34.0914177)
13438655400,2501,supermarket,Albertsons,POINT (-118.149895 34.0864843)
13438655406,2511,convenience,ExtraMile,POINT (-118.1340213 34.0872446)
13438655409,2501,supermarket,Ralphs,POINT (-118.1352665 34.104989)
13438778384,2501,supermarket,Vons,POINT (-118.0576143 34.1250346)
13438778385,2501,supermarket,99 Ranch Market,POINT (-118.0589651 34.1240158)
13440812370,2511,convenience,Unik,POINT (-118.0307464 34.1292348)
13444487159,2505,department_store,Ross,POINT (-117.0220806 32.7908172)
13448599168,2501,supermarket,H Mart,POINT (-118.0657622 34.1316343)
13448658500,2501,supermarket,Armen,POINT (-118.1124161 34.1783281)
13451116947,2511,convenience,El Califa,POINT (-118.2734253 34.0547564)
13451579348,2505,department_store,Ross,POINT (-117.9655638 33.9187851)
13451601712,2501,supermarket,Trader Joe's,POINT (-117.9694451 33.918652)
13451601714,2505,department_store,Burlington,POINT (-117.9691443 33.9186189)
13453340702,2501,supermarket,Ralphs,POINT (-118.144849 34.0371584)
13453340792,2501,supermarket,99 Ranch Market,POINT (-118.1337153 34.0636631)
13453340797,2501,supermarket,Hong Kong Supermarket,POINT (-118.1235622 34.063385)
13453340798,2511,convenience,7-Eleven,POINT (-118.1078168 34.0621957)
13453340801,2501,supermarket,Hoa Binh,POINT (-118.0885951 34.0631839)
13456921079,2016,market_place,Riviera Village Farmers Market,POINT (-118.3861087 33.8176312)
13456939810,2016,market_place,Redondo Beach Farmers Market,POINT (-118.3896384 33.8363911)
13456944543,2016,market_place,Torrance Certified Farmers' Market,POINT (-118.3272941 33.8268327)
13457286841,2501,supermarket,Wild Fork,POINT (-118.1098691 33.7581003)
13459217531,2501,supermarket,SF Supermarket,POINT (-118.0922636 34.0788397)
13459217538,2511,convenience,7-Eleven,POINT (-118.1225796 34.0804547)
13459217569,2501,supermarket,Asia Supermarket,POINT (-118.1334117 34.0776653)
13459229601,2501,supermarket,Valley Supermarket 光華超市,POINT (-118.1108109 34.0805669)
13459229603,2501,supermarket,Grocery Outlet,POINT (-118.0722024 34.0805393)
13459305850,2505,department_store,Kohl's,POINT (-118.1533738 34.0798121)
13460693688,2511,convenience,Punjab Indian Market & Cuisine,POINT (-118.10912 34.1022052)
13462996075,2501,supermarket,Pavilions,POINT (-118.1515157 34.1115284)
13462996081,2501,supermarket,Bristol Farms,POINT (-118.149625 34.1186214)
13463307285,2511,convenience,Baby Bong Sua Market,POINT (-117.9500911 33.7589059)
13463636674,2511,convenience,7-Eleven,POINT (-118.4379294 34.2648658)
13464829768,2016,market_place,Carmel Valley Farmers' Market,POINT (-117.2247147 32.9566029)
13465022162,2501,supermarket,Superior Grocers,POINT (-118.0380993 34.077571)
13465022163,2505,department_store,Ross,POINT (-118.0386072 34.0776666)
13465441381,2511,convenience,World Express,POINT (-118.030884 34.1299257)
13466211824,2501,supermarket,Good Fortune Supermarket,POINT (-118.0191422 34.1318947)
13468464289,2505,department_store,Kohl's,POINT (-118.010332 34.1389633)
13468464300,2501,supermarket,Smart & Final Extra!,POINT (-117.9789086 34.1406929)
13469013688,2511,convenience,7-Eleven,POINT (-117.9269232 33.6085869)
13470023365,2505,department_store,Ross,POINT (-117.3070846 34.0511554)
13470023366,2505,department_store,Burlington,POINT (-117.3071023 34.0514809)
13471588007,2511,convenience,7-Eleven,POINT (-118.0900091 34.044893)
13471588012,2501,supermarket,Walmart Supercenter,POINT (-118.0854182 34.0503589)
13471588013,2511,convenience,Circle K,POINT (-118.0817319 34.0631902)
13471588017,2505,department_store,Target,POINT (-118.0703942 34.0741425)
13473951185,2511,convenience,ExtraMile,POINT (-117.2441661 34.0659855)
13473951190,2511,convenience,Shell,POINT (-117.2441476 34.0673127)
13477910130,2501,supermarket,Vallarta,POINT (-118.1520169 34.1566521)
13478064627,2511,convenience,,POINT (-118.1219434 34.1454409)
13478064629,2511,convenience,76,POINT (-118.1210846 34.1498021)
13478147790,2501,supermarket,Whole Foods Market,POINT (-118.1478219 34.1378074)
13478147793,2501,supermarket,Trader Joe's,POINT (-118.1469377 34.1351549)
13478147794,2511,convenience,Chevron,POINT (-118.1467429 34.1354678)
13478591125,2505,department_store,dd's Discounts,POINT (-117.3200174 34.4226064)
13481166624,2501,supermarket,Vons,POINT (-118.1535091 34.1367523)
13481166628,2505,department_store,Marshalls,POINT (-118.1477406 34.1308325)
13481289464,2501,supermarket,Ralphs,POINT (-118.13349 34.0652773)
13481366966,2501,supermarket,Grocery Outlet,POINT (-118.1309232 34.1851205)
13482234749,2511,convenience,Shell,POINT (-118.1469937 34.1408908)
13482801401,2501,supermarket,Sprouts Farmers Market,POINT (-118.3533533 33.9007484)
13482832288,2511,convenience,,POINT (-117.9070784 33.6634486)
13484696103,2511,convenience,Alta Dena Drive-In-Dairies,POINT (-118.1145163 34.1689263)
13501487312,2501,supermarket,Albertsons,POINT (-118.0229322 34.1076748)
13508155481,2510,general,Santa Paula Family Store,POINT (-119.0630322 34.3531737)
13511258401,2016,market_place,Tigranakert,POINT (-118.4331682 34.1871713)
13511838701,2016,market_place,Sherman Way Market Place,POINT (-118.4295863 34.2009846)
13512505332,2511,convenience,Food Mart,POINT (-119.8220547 34.4359893)
13513312422,2505,department_store,Target,POINT (-119.75065 34.4400417)
13513312506,2501,supermarket,Bristol Farms,POINT (-119.7494828 34.4384658)
13513312507,2505,department_store,Macy's,POINT (-119.7477658 34.439351)
13513354528,2511,convenience,7-Eleven,POINT (-119.7228095 34.401286)
13513354530,2511,convenience,The Point Market,POINT (-119.7234398 34.4013982)
13513466540,2501,supermarket,Pavilions,POINT (-119.6510739 34.4227056)
13513486401,2511,convenience,7-Eleven,POINT (-119.0603435 35.353795)
13518346913,2511,convenience,7-Eleven,POINT (-119.6969778 34.4107632)
13518346915,2511,convenience,Rocket,POINT (-119.6974656 34.4102124)
13518401929,2501,supermarket,Pavilions,POINT (-118.4568195 34.1527806)
13523296564,2505,department_store,Target,POINT (-118.1345024 34.146417)
13523324365,2511,convenience,Circle K Store,POINT (-119.084803 34.340743)
13524411444,2511,convenience,Family Discount,POINT (-119.8282028 34.4360974)
13524411448,2511,convenience,Oriental Market,POINT (-119.8281643 34.4357884)
13525383877,2501,supermarket,Superior Grocers,POINT (-118.0306351 34.0432456)
13525393229,2511,convenience,ampm,POINT (-117.9973334 34.0412064)
13526927280,2016,market_place,Rodeo 72,POINT (-118.0493977 33.9768919)
13527449935,2505,department_store,Macy's,POINT (-118.083825 34.0353936)
13527756653,2511,convenience,Chino's Market Inc,POINT (-119.0550151 34.3537888)
13529864340,2501,supermarket,Howie's Market,POINT (-118.0907473 34.1193598)
13529974973,2501,supermarket,Vons,POINT (-119.2701412 34.2630152)
13532617086,2511,convenience,Sinclair,POINT (-119.7202405 34.4316694)
13539881855,2511,convenience,Ranch Town,POINT (-117.8069009 34.1218681)
13545403273,2505,department_store,Macy's,POINT (-117.3317004 33.1777051)
13555975547,2511,convenience,,POINT (-118.1653941 34.6896687)
13564399246,2511,convenience,,POINT (-118.035205 34.0268143)
13564506476,2511,convenience,,POINT (-117.7438366 33.5025438)
13564510023,2511,convenience,,POINT (-118.3381109 33.9885854)
13566046677,2511,convenience,,POINT (-118.1235395 33.975675)
13566046679,2511,convenience,,POINT (-118.1228247 33.9751478)
13566048497,2511,convenience,,POINT (-118.3708607 34.1500695)
13566062790,2511,convenience,,POINT (-118.035091 34.0932117)
13566103755,2511,convenience,,POINT (-119.0472963 35.3182822)
13566115710,2511,convenience,,POINT (-117.5591572 34.1210356)
13567237600,2511,convenience,,POINT (-117.0059247 33.7804939)
13568381831,2501,supermarket,Linh's Water & General Store,POINT (-118.2939418 33.8816282)
13569258272,2511,convenience,,POINT (-119.1103792 35.2955224)
13569258282,2511,convenience,,POINT (-119.1092661 35.2968731)
13569261872,2511,convenience,,POINT (-119.0590927 35.4128633)
13569261877,2511,convenience,,POINT (-119.0585388 35.4117681)
13569272131,2511,convenience,,POINT (-118.0901662 34.0694337)
13571497721,2511,convenience,,POINT (-119.2734328 34.2676601)
13571497723,2511,convenience,,POINT (-119.2729791 34.266946)
13577666699,2511,convenience,Food Mart,POINT (-118.3605468 33.8724774)
13602848472,2511,convenience,La Chapala Market,POINT (-119.825872 34.4359682)
13608513132,2501,supermarket,Kunduz Market,POINT (-117.1433705 32.9265779)
13608518574,2501,supermarket,Azteca Mexican Market,POINT (-117.1433709 32.9270194)
13612012930,2501,supermarket,Natty Bella Bridal Couture,POINT (-117.3816738 33.1981148)
13615145106,2511,convenience,Brookside Market and Deli,POINT (-119.1008402 35.3426406)
13623504019,2501,supermarket,Grocery Outlet,POINT (-120.6037388 35.1309775)
13626215590,2511,convenience,,POINT (-116.9346184 32.821186)
13626255811,2511,convenience,,POINT (-116.9343376 32.8204918)
13629221035,2501,supermarket,Stater Bros.,POINT (-116.5003872 33.9526095)
13633805244,2511,convenience,Smoke Shop - Litg,POINT (-118.1042019 34.5792058)
13636829997,2511,convenience,The Horror Boodega,POINT (-118.3415469 34.1695235)
